ISO-10303-21;
HEADER;
FILE_DESCRIPTION (( 'STEP AP214' ),
    '1' );
FILE_NAME ('CCS_CCSTD_0805_L2.3W1.55T1.5S0.6B0.75.STEP',
    '2025-07-03T23:14:48',
    ( '' ),
    ( '' ),
    'SwSTEP 2.0',
    'SolidWorks 2021',
    '' );
FILE_SCHEMA (( 'AUTOMOTIVE_DESIGN' ));
ENDSEC;

DATA;
#1 = ORIENTED_EDGE ( 'NONE', *, *, #1661, .T. ) ;
#2 = CIRCLE ( 'NONE', #2577, 0.03223999999999999783 ) ;
#3 = CARTESIAN_POINT ( 'NONE',  ( 2.299999999999999822, 0.03223999999999999783, -0.03223999999999999783 ) ) ;
#4 = CARTESIAN_POINT ( 'NONE',  ( 0.7500000000000000000, 1.467759999999999954, -1.485519999999999952 ) ) ;
#5 = SURFACE_STYLE_FILL_AREA ( #676 ) ;
#6 = PLANE ( 'NONE',  #350 ) ;
#7 = DIRECTION ( 'NONE',  ( -1.000000000000000000, 0.000000000000000000, -0.000000000000000000 ) ) ;
#8 = SURFACE_SIDE_STYLE ('',( #3156 ) ) ;
#9 = LINE ( 'NONE', #2472, #3343 ) ;
#10 = CARTESIAN_POINT ( 'NONE',  ( 1.057513899447020567, 1.467759999999999954, -1.043649490149650694 ) ) ;
#11 = CARTESIAN_POINT ( 'NONE',  ( 2.267759999999999998, 0.03223999999999999783, -1.517759999999999998 ) ) ;
#12 = LINE ( 'NONE', #767, #3358 ) ;
#13 = DIRECTION ( 'NONE',  ( 1.000000000000000000, -0.000000000000000000, -0.000000000000000000 ) ) ;
#14 =( NAMED_UNIT ( * ) SI_UNIT ( $, .STERADIAN. ) SOLID_ANGLE_UNIT ( ) );
#15 = FILL_AREA_STYLE_COLOUR ( '', #2550 ) ;
#16 = EDGE_LOOP ( 'NONE', ( #2523, #4338, #3613, #3164 ) ) ;
#17 = SURFACE_STYLE_FILL_AREA ( #775 ) ;
#18 = ORIENTED_EDGE ( 'NONE', *, *, #3009, .F. ) ;
#19 = CARTESIAN_POINT ( 'NONE',  ( 1.582239999999999869, 1.467759999999999954, -1.517759999999999998 ) ) ;
#20 = EDGE_CURVE ( 'NONE', #4500, #3697, #4084, .T. ) ;
#21 = EDGE_LOOP ( 'NONE', ( #885, #773, #120, #2791, #3517, #4386, #3806, #3189, #1702, #1172, #1681, #4033, #2489, #4203, #3587, #3711, #2009 ) ) ;
#22 = SURFACE_SIDE_STYLE ('',( #5 ) ) ;
#23 = CARTESIAN_POINT ( 'NONE',  ( 0.7485861198805379146, 1.458317122625454321, -1.508317122625454143 ) ) ;
#24 = EDGE_CURVE ( 'NONE', #168, #2488, #759, .T. ) ;
#25 = FACE_OUTER_BOUND ( 'NONE', #4363, .T. ) ;
#26 = ADVANCED_FACE ( 'NONE', ( #552 ), #906, .F. ) ;
#27 = LINE ( 'NONE', #2581, #2544 ) ;
#28 = SURFACE_STYLE_FILL_AREA ( #1462 ) ;
#29 = LINE ( 'NONE', #4277, #1726 ) ;
#30 = PRESENTATION_LAYER_ASSIGNMENT (  '', '', ( #4094 ) ) ;
#31 = DIRECTION ( 'NONE',  ( 0.000000000000000000, 0.000000000000000000, 1.000000000000000000 ) ) ;
#32 = CARTESIAN_POINT ( 'NONE',  ( 1.242000000000003990, 1.472760000000000069, -0.4384253323412780623 ) ) ;
#33 = AXIS2_PLACEMENT_3D ( 'NONE', #1038, #1404, #4550 ) ;
#34 = PRESENTATION_LAYER_ASSIGNMENT (  '', '', ( #4524 ) ) ;
#35 = EDGE_LOOP ( 'NONE', ( #4475, #2214, #1475, #1218 ) ) ;
#36 = SURFACE_STYLE_USAGE ( .BOTH. , #3630 ) ;
#37 = AXIS2_PLACEMENT_3D ( 'NONE', #3342, #2592, #2962 ) ;
#38 = AXIS2_PLACEMENT_3D ( 'NONE', #1893, #867, #3677 ) ;
#39 = VERTEX_POINT ( 'NONE', #1987 ) ;
#40 = VERTEX_POINT ( 'NONE', #1022 ) ;
#41 = ORIENTED_EDGE ( 'NONE', *, *, #277, .F. ) ;
#42 = AXIS2_PLACEMENT_3D ( 'NONE', #1926, #202, #1245 ) ;
#43 = CARTESIAN_POINT ( 'NONE',  ( 1.582239999999999869, 1.467759999999999954, -1.550000000000000044 ) ) ;
#44 = ORIENTED_EDGE ( 'NONE', *, *, #3248, .F. ) ;
#45 = VERTEX_POINT ( 'NONE', #342 ) ;
#46 = COLOUR_RGB ( '',0.7686274509803920907, 0.7686274509803920907, 0.7686274509803920907 ) ;
#47 = PRESENTATION_STYLE_ASSIGNMENT (( #2493 ) ) ;
#48 = LINE ( 'NONE', #4054, #2989 ) ;
#49 = PRESENTATION_LAYER_ASSIGNMENT (  '', '', ( #646 ) ) ;
#50 = DIRECTION ( 'NONE',  ( 0.000000000000000000, 0.000000000000000000, 1.000000000000000000 ) ) ;
#51 = FACE_OUTER_BOUND ( 'NONE', #2092, .T. ) ;
#52 = CARTESIAN_POINT ( 'NONE',  ( 1.242000000000003990, 1.467759999999999954, -1.098092532209430150 ) ) ;
#53 = AXIS2_PLACEMENT_3D ( 'NONE', #4217, #688, #2798 ) ;
#54 = ADVANCED_FACE ( 'NONE', ( #2072 ), #1410, .F. ) ;
#55 = CARTESIAN_POINT ( 'NONE',  ( 1.014132956314515166, 1.472760000000000069, -0.9640226091935145680 ) ) ;
#56 = EDGE_CURVE ( 'NONE', #4155, #2601, #2426, .T. ) ;
#57 = STYLED_ITEM ( 'NONE', ( #2078 ), #3938 ) ;
#58 = CARTESIAN_POINT ( 'NONE',  ( 1.099889512155283189, 1.467759999999999954, -0.6416697486451697907 ) ) ;
#59 = FILL_AREA_STYLE_COLOUR ( '', #3942 ) ;
#60 = PRESENTATION_STYLE_ASSIGNMENT (( #1142 ) ) ;
#61 = STYLED_ITEM ( 'NONE', ( #1392 ), #4224 ) ;
#62 = AXIS2_PLACEMENT_3D ( 'NONE', #2295, #155, #1134 ) ;
#63 = ORIENTED_EDGE ( 'NONE', *, *, #3721, .F. ) ;
#64 = LINE ( 'NONE', #2159, #2255 ) ;
#65 = SURFACE_STYLE_FILL_AREA ( #1236 ) ;
#66 =( NAMED_UNIT ( * ) PLANE_ANGLE_UNIT ( ) SI_UNIT ( $, .RADIAN. ) );
#67 = VERTEX_POINT ( 'NONE', #3834 ) ;
#68 =( GEOMETRIC_REPRESENTATION_CONTEXT ( 3 ) GLOBAL_UNCERTAINTY_ASSIGNED_CONTEXT ( ( #2315 ) ) GLOBAL_UNIT_ASSIGNED_CONTEXT ( ( #649, #2117, #2089 ) ) REPRESENTATION_CONTEXT ( 'NONE', 'WORKASPACE' ) );
#69 = ORIENTED_EDGE ( 'NONE', *, *, #2647, .T. ) ;
#70 = FACE_OUTER_BOUND ( 'NONE', #2705, .T. ) ;
#71 = PRESENTATION_LAYER_ASSIGNMENT (  '', '', ( #4554 ) ) ;
#72 = LINE ( 'NONE', #1477, #950 ) ;
#73 = VERTEX_POINT ( 'NONE', #670 ) ;
#74 = LINE ( 'NONE', #2104, #3191 ) ;
#75 = CARTESIAN_POINT ( 'NONE',  ( 1.142014311898542189, 1.472760000000000069, -1.117072560896706479 ) ) ;
#76 = CARTESIAN_POINT ( 'NONE',  ( 0.7493022023245741181, 1.455979483112765482, -1.510654762138142981 ) ) ;
#77 = DIRECTION ( 'NONE',  ( 0.000000000000000000, 0.000000000000000000, 1.000000000000000000 ) ) ;
#78 = EDGE_CURVE ( 'NONE', #3384, #2656, #3470, .T. ) ;
#79 = ADVANCED_FACE ( 'NONE', ( #4538 ), #3311, .T. ) ;
#80 = EDGE_CURVE ( 'NONE', #2308, #2604, #1701, .T. ) ;
#81 = CARTESIAN_POINT ( 'NONE',  ( 1.550024704852633439, 0.05283099491808677939, -1.515769858641931034 ) ) ;
#82 = ORIENTED_EDGE ( 'NONE', *, *, #277, .T. ) ;
#83 = VERTEX_POINT ( 'NONE', #3039 ) ;
#84 = VERTEX_POINT ( 'NONE', #3029 ) ;
#85 = SURFACE_STYLE_FILL_AREA ( #2557 ) ;
#86 =( LENGTH_UNIT ( ) NAMED_UNIT ( * ) SI_UNIT ( .MILLI., .METRE. ) );
#87 = CARTESIAN_POINT ( 'NONE',  ( 2.267759999999999998, 1.500000000000000000, -1.517759999999999998 ) ) ;
#88 = VERTEX_POINT ( 'NONE', #3729 ) ;
#89 = DIRECTION ( 'NONE',  ( 0.000000000000000000, 0.000000000000000000, 1.000000000000000000 ) ) ;
#90 = PLANE ( 'NONE',  #2052 ) ;
#91 = DIRECTION ( 'NONE',  ( -0.9615454294334447871, 0.000000000000000000, -0.2746459304917006072 ) ) ;
#92 =( BOUNDED_CURVE ( )  B_SPLINE_CURVE ( 3, ( #2965, #3612, #2948, #1217 ),
 .UNSPECIFIED., .F., .F. ) 
 B_SPLINE_CURVE_WITH_KNOTS ( ( 4, 4 ),
 ( 1.570796326794889897, 1.868047688116097893 ),
 .UNSPECIFIED. ) 
 CURVE ( )  GEOMETRIC_REPRESENTATION_ITEM ( )  RATIONAL_B_SPLINE_CURVE ( ( 1.000000000000000000, 0.9926503465430337458, 0.9926503465430337458, 1.000000000000000000 ) ) 
 REPRESENTATION_ITEM ( '' )  );
#93 = CARTESIAN_POINT ( 'NONE',  ( 0.7500000000000000000, 0.03223999999999999783, 0.000000000000000000 ) ) ;
#94 = SURFACE_SIDE_STYLE ('',( #4255 ) ) ;
#95 = CYLINDRICAL_SURFACE ( 'NONE', #1506, 0.03223999999999999783 ) ;
#96 = STYLED_ITEM ( 'NONE', ( #2233 ), #4344 ) ;
#97 = EDGE_CURVE ( 'NONE', #980, #4005, #3395, .T. ) ;
#98 = EDGE_CURVE ( 'NONE', #599, #3666, #2115, .T. ) ;
#99 = VERTEX_POINT ( 'NONE', #4441 ) ;
#100 = COLOUR_RGB ( '',0.7686274509803920907, 0.7686274509803920907, 0.7686274509803920907 ) ;
#101 = ORIENTED_EDGE ( 'NONE', *, *, #3457, .T. ) ;
#102 = COLOUR_RGB ( '',0.7686274509803920907, 0.7686274509803920907, 0.7686274509803920907 ) ;
#103 = ORIENTED_EDGE ( 'NONE', *, *, #4000, .F. ) ;
#104 = FACE_OUTER_BOUND ( 'NONE', #600, .T. ) ;
#105 = CARTESIAN_POINT ( 'NONE',  ( 0.7500000000000000000, 1.435520000000000129, -0.06447999999999956544 ) ) ;
#106 = COLOUR_RGB ( '',0.7686274509803920907, 0.7686274509803920907, 0.7686274509803920907 ) ;
#107 = ORIENTED_EDGE ( 'NONE', *, *, #2930, .T. ) ;
#108 = CARTESIAN_POINT ( 'NONE',  ( 1.550024704852633439, 0.03423014135806867059, -0.05283099491808677245 ) ) ;
#109 = FILL_AREA_STYLE_COLOUR ( '', #100 ) ;
#110 = CARTESIAN_POINT ( 'NONE',  ( 1.039135960447848950, 1.472760000000000069, -0.7421563696426072276 ) ) ;
#111 = CYLINDRICAL_SURFACE ( 'NONE', #2638, 0.03224000000000000477 ) ;
#112 =( NAMED_UNIT ( * ) SI_UNIT ( $, .STERADIAN. ) SOLID_ANGLE_UNIT ( ) );
#113 = FACE_OUTER_BOUND ( 'NONE', #1132, .T. ) ;
#114 = LINE ( 'NONE', #2324, #4311 ) ;
#115 = DIRECTION ( 'NONE',  ( 0.000000000000000000, 1.000000000000000000, 0.000000000000000000 ) ) ;
#116 = SURFACE_STYLE_USAGE ( .BOTH. , #2301 ) ;
#117 = MECHANICAL_DESIGN_GEOMETRIC_PRESENTATION_REPRESENTATION (  '', ( #1383 ), #571 ) ;
#118 =( GEOMETRIC_REPRESENTATION_CONTEXT ( 3 ) GLOBAL_UNCERTAINTY_ASSIGNED_CONTEXT ( ( #3404 ) ) GLOBAL_UNIT_ASSIGNED_CONTEXT ( ( #1033, #1707, #2781 ) ) REPRESENTATION_CONTEXT ( 'NONE', 'WORKASPACE' ) );
#119 = CARTESIAN_POINT ( 'NONE',  ( 1.118274379689098152, 1.472760000000000069, -0.3617177801565755191 ) ) ;
#120 = ORIENTED_EDGE ( 'NONE', *, *, #3513, .F. ) ;
#121 = MECHANICAL_DESIGN_GEOMETRIC_PRESENTATION_REPRESENTATION (  '', ( #3289 ), #2936 ) ;
#122 = ORIENTED_EDGE ( 'NONE', *, *, #3624, .F. ) ;
#123 = CARTESIAN_POINT ( 'NONE',  ( 1.550000000000000044, 0.03223999999999999783, 0.000000000000000000 ) ) ;
#124 = EDGE_CURVE ( 'NONE', #304, #4411, #1286, .T. ) ;
#125 = DIRECTION ( 'NONE',  ( 0.000000000000000000, 0.000000000000000000, -1.000000000000000000 ) ) ;
#126 = ADVANCED_FACE ( 'NONE', ( #2560 ), #3238, .F. ) ;
#127 = ORIENTED_EDGE ( 'NONE', *, *, #993, .F. ) ;
#128 =( NAMED_UNIT ( * ) PLANE_ANGLE_UNIT ( ) SI_UNIT ( $, .RADIAN. ) );
#129 = LINE ( 'NONE', #1560, #1749 ) ;
#130 = VERTEX_POINT ( 'NONE', #1801 ) ;
#131 = AXIS2_PLACEMENT_3D ( 'NONE', #204, #1321, #2627 ) ;
#132 = PRESENTATION_STYLE_ASSIGNMENT (( #2938 ) ) ;
#133 = LINE ( 'NONE', #2221, #4264 ) ;
#134 = VECTOR ( 'NONE', #2051, 1000.000000000000000 ) ;
#135 = DIRECTION ( 'NONE',  ( 0.9610029908221285888, 0.000000000000000000, 0.2765379750249931101 ) ) ;
#136 = CARTESIAN_POINT ( 'NONE',  ( 1.550697797675425704, 1.460654762138142937, -1.505979483112765527 ) ) ;
#137 = DIRECTION ( 'NONE',  ( 0.000000000000000000, 0.000000000000000000, 1.000000000000000000 ) ) ;
#138 =( NAMED_UNIT ( * ) PLANE_ANGLE_UNIT ( ) SI_UNIT ( $, .RADIAN. ) );
#139 = DIRECTION ( 'NONE',  ( 0.000000000000000000, 0.000000000000000000, 1.000000000000000000 ) ) ;
#140 = DIRECTION ( 'NONE',  ( 1.000000000000000000, -0.000000000000000000, 0.000000000000000000 ) ) ;
#141 = DIRECTION ( 'NONE',  ( -0.9610664548998939516, 0.000000000000000000, -0.2763173343569854667 ) ) ;
#142 = SURFACE_STYLE_USAGE ( .BOTH. , #1894 ) ;
#143 = DIRECTION ( 'NONE',  ( 0.002813301676014988168, 0.000000000000000000, -0.9999960426590095430 ) ) ;
#144 = EDGE_LOOP ( 'NONE', ( #2706, #401, #1748, #4198 ) ) ;
#145 = DIRECTION ( 'NONE',  ( -1.000000000000000000, 0.000000000000000000, 0.000000000000000000 ) ) ;
#146 = ORIENTED_EDGE ( 'NONE', *, *, #2226, .T. ) ;
#147 = ORIENTED_EDGE ( 'NONE', *, *, #1485, .T. ) ;
#148 = DIRECTION ( 'NONE',  ( 0.000000000000000000, 1.000000000000000000, 0.000000000000000000 ) ) ;
#149 = CARTESIAN_POINT ( 'NONE',  ( 1.057506278058297111, 1.467759999999999954, -0.6600178949437544018 ) ) ;
#150 = EDGE_LOOP ( 'NONE', ( #4083, #1540, #3020, #1181 ) ) ;
#151 =( NAMED_UNIT ( * ) PLANE_ANGLE_UNIT ( ) SI_UNIT ( $, .RADIAN. ) );
#152 = ORIENTED_EDGE ( 'NONE', *, *, #2817, .F. ) ;
#153 = ORIENTED_EDGE ( 'NONE', *, *, #1152, .T. ) ;
#154 = DIRECTION ( 'NONE',  ( 0.9612934544747571142, 0.000000000000000000, 0.2755265765475047313 ) ) ;
#155 = DIRECTION ( 'NONE',  ( 0.000000000000000000, 0.000000000000000000, 1.000000000000000000 ) ) ;
#156 = UNCERTAINTY_MEASURE_WITH_UNIT (LENGTH_MEASURE( 1.000000000000000082E-05 ), #1811, 'distance_accuracy_value', 'NONE');
#157 =( NAMED_UNIT ( * ) SI_UNIT ( $, .STERADIAN. ) SOLID_ANGLE_UNIT ( ) );
#158 = CARTESIAN_POINT ( 'NONE',  ( 0.7500156072177827093, 1.467148181907071081, -1.492721477955652354 ) ) ;
#159 = EDGE_CURVE ( 'NONE', #4430, #1293, #3925, .T. ) ;
#160 = ADVANCED_FACE ( 'NONE', ( #2484 ), #4262, .F. ) ;
#161 =( LENGTH_UNIT ( ) NAMED_UNIT ( * ) SI_UNIT ( .MILLI., .METRE. ) );
#162 = SURFACE_STYLE_USAGE ( .BOTH. , #536 ) ;
#163 =( NAMED_UNIT ( * ) SI_UNIT ( $, .STERADIAN. ) SOLID_ANGLE_UNIT ( ) );
#164 =( LENGTH_UNIT ( ) NAMED_UNIT ( * ) SI_UNIT ( .MILLI., .METRE. ) );
#165 = DIRECTION ( 'NONE',  ( -1.000000000000000000, 0.000000000000000000, 0.000000000000000000 ) ) ;
#166 =( NAMED_UNIT ( * ) SI_UNIT ( $, .STERADIAN. ) SOLID_ANGLE_UNIT ( ) );
#167 = LINE ( 'NONE', #119, #3496 ) ;
#168 = VERTEX_POINT ( 'NONE', #774 ) ;
#169 = ORIENTED_EDGE ( 'NONE', *, *, #1049, .T. ) ;
#170 = CARTESIAN_POINT ( 'NONE',  ( 0.7499752951473666052, 0.03423014135806876079, -1.497169005081913085 ) ) ;
#171 = AXIS2_PLACEMENT_3D ( 'NONE', #4402, #3056, #2649 ) ;
#172 = ORIENTED_EDGE ( 'NONE', *, *, #4446, .T. ) ;
#173 = DIRECTION ( 'NONE',  ( -0.000000000000000000, 0.000000000000000000, -1.000000000000000000 ) ) ;
#174 = VECTOR ( 'NONE', #3905, 1000.000000000000000 ) ;
#175 = VERTEX_POINT ( 'NONE', #4 ) ;
#176 = STYLED_ITEM ( 'NONE', ( #841 ), #680 ) ;
#177 = CARTESIAN_POINT ( 'NONE',  ( 0.7500156072177827093, 0.05727852204434782241, -1.517148181907071125 ) ) ;
#178 = CARTESIAN_POINT ( 'NONE',  ( 0.7499752951473664941, 0.05283099491808656428, -0.03423014135806848324 ) ) ;
#179 = UNCERTAINTY_MEASURE_WITH_UNIT (LENGTH_MEASURE( 1.000000000000000082E-05 ), #2130, 'distance_accuracy_value', 'NONE');
#180 = VERTEX_POINT ( 'NONE', #1415 ) ;
#181 = ORIENTED_EDGE ( 'NONE', *, *, #3780, .T. ) ;
#182 = FACE_OUTER_BOUND ( 'NONE', #1613, .T. ) ;
#183 = STYLED_ITEM ( 'NONE', ( #3434 ), #2163 ) ;
#184 = CYLINDRICAL_SURFACE ( 'NONE', #3371, 0.03223999999999999783 ) ;
#185 = AXIS2_PLACEMENT_3D ( 'NONE', #965, #2782, #3046 ) ;
#186 =( NAMED_UNIT ( * ) PLANE_ANGLE_UNIT ( ) SI_UNIT ( $, .RADIAN. ) );
#187 = DIRECTION ( 'NONE',  ( -1.000000000000000000, 0.000000000000000000, 0.000000000000000000 ) ) ;
#188 = LINE ( 'NONE', #2244, #4330 ) ;
#189 = VECTOR ( 'NONE', #3851, 1000.000000000000227 ) ;
#190 = ADVANCED_FACE ( 'NONE', ( #2752 ), #4071, .F. ) ;
#191 =( LENGTH_UNIT ( ) NAMED_UNIT ( * ) SI_UNIT ( .MILLI., .METRE. ) );
#192 = EDGE_CURVE ( 'NONE', #3631, #2087, #1388, .T. ) ;
#193 = DIRECTION ( 'NONE',  ( 0.000000000000000000, -1.000000000000000000, 0.000000000000000000 ) ) ;
#194 = SURFACE_STYLE_USAGE ( .BOTH. , #3346 ) ;
#195 = DIRECTION ( 'NONE',  ( -0.9611542233438712390, 0.000000000000000000, -0.2760118818968482768 ) ) ;
#196 = VECTOR ( 'NONE', #2958, 1000.000000000000114 ) ;
#197 =( GEOMETRIC_REPRESENTATION_CONTEXT ( 3 ) GLOBAL_UNCERTAINTY_ASSIGNED_CONTEXT ( ( #617 ) ) GLOBAL_UNIT_ASSIGNED_CONTEXT ( ( #483, #186, #2687 ) ) REPRESENTATION_CONTEXT ( 'NONE', 'WORKASPACE' ) );
#198 = ORIENTED_EDGE ( 'NONE', *, *, #1332, .T. ) ;
#199 = VECTOR ( 'NONE', #2323, 1000.000000000000000 ) ;
#200 = ORIENTED_EDGE ( 'NONE', *, *, #787, .T. ) ;
#201 = MECHANICAL_DESIGN_GEOMETRIC_PRESENTATION_REPRESENTATION (  '', ( #2273 ), #872 ) ;
#202 = DIRECTION ( 'NONE',  ( 0.000000000000000000, 1.000000000000000000, 0.000000000000000000 ) ) ;
#203 = ORIENTED_EDGE ( 'NONE', *, *, #3251, .T. ) ;
#204 = CARTESIAN_POINT ( 'NONE',  ( -0.2871923135456275200, 1.467759999999999510, 0.003507179810070972133 ) ) ;
#205 = VECTOR ( 'NONE', #2867, 1000.000000000000000 ) ;
#206 =( NAMED_UNIT ( * ) SI_UNIT ( $, .STERADIAN. ) SOLID_ANGLE_UNIT ( ) );
#207 = PRESENTATION_LAYER_ASSIGNMENT (  '', '', ( #583 ) ) ;
#208 = ORIENTED_EDGE ( 'NONE', *, *, #698, .T. ) ;
#209 = ORIENTED_EDGE ( 'NONE', *, *, #4122, .F. ) ;
#210 = CARTESIAN_POINT ( 'NONE',  ( 1.058134799085710620, 1.472760000000000069, -1.344628413949363610 ) ) ;
#211 =( NAMED_UNIT ( * ) SI_UNIT ( $, .STERADIAN. ) SOLID_ANGLE_UNIT ( ) );
#212 = LINE ( 'NONE', #3701, #4543 ) ;
#213 = SURFACE_SIDE_STYLE ('',( #1307 ) ) ;
#214 = VECTOR ( 'NONE', #1771, 1000.000000000000000 ) ;
#215 = PLANE ( 'NONE',  #263 ) ;
#216 = CIRCLE ( 'NONE', #1471, 0.03224000000000000477 ) ;
#217 = DIRECTION ( 'NONE',  ( 0.000000000000000000, 0.000000000000000000, 1.000000000000000000 ) ) ;
#218 = DIRECTION ( 'NONE',  ( -0.000000000000000000, 0.000000000000000000, 1.000000000000000000 ) ) ;
#219 = AXIS2_PLACEMENT_3D ( 'NONE', #3798, #642, #2502 ) ;
#220 = EDGE_CURVE ( 'NONE', #2369, #2256, #212, .T. ) ;
#221 = EDGE_CURVE ( 'NONE', #2096, #4482, #3647, .T. ) ;
#222 = CARTESIAN_POINT ( 'NONE',  ( 1.242000000000003990, 1.467759999999999954, -0.6839081761791220293 ) ) ;
#223 = ADVANCED_FACE ( 'NONE', ( #4391 ), #2296, .F. ) ;
#224 = EDGE_CURVE ( 'NONE', #4513, #3535, #1935, .T. ) ;
#225 = ORIENTED_EDGE ( 'NONE', *, *, #2990, .T. ) ;
#226 = CARTESIAN_POINT ( 'NONE',  ( 0.7500000000000514033, 0.03223999999999713900, -1.487202461343470450 ) ) ;
#227 = EDGE_LOOP ( 'NONE', ( #1554, #992, #2293, #1899 ) ) ;
#228 = DIRECTION ( 'NONE',  ( 0.000000000000000000, -0.000000000000000000, 1.000000000000000000 ) ) ;
#229 = DIRECTION ( 'NONE',  ( 0.000000000000000000, 1.000000000000000000, 0.000000000000000000 ) ) ;
#230 = ORIENTED_EDGE ( 'NONE', *, *, #3780, .F. ) ;
#231 = ORIENTED_EDGE ( 'NONE', *, *, #3372, .F. ) ;
#232 = FACE_OUTER_BOUND ( 'NONE', #2924, .T. ) ;
#233 = ORIENTED_EDGE ( 'NONE', *, *, #3845, .T. ) ;
#234 = SURFACE_STYLE_FILL_AREA ( #2034 ) ;
#235 = DIRECTION ( 'NONE',  ( 0.000000000000000000, 0.000000000000000000, -1.000000000000000000 ) ) ;
#236 = CARTESIAN_POINT ( 'NONE',  ( 1.549999202768294282, 1.467627491154662511, -1.488890056018540076 ) ) ;
#237 = CARTESIAN_POINT ( 'NONE',  ( 1.242000000000003990, 1.472760000000000069, -0.3436703322758215551 ) ) ;
#238 = LINE ( 'NONE', #3753, #3804 ) ;
#239 = DIRECTION ( 'NONE',  ( 0.000000000000000000, 0.000000000000000000, -1.000000000000000000 ) ) ;
#240 = FILL_AREA_STYLE_COLOUR ( '', #325 ) ;
#241 = CARTESIAN_POINT ( 'NONE',  ( 1.057807669329675626, 1.467759999999999954, -1.148070826337084016 ) ) ;
#242 = CARTESIAN_POINT ( 'NONE',  ( 1.242000000000003990, 1.467759999999999954, -0.7307852580555117550 ) ) ;
#243 = CARTESIAN_POINT ( 'NONE',  ( 1.242000000000003990, 1.472760000000000069, -0.6839081761791220293 ) ) ;
#244 = FILL_AREA_STYLE ('',( #2333 ) ) ;
#245 = ORIENTED_EDGE ( 'NONE', *, *, #837, .F. ) ;
#246 = ADVANCED_FACE ( 'NONE', ( #3024 ), #111, .T. ) ;
#247 = EDGE_LOOP ( 'NONE', ( #2903, #499, #2677, #4313 ) ) ;
#248 = EDGE_CURVE ( 'NONE', #175, #1449, #2940, .T. ) ;
#249 = PLANE ( 'NONE',  #131 ) ;
#250 = CARTESIAN_POINT ( 'NONE',  ( 0.7500000000000000000, 0.03224000000000000477, -1.485519999999999952 ) ) ;
#251 = ORIENTED_EDGE ( 'NONE', *, *, #1569, .F. ) ;
#252 = ORIENTED_EDGE ( 'NONE', *, *, #4424, .F. ) ;
#253 = CARTESIAN_POINT ( 'NONE',  ( 1.014132956314515166, 1.467759999999999954, -1.357273782712564048 ) ) ;
#254 = ORIENTED_EDGE ( 'NONE', *, *, #4179, .T. ) ;
#255 = CARTESIAN_POINT ( 'NONE',  ( 1.014132956314515166, 1.472760000000000069, -0.7921057084777192170 ) ) ;
#256 =( NAMED_UNIT ( * ) PLANE_ANGLE_UNIT ( ) SI_UNIT ( $, .RADIAN. ) );
#257 =( NAMED_UNIT ( * ) SI_UNIT ( $, .STERADIAN. ) SOLID_ANGLE_UNIT ( ) );
#258 = FILL_AREA_STYLE_COLOUR ( '', #2113 ) ;
#259 = AXIS2_PLACEMENT_3D ( 'NONE', #873, #1944, #195 ) ;
#260 = CARTESIAN_POINT ( 'NONE',  ( 0.7177600000000000646, 1.467759999999999954, -1.550000000000000044 ) ) ;
#261 = COLOUR_RGB ( '',0.7921568627450980005, 0.8196078431372548767, 0.9333333333333333481 ) ;
#262 = AXIS2_PLACEMENT_3D ( 'NONE', #2565, #3264, #3316 ) ;
#263 = AXIS2_PLACEMENT_3D ( 'NONE', #3112, #4522, #2375 ) ;
#264 = DIRECTION ( 'NONE',  ( 0.000000000000000000, 0.000000000000000000, 1.000000000000000000 ) ) ;
#265 = DIRECTION ( 'NONE',  ( -1.000000000000000000, 0.000000000000000000, 0.000000000000000000 ) ) ;
#266 =( GEOMETRIC_REPRESENTATION_CONTEXT ( 3 ) GLOBAL_UNCERTAINTY_ASSIGNED_CONTEXT ( ( #3597 ) ) GLOBAL_UNIT_ASSIGNED_CONTEXT ( ( #2832, #821, #4261 ) ) REPRESENTATION_CONTEXT ( 'NONE', 'WORKASPACE' ) );
#267 = DIRECTION ( 'NONE',  ( 0.9611638845408968512, 0.000000000000000000, 0.2759782365590690567 ) ) ;
#268 = MECHANICAL_DESIGN_GEOMETRIC_PRESENTATION_REPRESENTATION (  '', ( #1291 ), #1143 ) ;
#269 = VECTOR ( 'NONE', #1570, 1000.000000000000000 ) ;
#270 = DIRECTION ( 'NONE',  ( 1.000000000000000000, 0.000000000000000000, 0.000000000000000000 ) ) ;
#271 = VECTOR ( 'NONE', #2637, 1000.000000000000000 ) ;
#272 = EDGE_LOOP ( 'NONE', ( #2971, #3835, #281, #1858 ) ) ;
#273 = DIRECTION ( 'NONE',  ( 0.000000000000000000, 0.000000000000000000, -1.000000000000000000 ) ) ;
#274 = VECTOR ( 'NONE', #817, 1000.000000000000227 ) ;
#275 = ORIENTED_EDGE ( 'NONE', *, *, #4487, .F. ) ;
#276 = AXIS2_PLACEMENT_3D ( 'NONE', #1306, #2736, #3043 ) ;
#277 = EDGE_CURVE ( 'NONE', #2833, #1788, #834, .T. ) ;
#278 = CARTESIAN_POINT ( 'NONE',  ( 1.111304273511819707, 1.472760000000000069, -0.2962625248033944891 ) ) ;
#279 = EDGE_CURVE ( 'NONE', #3281, #2256, #1547, .T. ) ;
#280 = AXIS2_PLACEMENT_3D ( 'NONE', #3723, #3389, #1007 ) ;
#281 = ORIENTED_EDGE ( 'NONE', *, *, #20, .F. ) ;
#282 = CARTESIAN_POINT ( 'NONE',  ( 1.014132956314515166, 1.467759999999999954, -0.9914748506207977652 ) ) ;
#283 = SURFACE_STYLE_USAGE ( .BOTH. , #4321 ) ;
#284 = CARTESIAN_POINT ( 'NONE',  ( 1.038159037018030917, 1.472760000000000069, -0.8991410363531673333 ) ) ;
#285 = STYLED_ITEM ( 'NONE', ( #1908 ), #561 ) ;
#286 = COLOUR_RGB ( '',0.6470588235294117974, 0.5176470588235293491, 0.000000000000000000 ) ;
#287 = SURFACE_STYLE_USAGE ( .BOTH. , #3111 ) ;
#288 = ADVANCED_FACE ( 'NONE', ( #1992 ), #4142, .F. ) ;
#289 = LINE ( 'NONE', #4465, #2251 ) ;
#290 = DIRECTION ( 'NONE',  ( 1.000000000000000000, -0.000000000000000000, 0.000000000000000000 ) ) ;
#291 = CARTESIAN_POINT ( 'NONE',  ( 1.551413880119462130, 0.04168287737454571401, -1.508317122625454143 ) ) ;
#292 = COLOUR_RGB ( '',0.7921568627450980005, 0.8196078431372548767, 0.9333333333333333481 ) ;
#293 = SURFACE_SIDE_STYLE ('',( #3414 ) ) ;
#294 = DIRECTION ( 'NONE',  ( -0.8843386665637651411, 0.000000000000000000, -0.4668459304955136502 ) ) ;
#295 = UNCERTAINTY_MEASURE_WITH_UNIT (LENGTH_MEASURE( 1.000000000000000082E-05 ), #2709, 'distance_accuracy_value', 'NONE');
#296 =( GEOMETRIC_REPRESENTATION_CONTEXT ( 3 ) GLOBAL_UNCERTAINTY_ASSIGNED_CONTEXT ( ( #2997 ) ) GLOBAL_UNIT_ASSIGNED_CONTEXT ( ( #1129, #128, #1516 ) ) REPRESENTATION_CONTEXT ( 'NONE', 'WORKASPACE' ) );
#297 = LINE ( 'NONE', #3802, #3732 ) ;
#298 = UNCERTAINTY_MEASURE_WITH_UNIT (LENGTH_MEASURE( 1.000000000000000082E-05 ), #86, 'distance_accuracy_value', 'NONE');
#299 = COLOUR_RGB ( '',0.7686274509803920907, 0.7686274509803920907, 0.7686274509803920907 ) ;
#300 = CARTESIAN_POINT ( 'NONE',  ( 1.582239999999999869, 1.467759999999999954, -1.517759999999999998 ) ) ;
#301 = ORIENTED_EDGE ( 'NONE', *, *, #3546, .T. ) ;
#302 = ORIENTED_EDGE ( 'NONE', *, *, #2561, .T. ) ;
#303 = UNCERTAINTY_MEASURE_WITH_UNIT (LENGTH_MEASURE( 1.000000000000000082E-05 ), #3005, 'distance_accuracy_value', 'NONE');
#304 = VERTEX_POINT ( 'NONE', #4519 ) ;
#305 = PRESENTATION_STYLE_ASSIGNMENT (( #2032 ) ) ;
#306 = SURFACE_STYLE_USAGE ( .BOTH. , #22 ) ;
#307 = CARTESIAN_POINT ( 'NONE',  ( 0.7177600000000000646, 0.03223999999999999783, -1.517759999999999998 ) ) ;
#308 =( LENGTH_UNIT ( ) NAMED_UNIT ( * ) SI_UNIT ( .MILLI., .METRE. ) );
#309 = CARTESIAN_POINT ( 'NONE',  ( 1.058129846206199876, 1.472760000000000069, -1.282240520256154648 ) ) ;
#310 = CARTESIAN_POINT ( 'NONE',  ( 0.7177600000000000646, 0.000000000000000000, -1.517759999999999998 ) ) ;
#311 = CARTESIAN_POINT ( 'NONE',  ( 1.582239999999999869, 1.467759999999999954, -0.03223999999999999783 ) ) ;
#312 = ADVANCED_FACE ( 'NONE', ( #1729 ), #610, .F. ) ;
#313 = CARTESIAN_POINT ( 'NONE',  ( 0.7500000000000000000, 1.467759999999999954, -1.517759999999999998 ) ) ;
#314 = EDGE_CURVE ( 'NONE', #1788, #713, #2060, .T. ) ;
#315 = CARTESIAN_POINT ( 'NONE',  ( 0.03223999999999978272, 0.03223999999999999783, -1.517759999999999998 ) ) ;
#316 = CARTESIAN_POINT ( 'NONE',  ( 1.014132956314515166, 1.472760000000000069, -0.7921057084777192170 ) ) ;
#317 = VERTEX_POINT ( 'NONE', #3774 ) ;
#318 = SURFACE_STYLE_USAGE ( .BOTH. , #3875 ) ;
#319 = CARTESIAN_POINT ( 'NONE',  ( 1.142014311898542189, 1.472760000000000069, -1.019298461156342261 ) ) ;
#320 = ORIENTED_EDGE ( 'NONE', *, *, #3537, .F. ) ;
#321 = VERTEX_POINT ( 'NONE', #1330 ) ;
#322 = FACE_OUTER_BOUND ( 'NONE', #1493, .T. ) ;
#323 =( NAMED_UNIT ( * ) PLANE_ANGLE_UNIT ( ) SI_UNIT ( $, .RADIAN. ) );
#324 = LINE ( 'NONE', #3133, #3435 ) ;
#325 = COLOUR_RGB ( '',0.7921568627450980005, 0.8196078431372548767, 0.9333333333333333481 ) ;
#326 = CARTESIAN_POINT ( 'NONE',  ( 1.582239999999999869, 0.03223999999999999783, -0.03223999999999999783 ) ) ;
#327 = FILL_AREA_STYLE ('',( #614 ) ) ;
#328 = VECTOR ( 'NONE', #3324, 1000.000000000000000 ) ;
#329 = DIRECTION ( 'NONE',  ( 0.9620200793798762140, 0.000000000000000000, 0.2729786930695082825 ) ) ;
#330 = CIRCLE ( 'NONE', #1072, 0.03224000000000000477 ) ;
#331 = LINE ( 'NONE', #3886, #3582 ) ;
#332 = VECTOR ( 'NONE', #4364, 1000.000000000000000 ) ;
#333 = PRESENTATION_LAYER_ASSIGNMENT (  '', '', ( #1946 ) ) ;
#334 = EDGE_CURVE ( 'NONE', #3231, #3931, #982, .T. ) ;
#335 = ADVANCED_FACE ( 'NONE', ( #1371 ), #2014, .F. ) ;
#336 = CARTESIAN_POINT ( 'NONE',  ( 1.099897133544127215, 1.467759999999999954, -1.129104654719558010 ) ) ;
#337 = AXIS2_PLACEMENT_3D ( 'NONE', #3689, #4006, #1220 ) ;
#338 = LINE ( 'NONE', #1765, #3195 ) ;
#339 = VERTEX_POINT ( 'NONE', #4459 ) ;
#340 = CYLINDRICAL_SURFACE ( 'NONE', #4417, 0.03223999999999999783 ) ;
#341 = ORIENTED_EDGE ( 'NONE', *, *, #1484, .T. ) ;
#342 = CARTESIAN_POINT ( 'NONE',  ( 1.118274379689098152, 1.467759999999999954, -0.3617177801565755191 ) ) ;
#343 = FILL_AREA_STYLE ('',( #1411 ) ) ;
#344 = VERTEX_POINT ( 'NONE', #3476 ) ;
#345 = FILL_AREA_STYLE_COLOUR ( '', #3761 ) ;
#346 = VECTOR ( 'NONE', #2106, 1000.000000000000000 ) ;
#347 = CARTESIAN_POINT ( 'NONE',  ( 1.118274379689101039, 1.472760000000000069, -0.2940072864894035520 ) ) ;
#348 = VECTOR ( 'NONE', #2348, 1000.000000000000000 ) ;
#349 = CARTESIAN_POINT ( 'NONE',  ( 1.550114596703271452, 0.05051949026037712981, -0.03519972033164017050 ) ) ;
#350 = AXIS2_PLACEMENT_3D ( 'NONE', #2098, #1753, #4245 ) ;
#351 = CARTESIAN_POINT ( 'NONE',  ( 1.058134799085710620, 1.467759999999999954, -1.344628413949363610 ) ) ;
#352 = CARTESIAN_POINT ( 'NONE',  ( 0.7499911306446018777, 1.443881615621346093, -1.516838761776869493 ) ) ;
#353 = CARTESIAN_POINT ( 'NONE',  ( 1.242000000000003990, 1.472760000000000069, -1.164480368551513267 ) ) ;
#354 = COLOUR_RGB ( '',0.7686274509803920907, 0.7686274509803920907, 0.7686274509803920907 ) ;
#355 = DIRECTION ( 'NONE',  ( 0.000000000000000000, 0.000000000000000000, -1.000000000000000000 ) ) ;
#356 =( NAMED_UNIT ( * ) SI_UNIT ( $, .STERADIAN. ) SOLID_ANGLE_UNIT ( ) );
#357 = MECHANICAL_DESIGN_GEOMETRIC_PRESENTATION_REPRESENTATION (  '', ( #2906 ), #1464 ) ;
#358 = EDGE_CURVE ( 'NONE', #4081, #2384, #3436, .T. ) ;
#359 = EDGE_CURVE ( 'NONE', #3474, #3735, #3511, .T. ) ;
#360 = VECTOR ( 'NONE', #2075, 1000.000000000000000 ) ;
#361 = ORIENTED_EDGE ( 'NONE', *, *, #448, .F. ) ;
#362 =( NAMED_UNIT ( * ) PLANE_ANGLE_UNIT ( ) SI_UNIT ( $, .RADIAN. ) );
#363 = MECHANICAL_DESIGN_GEOMETRIC_PRESENTATION_REPRESENTATION (  '', ( #3012 ), #1612 ) ;
#364 = ORIENTED_EDGE ( 'NONE', *, *, #3480, .F. ) ;
#365 = FACE_OUTER_BOUND ( 'NONE', #1979, .T. ) ;
#366 = EDGE_CURVE ( 'NONE', #3771, #3490, #3455, .T. ) ;
#367 = ADVANCED_FACE ( 'NONE', ( #677 ), #3814, .T. ) ;
#368 = ORIENTED_EDGE ( 'NONE', *, *, #3192, .T. ) ;
#369 = VERTEX_POINT ( 'NONE', #3842 ) ;
#370 = CARTESIAN_POINT ( 'NONE',  ( 0.7177600000000000646, 0.000000000000000000, 0.000000000000000000 ) ) ;
#371 = SURFACE_STYLE_FILL_AREA ( #3527 ) ;
#372 = CARTESIAN_POINT ( 'NONE',  ( 2.299999999999999822, 0.000000000000000000, -1.550000000000000044 ) ) ;
#373 = CARTESIAN_POINT ( 'NONE',  ( 1.057807669329675626, 1.467759999999999954, -1.148070826337084016 ) ) ;
#374 = DIRECTION ( 'NONE',  ( -1.000000000000000000, 0.000000000000000000, 0.000000000000000000 ) ) ;
#375 = DIRECTION ( 'NONE',  ( -0.9612861490927336883, 0.000000000000000000, -0.2755520632520512270 ) ) ;
#376 = CARTESIAN_POINT ( 'NONE',  ( 1.014132956314515166, 1.472760000000000069, -0.6950651962186354949 ) ) ;
#377 = CARTESIAN_POINT ( 'NONE',  ( 1.057506278058297111, 1.472760000000000069, -0.5561993412986168117 ) ) ;
#378 = CARTESIAN_POINT ( 'NONE',  ( 0.03223999999999999783, 0.03223999999999999783, -0.03223999999999999783 ) ) ;
#379 = ORIENTED_EDGE ( 'NONE', *, *, #4531, .T. ) ;
#380 = ORIENTED_EDGE ( 'NONE', *, *, #2026, .F. ) ;
#381 = ORIENTED_EDGE ( 'NONE', *, *, #1240, .F. ) ;
#382 = ORIENTED_EDGE ( 'NONE', *, *, #3063, .F. ) ;
#383 = EDGE_LOOP ( 'NONE', ( #4026, #2992, #44, #3448 ) ) ;
#384 = DIRECTION ( 'NONE',  ( -0.000000000000000000, -0.000000000000000000, 1.000000000000000000 ) ) ;
#385 = ADVANCED_FACE ( 'NONE', ( #4542 ), #1395, .F. ) ;
#386 = EDGE_CURVE ( 'NONE', #2937, #4265, #1772, .T. ) ;
#387 = VERTEX_POINT ( 'NONE', #3237 ) ;
#388 = LINE ( 'NONE', #370, #214 ) ;
#389 = SURFACE_STYLE_USAGE ( .BOTH. , #2891 ) ;
#390 = CARTESIAN_POINT ( 'NONE',  ( 1.551413880119462130, 0.04168287737454549891, -0.04168287737454550584 ) ) ;
#391 = LINE ( 'NONE', #2470, #3726 ) ;
#392 = CARTESIAN_POINT ( 'NONE',  ( 1.242000000000003990, 1.472760000000000069, -0.8406046158351553332 ) ) ;
#393 = LINE ( 'NONE', #373, #2123 ) ;
#394 = CARTESIAN_POINT ( 'NONE',  ( 0.7485861198805379146, 1.458317122625454321, -1.508317122625454143 ) ) ;
#395 = DIRECTION ( 'NONE',  ( -0.9610853065513847993, 0.000000000000000000, -0.2762517575166369976 ) ) ;
#396 = DIRECTION ( 'NONE',  ( -1.000000000000000000, -0.000000000000000000, -0.000000000000000000 ) ) ;
#397 = AXIS2_PLACEMENT_3D ( 'NONE', #4108, #2003, #620 ) ;
#398 = DIRECTION ( 'NONE',  ( 0.000000000000000000, 0.000000000000000000, -1.000000000000000000 ) ) ;
#399 =( GEOMETRIC_REPRESENTATION_CONTEXT ( 3 ) GLOBAL_UNCERTAINTY_ASSIGNED_CONTEXT ( ( #4551 ) ) GLOBAL_UNIT_ASSIGNED_CONTEXT ( ( #1010, #4507, #1351 ) ) REPRESENTATION_CONTEXT ( 'NONE', 'WORKASPACE' ) );
#400 = MECHANICAL_DESIGN_GEOMETRIC_PRESENTATION_REPRESENTATION (  '', ( #1141 ), #1727 ) ;
#401 = ORIENTED_EDGE ( 'NONE', *, *, #2563, .F. ) ;
#402 = CARTESIAN_POINT ( 'NONE',  ( 0.7498854032967283700, 1.449480509739623058, -0.03519972033164021907 ) ) ;
#403 = VECTOR ( 'NONE', #2640, 1000.000000000000114 ) ;
#404 = ORIENTED_EDGE ( 'NONE', *, *, #2676, .T. ) ;
#405 = DIRECTION ( 'NONE',  ( 0.000000000000000000, 1.000000000000000000, 0.000000000000000000 ) ) ;
#406 = ORIENTED_EDGE ( 'NONE', *, *, #3975, .F. ) ;
#407 = EDGE_LOOP ( 'NONE', ( #2632, #1343, #3988, #3055, #1953, #2311 ) ) ;
#408 = MECHANICAL_DESIGN_GEOMETRIC_PRESENTATION_REPRESENTATION (  '', ( #1298 ), #1013 ) ;
#409 = CARTESIAN_POINT ( 'NONE',  ( 1.176924100055729561, 1.467759999999999954, -0.7833425935635931481 ) ) ;
#410 = VERTEX_POINT ( 'NONE', #23 ) ;
#411 = ORIENTED_EDGE ( 'NONE', *, *, #1485, .F. ) ;
#412 = CARTESIAN_POINT ( 'NONE',  ( 2.299999999999999822, 0.000000000000000000, 0.000000000000000000 ) ) ;
#413 = FACE_OUTER_BOUND ( 'NONE', #2112, .T. ) ;
#414 = ADVANCED_FACE ( 'NONE', ( #413 ), #6, .F. ) ;
#415 = B_SPLINE_CURVE_WITH_KNOTS ( 'NONE', 3,
 ( #3052, #2724, #3446, #1379, #1697, #2762, #990, #2020, #2397, #2443 ),
 .UNSPECIFIED., .F., .F.,
 ( 4, 3, 3, 4 ),
 ( 0.000000000000000000, 1.014775933115355736E-05, 2.024199515298712003E-05, 2.523223766968316740E-05 ),
 .UNSPECIFIED. ) ;
#416 = EDGE_CURVE ( 'NONE', #3691, #3544, #2559, .T. ) ;
#417 = DIRECTION ( 'NONE',  ( 0.7083077534944018927, 0.000000000000000000, 0.7059037656364453017 ) ) ;
#418 = ORIENTED_EDGE ( 'NONE', *, *, #3690, .T. ) ;
#419 = VECTOR ( 'NONE', #4392, 1000.000000000000000 ) ;
#420 = FILL_AREA_STYLE ('',( #3599 ) ) ;
#421 = CARTESIAN_POINT ( 'NONE',  ( 2.299999999999999822, 1.500000000000000000, -0.03223999999999999783 ) ) ;
#422 = ADVANCED_FACE ( 'NONE', ( #70 ), #691, .T. ) ;
#423 = AXIS2_PLACEMENT_3D ( 'NONE', #3921, #716, #742 ) ;
#424 = FILL_AREA_STYLE ('',( #1499 ) ) ;
#425 = SURFACE_SIDE_STYLE ('',( #2133 ) ) ;
#426 =( GEOMETRIC_REPRESENTATION_CONTEXT ( 3 ) GLOBAL_UNCERTAINTY_ASSIGNED_CONTEXT ( ( #3674 ) ) GLOBAL_UNIT_ASSIGNED_CONTEXT ( ( #2465, #3857, #1750 ) ) REPRESENTATION_CONTEXT ( 'NONE', 'WORKASPACE' ) );
#427 = VECTOR ( 'NONE', #1346, 1000.000000000000000 ) ;
#428 = DIRECTION ( 'NONE',  ( -0.000000000000000000, -1.000000000000000000, 0.000000000000000000 ) ) ;
#429 = ORIENTED_EDGE ( 'NONE', *, *, #386, .F. ) ;
#430 = ORIENTED_EDGE ( 'NONE', *, *, #3284, .F. ) ;
#431 = FILL_AREA_STYLE ('',( #3278 ) ) ;
#432 = ORIENTED_EDGE ( 'NONE', *, *, #1567, .T. ) ;
#433 = COLOUR_RGB ( '',0.7686274509803920907, 0.7686274509803920907, 0.7686274509803920907 ) ;
#434 = ORIENTED_EDGE ( 'NONE', *, *, #4023, .F. ) ;
#435 = DIRECTION ( 'NONE',  ( -1.000000000000000000, 0.000000000000000000, 0.000000000000000000 ) ) ;
#436 =( NAMED_UNIT ( * ) SI_UNIT ( $, .STERADIAN. ) SOLID_ANGLE_UNIT ( ) );
#437 = AXIS2_PLACEMENT_3D ( 'NONE', #2520, #3531, #3926 ) ;
#438 = DIRECTION ( 'NONE',  ( 0.000000000000000000, -1.000000000000000000, 0.000000000000000000 ) ) ;
#439 = CARTESIAN_POINT ( 'NONE',  ( 0.7177600000000000646, 0.03223999999999999783, -0.03223999999999999783 ) ) ;
#440 = ORIENTED_EDGE ( 'NONE', *, *, #3966, .T. ) ;
#441 = CARTESIAN_POINT ( 'NONE',  ( 0.7177600000000000646, 1.467759999999999954, -1.517759999999999998 ) ) ;
#442 = DIRECTION ( 'NONE',  ( -0.000000000000000000, -1.000000000000000000, 0.000000000000000000 ) ) ;
#443 = CARTESIAN_POINT ( 'NONE',  ( 1.118274379689098152, 1.472760000000000069, -0.3617177801565755191 ) ) ;
#444 = CARTESIAN_POINT ( 'NONE',  ( 0.7500000000000000000, 1.435520000000000129, -1.517759999999999998 ) ) ;
#445 = LINE ( 'NONE', #3976, #274 ) ;
#446 = CARTESIAN_POINT ( 'NONE',  ( 1.099897133544127215, 1.472760000000000069, -1.129104654719558010 ) ) ;
#447 = SURFACE_STYLE_USAGE ( .BOTH. , #425 ) ;
#448 = EDGE_CURVE ( 'NONE', #4282, #3474, #3170, .T. ) ;
#449 = EDGE_CURVE ( 'NONE', #3183, #1588, #741, .T. ) ;
#450 = CARTESIAN_POINT ( 'NONE',  ( 2.299999999999999822, 1.467759999999999954, -1.517759999999999998 ) ) ;
#451 = CARTESIAN_POINT ( 'NONE',  ( 0.7497293457339451184, 1.452713479379099670, -0.03697755138995248436 ) ) ;
#452 = VERTEX_POINT ( 'NONE', #2451 ) ;
#453 = CARTESIAN_POINT ( 'NONE',  ( 0.7500000000000000000, 1.467759999999999954, -1.485519999999999952 ) ) ;
#454 = ORIENTED_EDGE ( 'NONE', *, *, #4557, .T. ) ;
#455 = ORIENTED_EDGE ( 'NONE', *, *, #4342, .F. ) ;
#456 = DIRECTION ( 'NONE',  ( 0.000000000000000000, 0.000000000000000000, 1.000000000000000000 ) ) ;
#457 = ORIENTED_EDGE ( 'NONE', *, *, #2055, .F. ) ;
#458 = FILL_AREA_STYLE ('',( #109 ) ) ;
#459 = SURFACE_STYLE_FILL_AREA ( #3620 ) ;
#460 = DIRECTION ( 'NONE',  ( 0.000000000000000000, 0.000000000000000000, -1.000000000000000000 ) ) ;
#461 = CARTESIAN_POINT ( 'NONE',  ( 1.198648156714193780, 1.472760000000000069, -0.5157117543673824800 ) ) ;
#462 = CARTESIAN_POINT ( 'NONE',  ( 1.242000000000003990, 1.467759999999999954, -1.229391041238737214 ) ) ;
#463 = CARTESIAN_POINT ( 'NONE',  ( -0.2871923135456275200, 1.467759999999999510, 0.003507179810070972133 ) ) ;
#464 = CARTESIAN_POINT ( 'NONE',  ( 1.550000000000000044, 0.03224000000000000477, -1.489096284275170934 ) ) ;
#465 = ADVANCED_FACE ( 'NONE', ( #2822 ), #3880, .T. ) ;
#466 = EDGE_CURVE ( 'NONE', #3535, #3402, #1611, .T. ) ;
#467 = AXIS2_PLACEMENT_3D ( 'NONE', #1695, #3821, #3097 ) ;
#468 = CARTESIAN_POINT ( 'NONE',  ( 1.551413880119462130, 0.04168287737454571401, -1.508317122625454143 ) ) ;
#469 =( GEOMETRIC_REPRESENTATION_CONTEXT ( 3 ) GLOBAL_UNCERTAINTY_ASSIGNED_CONTEXT ( ( #3037 ) ) GLOBAL_UNIT_ASSIGNED_CONTEXT ( ( #1511, #4078, #951 ) ) REPRESENTATION_CONTEXT ( 'NONE', 'WORKASPACE' ) );
#470 = CIRCLE ( 'NONE', #33, 0.03224000000000000477 ) ;
#471 = PRESENTATION_LAYER_ASSIGNMENT (  '', '', ( #176 ) ) ;
#472 = ORIENTED_EDGE ( 'NONE', *, *, #2851, .T. ) ;
#473 = AXIS2_PLACEMENT_3D ( 'NONE', #3135, #4336, #125 ) ;
#474 = LINE ( 'NONE', #3904, #4171 ) ;
#475 = ORIENTED_EDGE ( 'NONE', *, *, #4508, .T. ) ;
#476 = DIRECTION ( 'NONE',  ( 0.000000000000000000, 0.000000000000000000, -1.000000000000000000 ) ) ;
#477 = PRESENTATION_LAYER_ASSIGNMENT (  '', '', ( #2335 ) ) ;
#478 = EDGE_LOOP ( 'NONE', ( #2884, #2907, #1796, #1390 ) ) ;
#479 = CARTESIAN_POINT ( 'NONE',  ( 0.7500007972317055405, 0.06110994398145924711, -0.03237250884533698220 ) ) ;
#480 = VECTOR ( 'NONE', #2620, 1000.000000000000000 ) ;
#481 = CARTESIAN_POINT ( 'NONE',  ( 0.7492451559485321377, 0.03917560054332799857, -0.04450238832750033624 ) ) ;
#482 = CARTESIAN_POINT ( 'NONE',  ( 1.099897133544127215, 1.472760000000000069, -1.129104654719558010 ) ) ;
#483 =( LENGTH_UNIT ( ) NAMED_UNIT ( * ) SI_UNIT ( .MILLI., .METRE. ) );
#484 = CARTESIAN_POINT ( 'NONE',  ( 1.242000000000003990, 1.467759999999999954, -1.164480368551513267 ) ) ;
#485 = CARTESIAN_POINT ( 'NONE',  ( 1.014132956314515166, 1.472760000000000069, -0.3931040437378230390 ) ) ;
#486 =( NAMED_UNIT ( * ) PLANE_ANGLE_UNIT ( ) SI_UNIT ( $, .RADIAN. ) );
#487 = CARTESIAN_POINT ( 'NONE',  ( 2.299999999999999822, 0.000000000000000000, 0.000000000000000000 ) ) ;
#488 = VECTOR ( 'NONE', #3127, 1000.000000000000000 ) ;
#489 = CYLINDRICAL_SURFACE ( 'NONE', #2914, 0.03224000000000000477 ) ;
#490 = FILL_AREA_STYLE ('',( #3246 ) ) ;
#491 =( GEOMETRIC_REPRESENTATION_CONTEXT ( 3 ) GLOBAL_UNCERTAINTY_ASSIGNED_CONTEXT ( ( #4062 ) ) GLOBAL_UNIT_ASSIGNED_CONTEXT ( ( #2852, #1258, #1568 ) ) REPRESENTATION_CONTEXT ( 'NONE', 'WORKASPACE' ) );
#492 = VECTOR ( 'NONE', #2036, 1000.000000000000114 ) ;
#493 =( GEOMETRIC_REPRESENTATION_CONTEXT ( 3 ) GLOBAL_UNCERTAINTY_ASSIGNED_CONTEXT ( ( #4477 ) ) GLOBAL_UNIT_ASSIGNED_CONTEXT ( ( #161, #2665, #4370 ) ) REPRESENTATION_CONTEXT ( 'NONE', 'WORKASPACE' ) );
#494 = SURFACE_STYLE_FILL_AREA ( #897 ) ;
#495 = ADVANCED_FACE ( 'NONE', ( #3258 ), #1248, .T. ) ;
#496 = VECTOR ( 'NONE', #3542, 1000.000000000000000 ) ;
#497 = ORIENTED_EDGE ( 'NONE', *, *, #2507, .T. ) ;
#498 = SURFACE_STYLE_USAGE ( .BOTH. , #1833 ) ;
#499 = ORIENTED_EDGE ( 'NONE', *, *, #2595, .F. ) ;
#500 = STYLED_ITEM ( 'NONE', ( #1687 ), #2657 ) ;
#501 = EDGE_CURVE ( 'NONE', #2004, #3079, #2289, .T. ) ;
#502 = ORIENTED_EDGE ( 'NONE', *, *, #679, .F. ) ;
#503 = EDGE_CURVE ( 'NONE', #4155, #1025, #3616, .T. ) ;
#504 =( LENGTH_UNIT ( ) NAMED_UNIT ( * ) SI_UNIT ( .MILLI., .METRE. ) );
#505 = SURFACE_STYLE_USAGE ( .BOTH. , #3357 ) ;
#506 = AXIS2_PLACEMENT_3D ( 'NONE', #1370, #2843, #2777 ) ;
#507 = SURFACE_STYLE_FILL_AREA ( #3695 ) ;
#508 = ORIENTED_EDGE ( 'NONE', *, *, #1766, .T. ) ;
#509 = ORIENTED_EDGE ( 'NONE', *, *, #2355, .F. ) ;
#510 = LINE ( 'NONE', #790, #3825 ) ;
#511 =( GEOMETRIC_REPRESENTATION_CONTEXT ( 3 ) GLOBAL_UNCERTAINTY_ASSIGNED_CONTEXT ( ( #3359 ) ) GLOBAL_UNIT_ASSIGNED_CONTEXT ( ( #4050, #1263, #1111 ) ) REPRESENTATION_CONTEXT ( 'NONE', 'WORKASPACE' ) );
#512 = DIRECTION ( 'NONE',  ( 1.000000000000000000, 0.000000000000000000, 0.000000000000000000 ) ) ;
#513 = DIRECTION ( 'NONE',  ( 0.000000000000000000, 0.000000000000000000, 1.000000000000000000 ) ) ;
#514 = FILL_AREA_STYLE_COLOUR ( '', #1214 ) ;
#515 = DIRECTION ( 'NONE',  ( -0.000000000000000000, -1.000000000000000000, -0.000000000000000000 ) ) ;
#516 = FACE_OUTER_BOUND ( 'NONE', #4354, .T. ) ;
#517 = FILL_AREA_STYLE_COLOUR ( '', #433 ) ;
#518 = DIRECTION ( 'NONE',  ( 0.000000000000000000, 1.000000000000000000, 0.000000000000000000 ) ) ;
#519 = ORIENTED_EDGE ( 'NONE', *, *, #654, .T. ) ;
#520 = ORIENTED_EDGE ( 'NONE', *, *, #2793, .F. ) ;
#521 = LINE ( 'NONE', #922, #1664 ) ;
#522 = ORIENTED_EDGE ( 'NONE', *, *, #730, .T. ) ;
#523 = LINE ( 'NONE', #3328, #3088 ) ;
#524 = LINE ( 'NONE', #3713, #1316 ) ;
#525 = EDGE_LOOP ( 'NONE', ( #2215, #1876, #621, #3559 ) ) ;
#526 = DIRECTION ( 'NONE',  ( 0.9610853065513847993, 0.000000000000000000, 0.2762517575166369976 ) ) ;
#527 = EDGE_CURVE ( 'NONE', #3685, #2369, #129, .T. ) ;
#528 =( NAMED_UNIT ( * ) SI_UNIT ( $, .STERADIAN. ) SOLID_ANGLE_UNIT ( ) );
#529 = EDGE_CURVE ( 'NONE', #1783, #452, #524, .T. ) ;
#530 = ORIENTED_EDGE ( 'NONE', *, *, #2765, .F. ) ;
#531 = ORIENTED_EDGE ( 'NONE', *, *, #4342, .T. ) ;
#532 = CARTESIAN_POINT ( 'NONE',  ( 0.7500000000000000000, 0.03224000000000000477, -0.06090371572482861789 ) ) ;
#533 = CARTESIAN_POINT ( 'NONE',  ( 1.142014311898065015, 1.467759999999999954, -0.6296376548220525837 ) ) ;
#534 = CARTESIAN_POINT ( 'NONE',  ( 0.7498854032967283700, 1.464800279668359462, -1.499480509739623102 ) ) ;
#535 = DIRECTION ( 'NONE',  ( -0.000000000000000000, -1.000000000000000000, 0.000000000000000000 ) ) ;
#536 = SURFACE_SIDE_STYLE ('',( #2666 ) ) ;
#537 = FILL_AREA_STYLE_COLOUR ( '', #3570 ) ;
#538 = FILL_AREA_STYLE ('',( #818 ) ) ;
#539 = DIRECTION ( 'NONE',  ( -1.000000000000000000, 0.000000000000000000, 0.000000000000000000 ) ) ;
#540 =( NAMED_UNIT ( * ) SI_UNIT ( $, .STERADIAN. ) SOLID_ANGLE_UNIT ( ) );
#541 = ORIENTED_EDGE ( 'NONE', *, *, #4027, .T. ) ;
#542 = SURFACE_STYLE_USAGE ( .BOTH. , #2671 ) ;
#543 = ORIENTED_EDGE ( 'NONE', *, *, #2563, .T. ) ;
#544 = CARTESIAN_POINT ( 'NONE',  ( 0.7498072791938382720, 0.03575987162723037738, -1.500168270418436256 ) ) ;
#545 = CIRCLE ( 'NONE', #2025, 0.03223999999999999783 ) ;
#546 = EDGE_LOOP ( 'NONE', ( #1562, #1583, #4079, #2054 ) ) ;
#547 = FILL_AREA_STYLE ('',( #2309 ) ) ;
#548 = DIRECTION ( 'NONE',  ( 0.000000000000000000, 0.000000000000000000, 1.000000000000000000 ) ) ;
#549 = AXIS2_PLACEMENT_3D ( 'NONE', #372, #2200, #4274 ) ;
#550 = EDGE_LOOP ( 'NONE', ( #1116, #852, #807, #851 ) ) ;
#551 = STYLED_ITEM ( 'NONE', ( #1549 ), #947 ) ;
#552 = FACE_OUTER_BOUND ( 'NONE', #2464, .T. ) ;
#553 = CARTESIAN_POINT ( 'NONE',  ( 0.7500000000000000000, 0.06448000000000000953, -1.485519999999999952 ) ) ;
#554 = UNCERTAINTY_MEASURE_WITH_UNIT (LENGTH_MEASURE( 1.000000000000000082E-05 ), #2097, 'distance_accuracy_value', 'NONE');
#555 = EDGE_LOOP ( 'NONE', ( #3836, #750, #3409, #1297 ) ) ;
#556 = EDGE_LOOP ( 'NONE', ( #181, #275, #1085, #1606 ) ) ;
#557 = CARTESIAN_POINT ( 'NONE',  ( 0.7497293457339450073, 0.03697755138995281049, -0.04728652062090011460 ) ) ;
#558 =( GEOMETRIC_REPRESENTATION_CONTEXT ( 3 ) GLOBAL_UNCERTAINTY_ASSIGNED_CONTEXT ( ( #3464 ) ) GLOBAL_UNIT_ASSIGNED_CONTEXT ( ( #3643, #3672, #1227 ) ) REPRESENTATION_CONTEXT ( 'NONE', 'WORKASPACE' ) );
#559 = CIRCLE ( 'NONE', #781, 0.03224000000000000477 ) ;
#560 = DIRECTION ( 'NONE',  ( 0.000000000000000000, 0.000000000000000000, -1.000000000000000000 ) ) ;
#561 = ADVANCED_FACE ( 'NONE', ( #2953 ), #3309, .T. ) ;
#562 = EDGE_CURVE ( 'NONE', #2624, #805, #4010, .T. ) ;
#563 = LINE ( 'NONE', #237, #348 ) ;
#564 = VECTOR ( 'NONE', #1553, 1000.000000000000114 ) ;
#565 = CYLINDRICAL_SURFACE ( 'NONE', #2100, 0.03224000000000000477 ) ;
#566 =( NAMED_UNIT ( * ) PLANE_ANGLE_UNIT ( ) SI_UNIT ( $, .RADIAN. ) );
#567 = DIRECTION ( 'NONE',  ( 0.000000000000000000, 0.000000000000000000, -1.000000000000000000 ) ) ;
#568 = SURFACE_SIDE_STYLE ('',( #3728 ) ) ;
#569 = SURFACE_STYLE_FILL_AREA ( #4374 ) ;
#570 = LINE ( 'NONE', #2596, #480 ) ;
#571 =( GEOMETRIC_REPRESENTATION_CONTEXT ( 3 ) GLOBAL_UNCERTAINTY_ASSIGNED_CONTEXT ( ( #604 ) ) GLOBAL_UNIT_ASSIGNED_CONTEXT ( ( #3775, #3365, #1331 ) ) REPRESENTATION_CONTEXT ( 'NONE', 'WORKASPACE' ) );
#572 = ORIENTED_EDGE ( 'NONE', *, *, #98, .F. ) ;
#573 = MECHANICAL_DESIGN_GEOMETRIC_PRESENTATION_REPRESENTATION (  '', ( #1600 ), #118 ) ;
#574 = ORIENTED_EDGE ( 'NONE', *, *, #2959, .F. ) ;
#575 = STYLED_ITEM ( 'NONE', ( #47 ), #422 ) ;
#576 = EDGE_LOOP ( 'NONE', ( #903, #2599, #572 ) ) ;
#577 = CARTESIAN_POINT ( 'NONE',  ( 1.039135960447848950, 1.472760000000000069, -0.7421563696426072276 ) ) ;
#578 = VECTOR ( 'NONE', #1062, 1000.000000000000114 ) ;
#579 = CARTESIAN_POINT ( 'NONE',  ( 0.7177600000000000646, 1.467759999999999954, -0.03223999999999999783 ) ) ;
#580 = EDGE_LOOP ( 'NONE', ( #2811, #3541, #127, #2070 ) ) ;
#581 = DIRECTION ( 'NONE',  ( 0.9601763114327566129, 0.000000000000000000, 0.2793947940878393488 ) ) ;
#582 = FILL_AREA_STYLE ('',( #2659 ) ) ;
#583 = STYLED_ITEM ( 'NONE', ( #4295 ), #2526 ) ;
#584 = EDGE_LOOP ( 'NONE', ( #3963, #4294, #3841, #3543 ) ) ;
#585 = CARTESIAN_POINT ( 'NONE',  ( 1.242000000000003990, 1.467759999999999954, -0.8406046158351553332 ) ) ;
#586 = DIRECTION ( 'NONE',  ( 0.000000000000000000, 0.000000000000000000, -1.000000000000000000 ) ) ;
#587 = PRESENTATION_STYLE_ASSIGNMENT (( #3411 ) ) ;
#588 = CARTESIAN_POINT ( 'NONE',  ( 1.057506278058297111, 1.467759999999999954, -0.6600178949437544018 ) ) ;
#589 = PRESENTATION_LAYER_ASSIGNMENT (  '', '', ( #2572 ) ) ;
#590 = PRESENTATION_LAYER_ASSIGNMENT (  '', '', ( #3012 ) ) ;
#591 = DIRECTION ( 'NONE',  ( 1.000000000000000000, 0.000000000000000000, 0.000000000000000000 ) ) ;
#592 = CARTESIAN_POINT ( 'NONE',  ( 1.551143600089036623, 0.04080055260407700057, -1.507434797855135677 ) ) ;
#593 = SURFACE_STYLE_FILL_AREA ( #3759 ) ;
#594 = CARTESIAN_POINT ( 'NONE',  ( 0.7485861198805379146, 1.458317122625454321, -1.508317122625454143 ) ) ;
#595 = AXIS2_PLACEMENT_3D ( 'NONE', #663, #1625, #2067 ) ;
#596 = ADVANCED_FACE ( 'NONE', ( #2679 ), #1984, .F. ) ;
#597 = EDGE_CURVE ( 'NONE', #3691, #899, #1679, .T. ) ;
#598 = DIRECTION ( 'NONE',  ( 0.000000000000000000, 0.000000000000000000, 1.000000000000000000 ) ) ;
#599 = VERTEX_POINT ( 'NONE', #1296 ) ;
#600 = EDGE_LOOP ( 'NONE', ( #3450, #2794, #1489 ) ) ;
#601 = EDGE_LOOP ( 'NONE', ( #233, #3000, #147, #2799 ) ) ;
#602 =( BOUNDED_CURVE ( )  B_SPLINE_CURVE ( 3, ( #313, #2760, #1970, #594 ),
 .UNSPECIFIED., .F., .F. ) 
 B_SPLINE_CURVE_WITH_KNOTS ( ( 4, 4 ),
 ( 4.712388980384689674, 5.009640341705898336 ),
 .UNSPECIFIED. ) 
 CURVE ( )  GEOMETRIC_REPRESENTATION_ITEM ( )  RATIONAL_B_SPLINE_CURVE ( ( 1.000000000000000000, 0.9926503465430337458, 0.9926503465430337458, 1.000000000000000000 ) ) 
 REPRESENTATION_ITEM ( '' )  );
#603 = CARTESIAN_POINT ( 'NONE',  ( 1.099889512155283189, 1.467759999999999954, -0.5438665490579562833 ) ) ;
#604 = UNCERTAINTY_MEASURE_WITH_UNIT (LENGTH_MEASURE( 1.000000000000000082E-05 ), #3775, 'distance_accuracy_value', 'NONE');
#605 = CYLINDRICAL_SURFACE ( 'NONE', #2095, 0.03224000000000000477 ) ;
#606 = ORIENTED_EDGE ( 'NONE', *, *, #2108, .F. ) ;
#607 = VERTEX_POINT ( 'NONE', #2730 ) ;
#608 = VERTEX_POINT ( 'NONE', #250 ) ;
#609 = DIRECTION ( 'NONE',  ( 0.000000000000000000, 1.000000000000000000, 0.000000000000000000 ) ) ;
#610 = PLANE ( 'NONE',  #1676 ) ;
#611 = DIRECTION ( 'NONE',  ( 1.000000000000000000, 0.000000000000000000, 0.000000000000000000 ) ) ;
#612 = SURFACE_STYLE_FILL_AREA ( #4162 ) ;
#613 = LINE ( 'NONE', #1034, #2846 ) ;
#614 = FILL_AREA_STYLE_COLOUR ( '', #636 ) ;
#615 = LINE ( 'NONE', #4468, #4199 ) ;
#616 = LINE ( 'NONE', #2808, #1070 ) ;
#617 = UNCERTAINTY_MEASURE_WITH_UNIT (LENGTH_MEASURE( 1.000000000000000082E-05 ), #483, 'distance_accuracy_value', 'NONE');
#618 = EDGE_CURVE ( 'NONE', #1788, #607, #2339, .T. ) ;
#619 = EDGE_CURVE ( 'NONE', #2216, #3833, #4114, .T. ) ;
#620 = DIRECTION ( 'NONE',  ( 0.000000000000000000, 0.000000000000000000, -1.000000000000000000 ) ) ;
#621 = ORIENTED_EDGE ( 'NONE', *, *, #4123, .F. ) ;
#622 = CARTESIAN_POINT ( 'NONE',  ( 1.099897133544127215, 1.472760000000000069, -1.031316697909258950 ) ) ;
#623 = ORIENTED_EDGE ( 'NONE', *, *, #2928, .F. ) ;
#624 = CARTESIAN_POINT ( 'NONE',  ( 1.142014311898065015, 1.472760000000000069, -0.6296376548220525837 ) ) ;
#625 = CARTESIAN_POINT ( 'NONE',  ( 1.058129846205634106, 1.472760000000000069, -1.217345090345971270 ) ) ;
#626 = ADVANCED_FACE ( 'NONE', ( #4429 ), #605, .T. ) ;
#627 = EDGE_LOOP ( 'NONE', ( #888, #1265, #889, #3894, #508, #628, #3897, #856, #2185, #4480, #169, #2748, #3408, #3250, #1724, #3303, #3355 ) ) ;
#628 = ORIENTED_EDGE ( 'NONE', *, *, #3167, .T. ) ;
#629 = FILL_AREA_STYLE_COLOUR ( '', #354 ) ;
#630 = VECTOR ( 'NONE', #3784, 1000.000000000000000 ) ;
#631 =( GEOMETRIC_REPRESENTATION_CONTEXT ( 3 ) GLOBAL_UNCERTAINTY_ASSIGNED_CONTEXT ( ( #1037 ) ) GLOBAL_UNIT_ASSIGNED_CONTEXT ( ( #1140, #1824, #14 ) ) REPRESENTATION_CONTEXT ( 'NONE', 'WORKASPACE' ) );
#632 = DIRECTION ( 'NONE',  ( 0.000000000000000000, 0.000000000000000000, 1.000000000000000000 ) ) ;
#633 = LINE ( 'NONE', #3064, #1104 ) ;
#634 = CARTESIAN_POINT ( 'NONE',  ( 1.242000000000003990, 1.472760000000000069, -0.4384253323412780623 ) ) ;
#635 = DIRECTION ( 'NONE',  ( 0.000000000000000000, 0.000000000000000000, 1.000000000000000000 ) ) ;
#636 = COLOUR_RGB ( '',0.6470588235294117974, 0.5176470588235293491, 0.000000000000000000 ) ;
#637 = VECTOR ( 'NONE', #1495, 1000.000000000000000 ) ;
#638 = DIRECTION ( 'NONE',  ( -0.000000000000000000, -1.000000000000000000, 0.000000000000000000 ) ) ;
#639 = MECHANICAL_DESIGN_GEOMETRIC_PRESENTATION_REPRESENTATION (  '', ( #1871 ), #4097 ) ;
#640 =( NAMED_UNIT ( * ) PLANE_ANGLE_UNIT ( ) SI_UNIT ( $, .RADIAN. ) );
#641 = CARTESIAN_POINT ( 'NONE',  ( 0.03223999999999978272, 1.467759999999999954, -0.03223999999999999783 ) ) ;
#642 = DIRECTION ( 'NONE',  ( -1.000000000000000000, 0.000000000000000000, 0.000000000000000000 ) ) ;
#643 = MECHANICAL_DESIGN_GEOMETRIC_PRESENTATION_REPRESENTATION (  '', ( #2547 ), #1735 ) ;
#644 = CARTESIAN_POINT ( 'NONE',  ( 1.550000000000000044, 0.03224000000000000477, -0.06448000000000000953 ) ) ;
#645 = DIRECTION ( 'NONE',  ( 0.000000000000000000, 0.000000000000000000, -1.000000000000000000 ) ) ;
#646 = STYLED_ITEM ( 'NONE', ( #1760 ), #3397 ) ;
#647 = PRESENTATION_STYLE_ASSIGNMENT (( #4514 ) ) ;
#648 = ORIENTED_EDGE ( 'NONE', *, *, #597, .T. ) ;
#649 =( LENGTH_UNIT ( ) NAMED_UNIT ( * ) SI_UNIT ( .MILLI., .METRE. ) );
#650 =( GEOMETRIC_REPRESENTATION_CONTEXT ( 3 ) GLOBAL_UNCERTAINTY_ASSIGNED_CONTEXT ( ( #2609 ) ) GLOBAL_UNIT_ASSIGNED_CONTEXT ( ( #1773, #693, #2847 ) ) REPRESENTATION_CONTEXT ( 'NONE', 'WORKASPACE' ) );
#651 = VERTEX_POINT ( 'NONE', #241 ) ;
#652 = CARTESIAN_POINT ( 'NONE',  ( 1.550000000000000044, 0.000000000000000000, -0.03223999999999956761 ) ) ;
#653 = EDGE_CURVE ( 'NONE', #2388, #3957, #2985, .T. ) ;
#654 = EDGE_CURVE ( 'NONE', #3983, #1449, #1325, .T. ) ;
#655 = DIRECTION ( 'NONE',  ( 0.000000000000000000, -0.000000000000000000, -1.000000000000000000 ) ) ;
#656 = AXIS2_PLACEMENT_3D ( 'NONE', #1737, #1775, #3136 ) ;
#657 = CARTESIAN_POINT ( 'NONE',  ( 1.057506278058297111, 1.472760000000000069, -0.5561993412986168117 ) ) ;
#658 = SURFACE_STYLE_FILL_AREA ( #1281 ) ;
#659 = DIRECTION ( 'NONE',  ( 0.9984327301130250243, 0.000000000000000000, 0.05596501978067341954 ) ) ;
#660 = FILL_AREA_STYLE_COLOUR ( '', #4381 ) ;
#661 = VECTOR ( 'NONE', #2871, 1000.000000000000114 ) ;
#662 = CARTESIAN_POINT ( 'NONE',  ( 1.582239999999999869, 1.500000000000000000, 0.000000000000000000 ) ) ;
#663 = CARTESIAN_POINT ( 'NONE',  ( 0.03223999999999978272, 0.03223999999999999783, -1.517759999999999998 ) ) ;
#664 = UNCERTAINTY_MEASURE_WITH_UNIT (LENGTH_MEASURE( 1.000000000000000082E-05 ), #833, 'distance_accuracy_value', 'NONE');
#665 = DIRECTION ( 'NONE',  ( -0.05375259206908061804, 0.000000000000000000, 0.9985542843760949472 ) ) ;
#666 = EDGE_LOOP ( 'NONE', ( #4335, #3495, #1253, #859 ) ) ;
#667 = CARTESIAN_POINT ( 'NONE',  ( 1.058134799085710620, 1.472760000000000069, -1.344628413949363610 ) ) ;
#668 = ORIENTED_EDGE ( 'NONE', *, *, #3939, .F. ) ;
#669 = CARTESIAN_POINT ( 'NONE',  ( 1.550927514489339520, 1.460040537175369968, -0.04350951867870295198 ) ) ;
#670 = CARTESIAN_POINT ( 'NONE',  ( 1.099889512155283189, 1.472760000000000069, -0.5438665490579562833 ) ) ;
#671 = ORIENTED_EDGE ( 'NONE', *, *, #1107, .F. ) ;
#672 = UNCERTAINTY_MEASURE_WITH_UNIT (LENGTH_MEASURE( 1.000000000000000082E-05 ), #4437, 'distance_accuracy_value', 'NONE');
#673 = ORIENTED_EDGE ( 'NONE', *, *, #3571, .T. ) ;
#674 = SURFACE_STYLE_USAGE ( .BOTH. , #1027 ) ;
#675 = ORIENTED_EDGE ( 'NONE', *, *, #940, .T. ) ;
#676 = FILL_AREA_STYLE ('',( #345 ) ) ;
#677 = FACE_OUTER_BOUND ( 'NONE', #3633, .T. ) ;
#678 = DIRECTION ( 'NONE',  ( -0.000000000000000000, -1.000000000000000000, 0.000000000000000000 ) ) ;
#679 = EDGE_CURVE ( 'NONE', #3079, #2886, #1262, .T. ) ;
#680 = ADVANCED_FACE ( 'NONE', ( #516 ), #4001, .T. ) ;
#681 = SURFACE_SIDE_STYLE ('',( #371 ) ) ;
#682 = CARTESIAN_POINT ( 'NONE',  ( 0.7499999999999998890, 0.03544627859055465152, -1.514553721409445330 ) ) ;
#683 = CARTESIAN_POINT ( 'NONE',  ( 0.7500000000000000000, 0.03224000000000000477, -0.06448000000000000953 ) ) ;
#684 = DIRECTION ( 'NONE',  ( 1.000000000000000000, 0.000000000000000000, 0.000000000000000000 ) ) ;
#685 = CARTESIAN_POINT ( 'NONE',  ( 2.299999999999999822, 0.03223999999999999783, 0.000000000000000000 ) ) ;
#686 = ORIENTED_EDGE ( 'NONE', *, *, #2252, .F. ) ;
#687 = LINE ( 'NONE', #2088, #4243 ) ;
#688 = DIRECTION ( 'NONE',  ( -0.2762033010288897916, 0.000000000000000000, 0.9610992334305259455 ) ) ;
#689 = VERTEX_POINT ( 'NONE', #1996 ) ;
#690 = CARTESIAN_POINT ( 'NONE',  ( 0.03223999999999999783, 1.467759999999999954, -1.517759999999999998 ) ) ;
#691 = CYLINDRICAL_SURFACE ( 'NONE', #4404, 0.03224000000000000477 ) ;
#692 = VECTOR ( 'NONE', #398, 1000.000000000000000 ) ;
#693 =( NAMED_UNIT ( * ) PLANE_ANGLE_UNIT ( ) SI_UNIT ( $, .RADIAN. ) );
#694 = CARTESIAN_POINT ( 'NONE',  ( 1.111304273511819707, 1.467759999999999954, -0.2962625248033944891 ) ) ;
#695 = ADVANCED_FACE ( 'NONE', ( #3393 ), #2249, .T. ) ;
#696 = SURFACE_STYLE_USAGE ( .BOTH. , #4247 ) ;
#697 = STYLED_ITEM ( 'NONE', ( #824 ), #4367 ) ;
#698 = EDGE_CURVE ( 'NONE', #3522, #3611, #330, .T. ) ;
#699 = DIRECTION ( 'NONE',  ( -1.000000000000000000, -0.000000000000000000, 0.000000000000000000 ) ) ;
#700 = AXIS2_PLACEMENT_3D ( 'NONE', #2066, #684, #3848 ) ;
#701 = FACE_OUTER_BOUND ( 'NONE', #952, .T. ) ;
#702 = CARTESIAN_POINT ( 'NONE',  ( 0.03223999999999978272, 0.000000000000000000, -1.550000000000000044 ) ) ;
#703 =( GEOMETRIC_REPRESENTATION_CONTEXT ( 3 ) GLOBAL_UNCERTAINTY_ASSIGNED_CONTEXT ( ( #3520 ) ) GLOBAL_UNIT_ASSIGNED_CONTEXT ( ( #1891, #486, #4069 ) ) REPRESENTATION_CONTEXT ( 'NONE', 'WORKASPACE' ) );
#704 = STYLED_ITEM ( 'NONE', ( #132 ), #2142 ) ;
#705 = VECTOR ( 'NONE', #1596, 1000.000000000000114 ) ;
#706 = LINE ( 'NONE', #1805, #2532 ) ;
#707 = ADVANCED_FACE ( 'NONE', ( #1337 ), #4210, .T. ) ;
#708 = ADVANCED_FACE ( 'NONE', ( #3505 ), #2441, .F. ) ;
#709 = ORIENTED_EDGE ( 'NONE', *, *, #3939, .T. ) ;
#710 = AXIS2_PLACEMENT_3D ( 'NONE', #315, #4511, #1014 ) ;
#711 = DIRECTION ( 'NONE',  ( 0.000000000000000000, 0.000000000000000000, 1.000000000000000000 ) ) ;
#712 = ORIENTED_EDGE ( 'NONE', *, *, #1101, .T. ) ;
#713 = VERTEX_POINT ( 'NONE', #3098 ) ;
#714 = AXIS2_PLACEMENT_3D ( 'NONE', #1109, #3228, #2551 ) ;
#715 = VECTOR ( 'NONE', #2425, 1000.000000000000000 ) ;
#716 = DIRECTION ( 'NONE',  ( 0.000000000000000000, -1.000000000000000000, 0.000000000000000000 ) ) ;
#717 = AXIS2_PLACEMENT_3D ( 'NONE', #3438, #964, #3026 ) ;
#718 = DIRECTION ( 'NONE',  ( -1.000000000000000000, 0.000000000000000000, 0.000000000000000000 ) ) ;
#719 = PRESENTATION_LAYER_ASSIGNMENT (  '', '', ( #2194 ) ) ;
#720 = CARTESIAN_POINT ( 'NONE',  ( 0.7500000000000000000, 0.03223999999999999783, 0.000000000000000000 ) ) ;
#721 = CARTESIAN_POINT ( 'NONE',  ( 2.299999999999999822, 0.03223999999999999783, -1.550000000000000044 ) ) ;
#722 = LINE ( 'NONE', #3553, #2980 ) ;
#723 = DIRECTION ( 'NONE',  ( 0.000000000000000000, 0.000000000000000000, -1.000000000000000000 ) ) ;
#724 = PRESENTATION_LAYER_ASSIGNMENT (  '', '', ( #61 ) ) ;
#725 = DIRECTION ( 'NONE',  ( -1.000000000000000000, 0.000000000000000000, 0.000000000000000000 ) ) ;
#726 =( GEOMETRIC_REPRESENTATION_CONTEXT ( 3 ) GLOBAL_UNCERTAINTY_ASSIGNED_CONTEXT ( ( #2416 ) ) GLOBAL_UNIT_ASSIGNED_CONTEXT ( ( #3576, #2828, #4226 ) ) REPRESENTATION_CONTEXT ( 'NONE', 'WORKASPACE' ) );
#727 = DIRECTION ( 'NONE',  ( 1.000000000000000000, 0.000000000000000000, 0.000000000000000000 ) ) ;
#728 = COLOUR_RGB ( '',0.7686274509803920907, 0.7686274509803920907, 0.7686274509803920907 ) ;
#729 = EDGE_CURVE ( 'NONE', #1859, #1956, #1502, .T. ) ;
#730 = EDGE_CURVE ( 'NONE', #4265, #321, #3861, .T. ) ;
#731 = ORIENTED_EDGE ( 'NONE', *, *, #875, .F. ) ;
#732 = CARTESIAN_POINT ( 'NONE',  ( 1.550008869355398167, 0.05611838437865356716, -1.516838761776869493 ) ) ;
#733 = VECTOR ( 'NONE', #3832, 1000.000000000000000 ) ;
#734 = EDGE_LOOP ( 'NONE', ( #2750, #1581, #1122, #2212, #2859, #341, #822, #1454, #2862, #4063, #3687 ) ) ;
#735 = ORIENTED_EDGE ( 'NONE', *, *, #3629, .F. ) ;
#736 = ORIENTED_EDGE ( 'NONE', *, *, #1430, .T. ) ;
#737 = LINE ( 'NONE', #3564, #2723 ) ;
#738 = ORIENTED_EDGE ( 'NONE', *, *, #1633, .T. ) ;
#739 = ORIENTED_EDGE ( 'NONE', *, *, #1938, .F. ) ;
#740 = DIRECTION ( 'NONE',  ( 1.000000000000000000, 0.000000000000000000, 0.000000000000000000 ) ) ;
#741 = LINE ( 'NONE', #2149, #1814 ) ;
#742 = DIRECTION ( 'NONE',  ( 0.000000000000000000, 0.000000000000000000, -1.000000000000000000 ) ) ;
#743 = CARTESIAN_POINT ( 'NONE',  ( 0.7485861198805379146, 0.04168287737454571401, -1.508317122625454143 ) ) ;
#744 = PRESENTATION_STYLE_ASSIGNMENT (( #696 ) ) ;
#745 = B_SPLINE_CURVE_WITH_KNOTS ( 'NONE', 3,
 ( #4426, #1558, #4473, #544, #170, #1582, #3665, #1952, #226, #2260 ),
 .UNSPECIFIED., .F., .F.,
 ( 4, 3, 3, 4 ),
 ( 0.000000000000000000, 1.014775933115349637E-05, 2.024199515298726572E-05, 2.523223766968288279E-05 ),
 .UNSPECIFIED. ) ;
#746 = SURFACE_SIDE_STYLE ('',( #1071 ) ) ;
#747 =( NAMED_UNIT ( * ) PLANE_ANGLE_UNIT ( ) SI_UNIT ( $, .RADIAN. ) );
#748 = DIRECTION ( 'NONE',  ( -0.000000000000000000, 1.000000000000000000, -0.000000000000000000 ) ) ;
#749 = FACE_OUTER_BOUND ( 'NONE', #3022, .T. ) ;
#750 = ORIENTED_EDGE ( 'NONE', *, *, #449, .F. ) ;
#751 = CARTESIAN_POINT ( 'NONE',  ( 1.549999202768294282, 0.06110994398145944834, -1.517627491154662556 ) ) ;
#752 = EDGE_CURVE ( 'NONE', #84, #2564, #545, .T. ) ;
#753 = VERTEX_POINT ( 'NONE', #2414 ) ;
#754 = EDGE_CURVE ( 'NONE', #3669, #3522, #2457, .T. ) ;
#755 = SURFACE_STYLE_USAGE ( .BOTH. , #3181 ) ;
#756 = ORIENTED_EDGE ( 'NONE', *, *, #2647, .F. ) ;
#757 = ORIENTED_EDGE ( 'NONE', *, *, #1845, .T. ) ;
#758 = LINE ( 'NONE', #3497, #2639 ) ;
#759 = B_SPLINE_CURVE_WITH_KNOTS ( 'NONE', 3,
 ( #2341, #3332, #177, #932, #1586, #2996, #4117, #3742, #4060, #959 ),
 .UNSPECIFIED., .F., .F.,
 ( 4, 3, 3, 4 ),
 ( 0.000000000000000000, 1.072885282551942365E-05, 2.147986152936623127E-05, 2.526070755706031089E-05 ),
 .UNSPECIFIED. ) ;
#760 = EDGE_LOOP ( 'NONE', ( #472, #2582, #1114 ) ) ;
#761 = ADVANCED_FACE ( 'NONE', ( #701 ), #4275, .T. ) ;
#762 =( NAMED_UNIT ( * ) PLANE_ANGLE_UNIT ( ) SI_UNIT ( $, .RADIAN. ) );
#763 = DIRECTION ( 'NONE',  ( -1.000000000000000000, 0.000000000000000000, -5.943634068010693762E-14 ) ) ;
#764 = FACE_OUTER_BOUND ( 'NONE', #934, .T. ) ;
#765 = DIRECTION ( 'NONE',  ( 0.000000000000000000, -1.000000000000000000, 0.000000000000000000 ) ) ;
#766 = DIRECTION ( 'NONE',  ( 0.000000000000000000, 1.000000000000000000, 0.000000000000000000 ) ) ;
#767 = CARTESIAN_POINT ( 'NONE',  ( 1.014132956314515166, 1.467759999999999954, -0.3241166210762970179 ) ) ;
#768 = LINE ( 'NONE', #1804, #769 ) ;
#769 = VECTOR ( 'NONE', #1762, 1000.000000000000000 ) ;
#770 = FILL_AREA_STYLE ('',( #3928 ) ) ;
#771 = COLOUR_RGB ( '',0.7686274509803920907, 0.7686274509803920907, 0.7686274509803920907 ) ;
#772 = PRESENTATION_LAYER_ASSIGNMENT (  '', '', ( #3053 ) ) ;
#773 = ORIENTED_EDGE ( 'NONE', *, *, #4131, .F. ) ;
#774 = CARTESIAN_POINT ( 'NONE',  ( 0.7500000000000000000, 0.06448000000000000953, -1.517759999999999998 ) ) ;
#775 = FILL_AREA_STYLE ('',( #2524 ) ) ;
#776 = VECTOR ( 'NONE', #1277, 1000.000000000000114 ) ;
#777 = VECTOR ( 'NONE', #1310, 1000.000000000000000 ) ;
#778 =( NAMED_UNIT ( * ) PLANE_ANGLE_UNIT ( ) SI_UNIT ( $, .RADIAN. ) );
#779 = ORIENTED_EDGE ( 'NONE', *, *, #1153, .F. ) ;
#780 = ORIENTED_EDGE ( 'NONE', *, *, #3150, .F. ) ;
#781 = AXIS2_PLACEMENT_3D ( 'NONE', #300, #3491, #711 ) ;
#782 = EDGE_LOOP ( 'NONE', ( #541, #3331, #1327, #2219 ) ) ;
#783 = EDGE_LOOP ( 'NONE', ( #1447, #1781, #738, #3933, #4053, #457, #954, #2947 ) ) ;
#784 = CARTESIAN_POINT ( 'NONE',  ( -0.2871923135456275200, 1.472759999999999625, 0.003507179810070972133 ) ) ;
#785 =( NAMED_UNIT ( * ) SI_UNIT ( $, .STERADIAN. ) SOLID_ANGLE_UNIT ( ) );
#786 = UNCERTAINTY_MEASURE_WITH_UNIT (LENGTH_MEASURE( 1.000000000000000082E-05 ), #3082, 'distance_accuracy_value', 'NONE');
#787 = EDGE_CURVE ( 'NONE', #2360, #4411, #924, .T. ) ;
#788 = CARTESIAN_POINT ( 'NONE',  ( 2.267759999999999998, 1.500000000000000000, 0.000000000000000000 ) ) ;
#789 = EDGE_CURVE ( 'NONE', #3522, #2482, #1135, .T. ) ;
#790 = CARTESIAN_POINT ( 'NONE',  ( 1.241999999999999993, 1.472760000000000069, -0.1937500000000000056 ) ) ;
#791 = FACE_OUTER_BOUND ( 'NONE', #1721, .T. ) ;
#792 = STYLED_ITEM ( 'NONE', ( #2141 ), #79 ) ;
#793 = CARTESIAN_POINT ( 'NONE',  ( 1.014132956314515166, 1.467759999999999954, -0.6723368301145032921 ) ) ;
#794 = VECTOR ( 'NONE', #2392, 1000.000000000000000 ) ;
#795 =( LENGTH_UNIT ( ) NAMED_UNIT ( * ) SI_UNIT ( .MILLI., .METRE. ) );
#796 =( GEOMETRIC_REPRESENTATION_CONTEXT ( 3 ) GLOBAL_UNCERTAINTY_ASSIGNED_CONTEXT ( ( #1358 ) ) GLOBAL_UNIT_ASSIGNED_CONTEXT ( ( #2872, #4222, #785 ) ) REPRESENTATION_CONTEXT ( 'NONE', 'WORKASPACE' ) );
#797 = DIRECTION ( 'NONE',  ( 0.000000000000000000, 0.000000000000000000, 1.000000000000000000 ) ) ;
#798 =( NAMED_UNIT ( * ) SI_UNIT ( $, .STERADIAN. ) SOLID_ANGLE_UNIT ( ) );
#799 =( NAMED_UNIT ( * ) SI_UNIT ( $, .STERADIAN. ) SOLID_ANGLE_UNIT ( ) );
#800 = DIRECTION ( 'NONE',  ( 0.9612861490927336883, 0.000000000000000000, 0.2755520632520511715 ) ) ;
#801 =( GEOMETRIC_REPRESENTATION_CONTEXT ( 3 ) GLOBAL_UNCERTAINTY_ASSIGNED_CONTEXT ( ( #1615 ) ) GLOBAL_UNIT_ASSIGNED_CONTEXT ( ( #504, #762, #3964 ) ) REPRESENTATION_CONTEXT ( 'NONE', 'WORKASPACE' ) );
#802 = ORIENTED_EDGE ( 'NONE', *, *, #4022, .T. ) ;
#803 = ORIENTED_EDGE ( 'NONE', *, *, #4423, .T. ) ;
#804 = LINE ( 'NONE', #453, #4488 ) ;
#805 = VERTEX_POINT ( 'NONE', #52 ) ;
#806 = AXIS2_PLACEMENT_3D ( 'NONE', #2669, #405, #4074 ) ;
#807 = ORIENTED_EDGE ( 'NONE', *, *, #3690, .F. ) ;
#808 = STYLED_ITEM ( 'NONE', ( #4250 ), #3282 ) ;
#809 = ORIENTED_EDGE ( 'NONE', *, *, #3251, .F. ) ;
#810 = CARTESIAN_POINT ( 'NONE',  ( 1.550008869355398167, 0.03316123822313039177, -0.05611838437865356022 ) ) ;
#811 = LINE ( 'NONE', #4015, #929 ) ;
#812 = PLANE ( 'NONE',  #3962 ) ;
#813 = FACE_OUTER_BOUND ( 'NONE', #3594, .T. ) ;
#814 = EDGE_CURVE ( 'NONE', #410, #3399, #1853, .T. ) ;
#815 = CARTESIAN_POINT ( 'NONE',  ( 0.7177600000000000646, 1.467759999999999954, -1.517759999999999998 ) ) ;
#816 = EDGE_CURVE ( 'NONE', #1303, #1764, #722, .T. ) ;
#817 = DIRECTION ( 'NONE',  ( -0.9615323037684311291, 0.000000000000000000, -0.2746918797667186607 ) ) ;
#818 = FILL_AREA_STYLE_COLOUR ( '', #3930 ) ;
#819 = EDGE_CURVE ( 'NONE', #4263, #980, #1162, .T. ) ;
#820 = EDGE_CURVE ( 'NONE', #599, #2937, #2129, .T. ) ;
#821 =( NAMED_UNIT ( * ) PLANE_ANGLE_UNIT ( ) SI_UNIT ( $, .RADIAN. ) );
#822 = ORIENTED_EDGE ( 'NONE', *, *, #4123, .T. ) ;
#823 = EDGE_LOOP ( 'NONE', ( #4318, #1786, #3081, #2580 ) ) ;
#824 = PRESENTATION_STYLE_ASSIGNMENT (( #498 ) ) ;
#825 = EDGE_LOOP ( 'NONE', ( #1817, #3104, #3937, #3986 ) ) ;
#826 = CARTESIAN_POINT ( 'NONE',  ( 1.057506278058297111, 1.472760000000000069, -0.5561993412986168117 ) ) ;
#827 = ORIENTED_EDGE ( 'NONE', *, *, #3373, .F. ) ;
#828 = DIRECTION ( 'NONE',  ( 0.000000000000000000, -1.000000000000000000, 0.000000000000000000 ) ) ;
#829 =( NAMED_UNIT ( * ) PLANE_ANGLE_UNIT ( ) SI_UNIT ( $, .RADIAN. ) );
#830 = LINE ( 'NONE', #2239, #4408 ) ;
#831 = ORIENTED_EDGE ( 'NONE', *, *, #3033, .T. ) ;
#832 = CARTESIAN_POINT ( 'NONE',  ( 1.551413880119462130, 0.04168287737454549891, -0.04168287737454550584 ) ) ;
#833 =( LENGTH_UNIT ( ) NAMED_UNIT ( * ) SI_UNIT ( .MILLI., .METRE. ) );
#834 = LINE ( 'NONE', #1887, #4121 ) ;
#835 = PRESENTATION_STYLE_ASSIGNMENT (( #3318 ) ) ;
#836 =( NAMED_UNIT ( * ) SI_UNIT ( $, .STERADIAN. ) SOLID_ANGLE_UNIT ( ) );
#837 = EDGE_CURVE ( 'NONE', #130, #45, #3907, .T. ) ;
#838 = DIRECTION ( 'NONE',  ( 0.000000000000000000, 1.000000000000000000, -0.000000000000000000 ) ) ;
#839 = DIRECTION ( 'NONE',  ( 0.000000000000000000, 0.000000000000000000, 1.000000000000000000 ) ) ;
#840 =( NAMED_UNIT ( * ) PLANE_ANGLE_UNIT ( ) SI_UNIT ( $, .RADIAN. ) );
#841 = PRESENTATION_STYLE_ASSIGNMENT (( #916 ) ) ;
#842 = VECTOR ( 'NONE', #2206, 1000.000000000000000 ) ;
#843 = ADVANCED_FACE ( 'NONE', ( #791 ), #2545, .F. ) ;
#844 = ADVANCED_FACE ( 'NONE', ( #813 ), #4046, .F. ) ;
#845 = CARTESIAN_POINT ( 'NONE',  ( 1.099897133544127215, 1.472760000000000069, -1.031316697909258950 ) ) ;
#846 = COLOUR_RGB ( '',0.7686274509803920907, 0.7686274509803920907, 0.7686274509803920907 ) ;
#847 = VECTOR ( 'NONE', #3396, 1000.000000000000000 ) ;
#848 = MECHANICAL_DESIGN_GEOMETRIC_PRESENTATION_REPRESENTATION (  '', ( #2538 ), #1369 ) ;
#849 = ORIENTED_EDGE ( 'NONE', *, *, #4229, .F. ) ;
#850 =( NAMED_UNIT ( * ) PLANE_ANGLE_UNIT ( ) SI_UNIT ( $, .RADIAN. ) );
#851 = ORIENTED_EDGE ( 'NONE', *, *, #3807, .T. ) ;
#852 = ORIENTED_EDGE ( 'NONE', *, *, #3628, .F. ) ;
#853 = FACE_OUTER_BOUND ( 'NONE', #2726, .T. ) ;
#854 = FILL_AREA_STYLE_COLOUR ( '', #2861 ) ;
#855 = COLOUR_RGB ( '',0.7686274509803920907, 0.7686274509803920907, 0.7686274509803920907 ) ;
#856 = ORIENTED_EDGE ( 'NONE', *, *, #3433, .T. ) ;
#857 = ORIENTED_EDGE ( 'NONE', *, *, #1903, .F. ) ;
#858 = VECTOR ( 'NONE', #1740, 1000.000000000000000 ) ;
#859 = ORIENTED_EDGE ( 'NONE', *, *, #1209, .F. ) ;
#860 = CARTESIAN_POINT ( 'NONE',  ( 0.7500000000000000000, 0.03224000000000000477, -0.06448000000000000953 ) ) ;
#861 = LINE ( 'NONE', #1565, #1326 ) ;
#862 = UNCERTAINTY_MEASURE_WITH_UNIT (LENGTH_MEASURE( 1.000000000000000082E-05 ), #3621, 'distance_accuracy_value', 'NONE');
#863 = DIRECTION ( 'NONE',  ( -0.9617234872620624708, 0.000000000000000000, -0.2740217765953968376 ) ) ;
#864 = CARTESIAN_POINT ( 'NONE',  ( 0.7500000000000000000, 1.467759999999999954, -1.489096284275170934 ) ) ;
#865 = AXIS2_PLACEMENT_3D ( 'NONE', #2568, #2610, #3974 ) ;
#866 = FILL_AREA_STYLE ('',( #3367 ) ) ;
#867 = DIRECTION ( 'NONE',  ( 0.000000000000000000, -1.000000000000000000, 0.000000000000000000 ) ) ;
#868 = PRESENTATION_LAYER_ASSIGNMENT (  '', '', ( #1747 ) ) ;
#869 = CARTESIAN_POINT ( 'NONE',  ( 0.03223999999999978272, 1.500000000000000000, -0.03223999999999999783 ) ) ;
#870 = CARTESIAN_POINT ( 'NONE',  ( 0.7485861198805380257, 0.04168287737454549197, -0.04168287737454550584 ) ) ;
#871 = VECTOR ( 'NONE', #3171, 1000.000000000000000 ) ;
#872 =( GEOMETRIC_REPRESENTATION_CONTEXT ( 3 ) GLOBAL_UNCERTAINTY_ASSIGNED_CONTEXT ( ( #3421 ) ) GLOBAL_UNIT_ASSIGNED_CONTEXT ( ( #2076, #323, #257 ) ) REPRESENTATION_CONTEXT ( 'NONE', 'WORKASPACE' ) );
#873 = CARTESIAN_POINT ( 'NONE',  ( 1.038159037018030917, 1.472760000000000069, -0.8991410363531673333 ) ) ;
#874 = ADVANCED_FACE ( 'NONE', ( #1571 ), #4019, .F. ) ;
#875 = EDGE_CURVE ( 'NONE', #3474, #2482, #2408, .T. ) ;
#876 = CIRCLE ( 'NONE', #3958, 0.03223999999999999783 ) ;
#877 = ORIENTED_EDGE ( 'NONE', *, *, #2595, .T. ) ;
#878 = SURFACE_SIDE_STYLE ('',( #3935 ) ) ;
#879 = ORIENTED_EDGE ( 'NONE', *, *, #3063, .T. ) ;
#880 = SPHERICAL_SURFACE ( 'NONE', #42, 0.03223999999999999783 ) ;
#881 = CIRCLE ( 'NONE', #1754, 0.03224000000000000477 ) ;
#882 = ORIENTED_EDGE ( 'NONE', *, *, #2901, .T. ) ;
#883 = DIRECTION ( 'NONE',  ( -0.000000000000000000, -1.000000000000000000, -0.000000000000000000 ) ) ;
#884 = ORIENTED_EDGE ( 'NONE', *, *, #359, .T. ) ;
#885 = ORIENTED_EDGE ( 'NONE', *, *, #1567, .F. ) ;
#886 = FILL_AREA_STYLE_COLOUR ( '', #1317 ) ;
#887 = UNCERTAINTY_MEASURE_WITH_UNIT (LENGTH_MEASURE( 1.000000000000000082E-05 ), #4066, 'distance_accuracy_value', 'NONE');
#888 = ORIENTED_EDGE ( 'NONE', *, *, #2108, .T. ) ;
#889 = ORIENTED_EDGE ( 'NONE', *, *, #1709, .T. ) ;
#890 = DIRECTION ( 'NONE',  ( -1.000000000000000000, 0.000000000000000000, 0.000000000000000000 ) ) ;
#891 = AXIS2_PLACEMENT_3D ( 'NONE', #2139, #4178, #4537 ) ;
#892 = SURFACE_SIDE_STYLE ('',( #1524 ) ) ;
#893 = CYLINDRICAL_SURFACE ( 'NONE', #3141, 0.03224000000000000477 ) ;
#894 = LINE ( 'NONE', #1526, #705 ) ;
#895 = DIRECTION ( 'NONE',  ( 0.2763173343569854667, 0.000000000000000000, -0.9610664548998939516 ) ) ;
#896 = FACE_OUTER_BOUND ( 'NONE', #3831, .T. ) ;
#897 = FILL_AREA_STYLE ('',( #1505 ) ) ;
#898 = SURFACE_STYLE_USAGE ( .BOTH. , #995 ) ;
#899 = VERTEX_POINT ( 'NONE', #2979 ) ;
#900 = EDGE_CURVE ( 'NONE', #2886, #2140, #894, .T. ) ;
#901 = CARTESIAN_POINT ( 'NONE',  ( 1.550000000000000044, 1.467759999999999954, -1.517759999999999998 ) ) ;
#902 = ADVANCED_FACE ( 'NONE', ( #3997 ), #1869, .F. ) ;
#903 = ORIENTED_EDGE ( 'NONE', *, *, #3143, .T. ) ;
#904 = FACE_OUTER_BOUND ( 'NONE', #2661, .T. ) ;
#905 = DIRECTION ( 'NONE',  ( -0.9619530280415479195, 0.000000000000000000, -0.2732148821746301914 ) ) ;
#906 = PLANE ( 'NONE',  #4474 ) ;
#907 = CYLINDRICAL_SURFACE ( 'NONE', #1100, 0.03224000000000000477 ) ;
#908 = EDGE_LOOP ( 'NONE', ( #1221, #2006, #3853 ) ) ;
#909 = CARTESIAN_POINT ( 'NONE',  ( 0.7500156072177827093, 0.03285181809292882921, -0.05727852204434739219 ) ) ;
#910 =( NAMED_UNIT ( * ) PLANE_ANGLE_UNIT ( ) SI_UNIT ( $, .RADIAN. ) );
#911 = FILL_AREA_STYLE ('',( #1961 ) ) ;
#912 = PLANE ( 'NONE',  #1159 ) ;
#913 = CARTESIAN_POINT ( 'NONE',  ( 1.198639842472818851, 1.472760000000000069, -1.110396224602928417 ) ) ;
#914 = CARTESIAN_POINT ( 'NONE',  ( 0.7500000000000000000, 0.03224000000000000477, -0.03224000000000000477 ) ) ;
#915 = CARTESIAN_POINT ( 'NONE',  ( 1.550270654266055148, 0.03697755138995291457, -1.502713479379099493 ) ) ;
#916 = SURFACE_STYLE_USAGE ( .BOTH. , #2614 ) ;
#917 = SURFACE_STYLE_USAGE ( .BOTH. , #1472 ) ;
#918 =( LENGTH_UNIT ( ) NAMED_UNIT ( * ) SI_UNIT ( .MILLI., .METRE. ) );
#919 = PRESENTATION_LAYER_ASSIGNMENT (  '', '', ( #2906 ) ) ;
#920 = ORIENTED_EDGE ( 'NONE', *, *, #698, .F. ) ;
#921 = ORIENTED_EDGE ( 'NONE', *, *, #3604, .T. ) ;
#922 = CARTESIAN_POINT ( 'NONE',  ( 2.299999999999999822, 1.467759999999999954, 0.000000000000000000 ) ) ;
#923 = COLOUR_RGB ( '',0.7686274509803920907, 0.7686274509803920907, 0.7686274509803920907 ) ;
#924 = CIRCLE ( 'NONE', #1215, 0.03224000000000000477 ) ;
#925 = ORIENTED_EDGE ( 'NONE', *, *, #2204, .F. ) ;
#926 = FACE_OUTER_BOUND ( 'NONE', #3187, .T. ) ;
#927 = CARTESIAN_POINT ( 'NONE',  ( 1.198639842472818851, 1.472760000000000069, -1.003132803372474902 ) ) ;
#928 = B_SPLINE_CURVE_WITH_KNOTS ( 'NONE', 3,
 ( #1734, #2454, #1052, #1797, #349, #3550, #1756, #3172, #1418, #1095 ),
 .UNSPECIFIED., .F., .F.,
 ( 4, 3, 3, 4 ),
 ( 0.000000000000000000, 1.072885282551938469E-05, 2.147986152936616011E-05, 2.526070755706061921E-05 ),
 .UNSPECIFIED. ) ;
#929 = VECTOR ( 'NONE', #1494, 1000.000000000000114 ) ;
#930 = EDGE_LOOP ( 'NONE', ( #1318, #3733, #1024, #1835 ) ) ;
#931 = VECTOR ( 'NONE', #1879, 1000.000000000000000 ) ;
#932 = CARTESIAN_POINT ( 'NONE',  ( 0.7499505401423434137, 0.05390081707645540121, -1.515974859853070678 ) ) ;
#933 = CARTESIAN_POINT ( 'NONE',  ( 1.014132956314515166, 1.472760000000000069, -0.4680929633873127660 ) ) ;
#934 = EDGE_LOOP ( 'NONE', ( #975, #1491, #3716, #543 ) ) ;
#935 = DIRECTION ( 'NONE',  ( 0.000000000000000000, 0.000000000000000000, 1.000000000000000000 ) ) ;
#936 = LINE ( 'NONE', #961, #2728 ) ;
#937 = CARTESIAN_POINT ( 'NONE',  ( 1.582239999999999869, 0.03223999999999999783, 0.000000000000000000 ) ) ;
#938 = DIRECTION ( 'NONE',  ( 0.000000000000000000, 0.000000000000000000, 1.000000000000000000 ) ) ;
#939 = EDGE_CURVE ( 'NONE', #1453, #899, #114, .T. ) ;
#940 = EDGE_CURVE ( 'NONE', #4040, #2334, #3874, .T. ) ;
#941 = CARTESIAN_POINT ( 'NONE',  ( 1.241999999999999993, 1.472760000000000069, -0.1937500000000000056 ) ) ;
#942 =( GEOMETRIC_REPRESENTATION_CONTEXT ( 3 ) GLOBAL_UNCERTAINTY_ASSIGNED_CONTEXT ( ( #1057 ) ) GLOBAL_UNIT_ASSIGNED_CONTEXT ( ( #3177, #4326, #798 ) ) REPRESENTATION_CONTEXT ( 'NONE', 'WORKASPACE' ) );
#943 = CARTESIAN_POINT ( 'NONE',  ( 0.7500000000000000000, 1.467759999999999954, -0.03223999999999956761 ) ) ;
#944 = SURFACE_STYLE_FILL_AREA ( #2065 ) ;
#945 = CARTESIAN_POINT ( 'NONE',  ( 0.03223999999999978272, 0.000000000000000000, -1.517759999999999998 ) ) ;
#946 = DIRECTION ( 'NONE',  ( -0.000000000000000000, -0.000000000000000000, -1.000000000000000000 ) ) ;
#947 = MANIFOLD_SOLID_BREP ( 'Scale1[1]', #3067 ) ;
#948 = DIRECTION ( 'NONE',  ( -1.000000000000000000, 0.000000000000000000, 0.000000000000000000 ) ) ;
#949 = AXIS2_PLACEMENT_3D ( 'NONE', #815, #3702, #2975 ) ;
#950 = VECTOR ( 'NONE', #417, 1000.000000000000114 ) ;
#951 =( NAMED_UNIT ( * ) SI_UNIT ( $, .STERADIAN. ) SOLID_ANGLE_UNIT ( ) );
#952 = EDGE_LOOP ( 'NONE', ( #2813, #475, #3315 ) ) ;
#953 = PRESENTATION_LAYER_ASSIGNMENT (  '', '', ( #575 ) ) ;
#954 = ORIENTED_EDGE ( 'NONE', *, *, #2746, .F. ) ;
#955 = DIRECTION ( 'NONE',  ( 0.9610876102172832836, 0.000000000000000000, 0.2762437428917280391 ) ) ;
#956 = STYLED_ITEM ( 'NONE', ( #3743 ), #4129 ) ;
#957 = DIRECTION ( 'NONE',  ( 0.9615825319869173438, 0.000000000000000000, 0.2745159998572559434 ) ) ;
#958 = ORIENTED_EDGE ( 'NONE', *, *, #386, .T. ) ;
#959 = CARTESIAN_POINT ( 'NONE',  ( 0.7485861198805379146, 0.04168287737454571401, -1.508317122625454143 ) ) ;
#960 = SURFACE_STYLE_USAGE ( .BOTH. , #4501 ) ;
#961 = CARTESIAN_POINT ( 'NONE',  ( 1.242000000000003990, 1.472760000000000069, -0.9259322953616510032 ) ) ;
#962 = DIRECTION ( 'NONE',  ( -1.000000000000000000, -0.000000000000000000, 0.000000000000000000 ) ) ;
#963 = CARTESIAN_POINT ( 'NONE',  ( 1.038159037018030917, 1.467759999999999954, -0.8991410363531673333 ) ) ;
#964 = DIRECTION ( 'NONE',  ( 0.2764273280489756290, 0.000000000000000000, -0.9610348236706639513 ) ) ;
#965 = CARTESIAN_POINT ( 'NONE',  ( 2.299999999999999822, 1.467759999999999954, -0.03223999999999999783 ) ) ;
#966 = AXIS2_PLACEMENT_3D ( 'NONE', #3823, #2786, #4440 ) ;
#967 = EDGE_CURVE ( 'NONE', #2630, #2388, #1206, .T. ) ;
#968 = CARTESIAN_POINT ( 'NONE',  ( 1.014132956314515166, 1.467759999999999954, -0.3241166210762970179 ) ) ;
#969 = EDGE_CURVE ( 'NONE', #1382, #1783, #2920, .T. ) ;
#970 = DIRECTION ( 'NONE',  ( 1.000000000000000000, 0.000000000000000000, -0.000000000000000000 ) ) ;
#971 = DIRECTION ( 'NONE',  ( 0.000000000000000000, 0.000000000000000000, -1.000000000000000000 ) ) ;
#972 = LINE ( 'NONE', #2744, #3051 ) ;
#973 = EDGE_CURVE ( 'NONE', #3771, #2004, #2571, .T. ) ;
#974 = CARTESIAN_POINT ( 'NONE',  ( 0.7500000000000000000, 0.000000000000000000, -1.517759999999999998 ) ) ;
#975 = ORIENTED_EDGE ( 'NONE', *, *, #466, .T. ) ;
#976 = SURFACE_STYLE_FILL_AREA ( #4553 ) ;
#977 = ORIENTED_EDGE ( 'NONE', *, *, #3604, .F. ) ;
#978 = DIRECTION ( 'NONE',  ( -0.2746459304917006072, 0.000000000000000000, 0.9615454294334448981 ) ) ;
#979 = DIRECTION ( 'NONE',  ( 0.000000000000000000, 0.000000000000000000, 1.000000000000000000 ) ) ;
#980 = VERTEX_POINT ( 'NONE', #462 ) ;
#981 = VERTEX_POINT ( 'NONE', #3270 ) ;
#982 = LINE ( 'NONE', #1665, #492 ) ;
#983 = CARTESIAN_POINT ( 'NONE',  ( 1.550002421064824665, 1.467364899508546872, -1.490551895794881343 ) ) ;
#984 = DIRECTION ( 'NONE',  ( 0.000000000000000000, 0.000000000000000000, 1.000000000000000000 ) ) ;
#985 = SURFACE_STYLE_USAGE ( .BOTH. , #1693 ) ;
#986 = DIRECTION ( 'NONE',  ( 0.000000000000000000, 0.000000000000000000, -1.000000000000000000 ) ) ;
#987 = DIRECTION ( 'NONE',  ( 1.000000000000000000, -0.000000000000000000, -0.000000000000000000 ) ) ;
#988 = PRESENTATION_STYLE_ASSIGNMENT (( #2785 ) ) ;
#989 = CARTESIAN_POINT ( 'NONE',  ( 1.242000000000003990, 1.467759999999999954, -0.8406046158351553332 ) ) ;
#990 = CARTESIAN_POINT ( 'NONE',  ( 1.550002421064824665, 1.440551895794881965, -0.03263510049145270514 ) ) ;
#991 = UNCERTAINTY_MEASURE_WITH_UNIT (LENGTH_MEASURE( 1.000000000000000082E-05 ), #1517, 'distance_accuracy_value', 'NONE');
#992 = ORIENTED_EDGE ( 'NONE', *, *, #3998, .T. ) ;
#993 = EDGE_CURVE ( 'NONE', #3850, #3771, #238, .T. ) ;
#994 = ADVANCED_FACE ( 'NONE', ( #1964 ), #565, .T. ) ;
#995 = SURFACE_SIDE_STYLE ('',( #1948 ) ) ;
#996 = VERTEX_POINT ( 'NONE', #1708 ) ;
#997 = LINE ( 'NONE', #667, #189 ) ;
#998 = ORIENTED_EDGE ( 'NONE', *, *, #2619, .T. ) ;
#999 = LINE ( 'NONE', #2796, #134 ) ;
#1000 = SURFACE_SIDE_STYLE ('',( #1703 ) ) ;
#1001 = MECHANICAL_DESIGN_GEOMETRIC_PRESENTATION_REPRESENTATION (  '', ( #4094 ), #2168 ) ;
#1002 = VECTOR ( 'NONE', #1941, 1000.000000000000114 ) ;
#1003 = DIRECTION ( 'NONE',  ( -2.101818727678164813E-16, -0.000000000000000000, -1.000000000000000000 ) ) ;
#1004 = PRODUCT_DEFINITION_FORMATION_WITH_SPECIFIED_SOURCE ( 'ANY', '', #4463, .NOT_KNOWN. ) ;
#1005 = AXIS2_PLACEMENT_3D ( 'NONE', #441, #1774, #2875 ) ;
#1006 = VECTOR ( 'NONE', #3321, 1000.000000000000114 ) ;
#1007 = DIRECTION ( 'NONE',  ( 0.000000000000000000, 0.000000000000000000, 1.000000000000000000 ) ) ;
#1008 = MECHANICAL_DESIGN_GEOMETRIC_PRESENTATION_REPRESENTATION (  '', ( #704 ), #558 ) ;
#1009 =( GEOMETRIC_REPRESENTATION_CONTEXT ( 3 ) GLOBAL_UNCERTAINTY_ASSIGNED_CONTEXT ( ( #303 ) ) GLOBAL_UNIT_ASSIGNED_CONTEXT ( ( #3005, #2963, #1847 ) ) REPRESENTATION_CONTEXT ( 'NONE', 'WORKASPACE' ) );
#1010 =( LENGTH_UNIT ( ) NAMED_UNIT ( * ) SI_UNIT ( .MILLI., .METRE. ) );
#1011 =( NAMED_UNIT ( * ) PLANE_ANGLE_UNIT ( ) SI_UNIT ( $, .RADIAN. ) );
#1012 = PRESENTATION_STYLE_ASSIGNMENT (( #1671 ) ) ;
#1013 =( GEOMETRIC_REPRESENTATION_CONTEXT ( 3 ) GLOBAL_UNCERTAINTY_ASSIGNED_CONTEXT ( ( #4292 ) ) GLOBAL_UNIT_ASSIGNED_CONTEXT ( ( #3528, #1431, #2652 ) ) REPRESENTATION_CONTEXT ( 'NONE', 'WORKASPACE' ) );
#1014 = DIRECTION ( 'NONE',  ( -1.000000000000000000, 0.000000000000000000, 0.000000000000000000 ) ) ;
#1015 = ORIENTED_EDGE ( 'NONE', *, *, #3273, .T. ) ;
#1016 =( GEOMETRIC_REPRESENTATION_CONTEXT ( 3 ) GLOBAL_UNCERTAINTY_ASSIGNED_CONTEXT ( ( #862 ) ) GLOBAL_UNIT_ASSIGNED_CONTEXT ( ( #3621, #2223, #112 ) ) REPRESENTATION_CONTEXT ( 'NONE', 'WORKASPACE' ) );
#1017 = DIRECTION ( 'NONE',  ( -0.000000000000000000, 1.000000000000000000, -0.000000000000000000 ) ) ;
#1018 = ADVANCED_FACE ( 'NONE', ( #2758 ), #215, .F. ) ;
#1019 = ORIENTED_EDGE ( 'NONE', *, *, #562, .F. ) ;
#1020 = ADVANCED_FACE ( 'NONE', ( #3412 ), #1622, .T. ) ;
#1021 = CARTESIAN_POINT ( 'NONE',  ( 1.550114596703271452, 1.464800279668359462, -0.05051949026037672041 ) ) ;
#1022 = CARTESIAN_POINT ( 'NONE',  ( 0.7177600000000000646, 1.467759999999999954, 0.000000000000000000 ) ) ;
#1023 = AXIS2_PLACEMENT_3D ( 'NONE', #2496, #2169, #2517 ) ;
#1024 = ORIENTED_EDGE ( 'NONE', *, *, #969, .F. ) ;
#1025 = VERTEX_POINT ( 'NONE', #4505 ) ;
#1026 = COLOUR_RGB ( '',0.7686274509803920907, 0.7686274509803920907, 0.7686274509803920907 ) ;
#1027 = SURFACE_SIDE_STYLE ('',( #3184 ) ) ;
#1028 = AXIS2_PLACEMENT_3D ( 'NONE', #1535, #2281, #2187 ) ;
#1029 = DIRECTION ( 'NONE',  ( 0.9984327301130250243, 0.000000000000000000, 0.05596501978067341954 ) ) ;
#1030 = DIRECTION ( 'NONE',  ( -0.2746918797667187162, 0.000000000000000000, 0.9615323037684312402 ) ) ;
#1031 = CARTESIAN_POINT ( 'NONE',  ( 1.550000000000000044, 0.03224000000000000477, -1.550000000000000044 ) ) ;
#1032 = PRODUCT_RELATED_PRODUCT_CATEGORY ( 'part', '', ( #4463 ) ) ;
#1033 =( LENGTH_UNIT ( ) NAMED_UNIT ( * ) SI_UNIT ( .MILLI., .METRE. ) );
#1034 = CARTESIAN_POINT ( 'NONE',  ( 1.242000000000003990, 1.472760000000000069, -1.098092532209430150 ) ) ;
#1035 = FILL_AREA_STYLE_COLOUR ( '', #292 ) ;
#1036 = DIRECTION ( 'NONE',  ( 0.000000000000000000, 0.000000000000000000, -1.000000000000000000 ) ) ;
#1037 = UNCERTAINTY_MEASURE_WITH_UNIT (LENGTH_MEASURE( 1.000000000000000082E-05 ), #1140, 'distance_accuracy_value', 'NONE');
#1038 = CARTESIAN_POINT ( 'NONE',  ( 1.582239999999999869, 0.03223999999999999783, -1.517759999999999998 ) ) ;
#1039 = VECTOR ( 'NONE', #1378, 1000.000000000000000 ) ;
#1040 = ORIENTED_EDGE ( 'NONE', *, *, #3486, .T. ) ;
#1041 = DIRECTION ( 'NONE',  ( -0.9620200793798762140, 0.000000000000000000, -0.2729786930695082825 ) ) ;
#1042 = EDGE_LOOP ( 'NONE', ( #2259, #3985, #709 ) ) ;
#1043 = SURFACE_SIDE_STYLE ('',( #4197 ) ) ;
#1044 = ORIENTED_EDGE ( 'NONE', *, *, #4303, .T. ) ;
#1045 = EDGE_LOOP ( 'NONE', ( #4181, #1657, #231, #1678 ) ) ;
#1046 = EDGE_CURVE ( 'NONE', #3957, #339, #289, .T. ) ;
#1047 = EDGE_CURVE ( 'NONE', #1449, #1859, #3070, .T. ) ;
#1048 = DIRECTION ( 'NONE',  ( 0.000000000000000000, 0.000000000000000000, 1.000000000000000000 ) ) ;
#1049 = EDGE_CURVE ( 'NONE', #2624, #3920, #613, .T. ) ;
#1050 = DIRECTION ( 'NONE',  ( -0.000000000000000000, -1.000000000000000000, 0.000000000000000000 ) ) ;
#1051 = EDGE_CURVE ( 'NONE', #3569, #3402, #474, .T. ) ;
#1052 = CARTESIAN_POINT ( 'NONE',  ( 1.549984392782217224, 0.05727852204434780159, -0.03285181809292840593 ) ) ;
#1053 = DIRECTION ( 'NONE',  ( -6.305456183034494291E-15, 0.000000000000000000, 1.000000000000000000 ) ) ;
#1054 = LINE ( 'NONE', #4323, #1594 ) ;
#1055 = CYLINDRICAL_SURFACE ( 'NONE', #4166, 0.03223999999999999783 ) ;
#1056 = DIRECTION ( 'NONE',  ( -0.9615323037684311291, 0.000000000000000000, -0.2746918797667186607 ) ) ;
#1057 = UNCERTAINTY_MEASURE_WITH_UNIT (LENGTH_MEASURE( 1.000000000000000082E-05 ), #3177, 'distance_accuracy_value', 'NONE');
#1058 = ORIENTED_EDGE ( 'NONE', *, *, #1507, .F. ) ;
#1059 = CARTESIAN_POINT ( 'NONE',  ( 1.550754844051467796, 1.460824399456672085, -0.04450238832750030848 ) ) ;
#1060 = DIRECTION ( 'NONE',  ( -0.000000000000000000, -1.000000000000000000, 0.000000000000000000 ) ) ;
#1061 = EDGE_LOOP ( 'NONE', ( #4332, #2732, #3040, #1148 ) ) ;
#1062 = DIRECTION ( 'NONE',  ( 0.9611542233438712390, 0.000000000000000000, 0.2760118818968482213 ) ) ;
#1063 = ORIENTED_EDGE ( 'NONE', *, *, #2765, .T. ) ;
#1064 = CARTESIAN_POINT ( 'NONE',  ( 1.550000000000000044, 1.467759999999999954, -1.517759999999999998 ) ) ;
#1065 = STYLED_ITEM ( 'NONE', ( #3462 ), #2381 ) ;
#1066 = DIRECTION ( 'NONE',  ( 0.000000000000000000, 0.000000000000000000, -1.000000000000000000 ) ) ;
#1067 = DIRECTION ( 'NONE',  ( -0.000000000000000000, -1.000000000000000000, 0.000000000000000000 ) ) ;
#1068 =( NAMED_UNIT ( * ) SI_UNIT ( $, .STERADIAN. ) SOLID_ANGLE_UNIT ( ) );
#1069 = VECTOR ( 'NONE', #3269, 1000.000000000000114 ) ;
#1070 = VECTOR ( 'NONE', #1645, 1000.000000000000000 ) ;
#1071 = SURFACE_STYLE_FILL_AREA ( #2173 ) ;
#1072 = AXIS2_PLACEMENT_3D ( 'NONE', #311, #1377, #1696 ) ;
#1073 = ADVANCED_FACE ( 'NONE', ( #2125 ), #1196, .F. ) ;
#1074 = PLANE ( 'NONE',  #437 ) ;
#1075 = EDGE_CURVE ( 'NONE', #3735, #2482, #4528, .T. ) ;
#1076 = PRESENTATION_LAYER_ASSIGNMENT (  '', '', ( #704 ) ) ;
#1077 = MECHANICAL_DESIGN_GEOMETRIC_PRESENTATION_REPRESENTATION (  '', ( #3125 ), #1375 ) ;
#1078 = CARTESIAN_POINT ( 'NONE',  ( 0.03223999999999978272, 0.03223999999999999783, 0.000000000000000000 ) ) ;
#1079 = VECTOR ( 'NONE', #1041, 1000.000000000000000 ) ;
#1080 = ORIENTED_EDGE ( 'NONE', *, *, #4486, .F. ) ;
#1081 = AXIS2_PLACEMENT_3D ( 'NONE', #243, #2068, #267 ) ;
#1082 = CARTESIAN_POINT ( 'NONE',  ( 1.550192720806161661, 0.04983172958156364268, -1.514240128372769556 ) ) ;
#1083 = VERTEX_POINT ( 'NONE', #3846 ) ;
#1084 = DIRECTION ( 'NONE',  ( -1.000000000000000000, 0.000000000000000000, 0.000000000000000000 ) ) ;
#1085 = ORIENTED_EDGE ( 'NONE', *, *, #314, .F. ) ;
#1086 = CARTESIAN_POINT ( 'NONE',  ( 1.057807669329675626, 1.472760000000000069, -1.148070826337084016 ) ) ;
#1087 = UNCERTAINTY_MEASURE_WITH_UNIT (LENGTH_MEASURE( 1.000000000000000082E-05 ), #1231, 'distance_accuracy_value', 'NONE');
#1088 = VECTOR ( 'NONE', #526, 1000.000000000000000 ) ;
#1089 = ORIENTED_EDGE ( 'NONE', *, *, #1152, .F. ) ;
#1090 =( NAMED_UNIT ( * ) PLANE_ANGLE_UNIT ( ) SI_UNIT ( $, .RADIAN. ) );
#1091 = SURFACE_SIDE_STYLE ('',( #3568 ) ) ;
#1092 = AXIS2_PLACEMENT_3D ( 'NONE', #2122, #2167, #3524 ) ;
#1093 = DIRECTION ( 'NONE',  ( -0.000000000000000000, -1.000000000000000000, -0.000000000000000000 ) ) ;
#1094 = VECTOR ( 'NONE', #3703, 1000.000000000000114 ) ;
#1095 = CARTESIAN_POINT ( 'NONE',  ( 1.551413880119462130, 0.04168287737454549891, -0.04168287737454550584 ) ) ;
#1096 =( GEOMETRIC_REPRESENTATION_CONTEXT ( 3 ) GLOBAL_UNCERTAINTY_ASSIGNED_CONTEXT ( ( #991 ) ) GLOBAL_UNIT_ASSIGNED_CONTEXT ( ( #1517, #2237, #3329 ) ) REPRESENTATION_CONTEXT ( 'NONE', 'WORKASPACE' ) );
#1097 =( NAMED_UNIT ( * ) SI_UNIT ( $, .STERADIAN. ) SOLID_ANGLE_UNIT ( ) );
#1098 =( LENGTH_UNIT ( ) NAMED_UNIT ( * ) SI_UNIT ( .MILLI., .METRE. ) );
#1099 = FILL_AREA_STYLE_COLOUR ( '', #3837 ) ;
#1100 = AXIS2_PLACEMENT_3D ( 'NONE', #553, #4452, #2733 ) ;
#1101 = EDGE_CURVE ( 'NONE', #3931, #2388, #27, .T. ) ;
#1102 = EDGE_CURVE ( 'NONE', #3610, #2488, #2931, .T. ) ;
#1103 = CARTESIAN_POINT ( 'NONE',  ( 0.03223999999999978272, 0.000000000000000000, -0.03223999999999999783 ) ) ;
#1104 = VECTOR ( 'NONE', #1934, 1000.000000000000227 ) ;
#1105 =( LENGTH_UNIT ( ) NAMED_UNIT ( * ) SI_UNIT ( .MILLI., .METRE. ) );
#1106 = ORIENTED_EDGE ( 'NONE', *, *, #503, .F. ) ;
#1107 = EDGE_CURVE ( 'NONE', #99, #2360, #1538, .T. ) ;
#1108 = PRESENTATION_STYLE_ASSIGNMENT (( #36 ) ) ;
#1109 = CARTESIAN_POINT ( 'NONE',  ( 1.057513899447020567, 1.472760000000000069, -1.043649490149650694 ) ) ;
#1110 = ORIENTED_EDGE ( 'NONE', *, *, #2143, .F. ) ;
#1111 =( NAMED_UNIT ( * ) SI_UNIT ( $, .STERADIAN. ) SOLID_ANGLE_UNIT ( ) );
#1112 = EDGE_LOOP ( 'NONE', ( #1831, #203, #1476, #2831 ) ) ;
#1113 = DIRECTION ( 'NONE',  ( 0.000000000000000000, 0.000000000000000000, -1.000000000000000000 ) ) ;
#1114 = ORIENTED_EDGE ( 'NONE', *, *, #3486, .F. ) ;
#1115 = LINE ( 'NONE', #3478, #871 ) ;
#1116 = ORIENTED_EDGE ( 'NONE', *, *, #2432, .T. ) ;
#1117 = DIRECTION ( 'NONE',  ( 0.000000000000000000, 0.000000000000000000, -1.000000000000000000 ) ) ;
#1118 = DIRECTION ( 'NONE',  ( -0.000000000000000000, -1.000000000000000000, 0.000000000000000000 ) ) ;
#1119 = DIRECTION ( 'NONE',  ( 0.000000000000000000, 1.000000000000000000, 0.000000000000000000 ) ) ;
#1120 = CARTESIAN_POINT ( 'NONE',  ( 1.242000000000003990, 1.467759999999999954, -1.164480368551513267 ) ) ;
#1121 = FACE_OUTER_BOUND ( 'NONE', #2622, .T. ) ;
#1122 = ORIENTED_EDGE ( 'NONE', *, *, #334, .T. ) ;
#1123 = CARTESIAN_POINT ( 'NONE',  ( 0.7492451559485322488, 1.455497611672499358, -0.03917560054332769326 ) ) ;
#1124 = EDGE_CURVE ( 'NONE', #3901, #2369, #391, .T. ) ;
#1125 = EDGE_CURVE ( 'NONE', #2232, #2449, #4357, .T. ) ;
#1126 = FACE_OUTER_BOUND ( 'NONE', #2421, .T. ) ;
#1127 = ORIENTED_EDGE ( 'NONE', *, *, #1515, .T. ) ;
#1128 = EDGE_LOOP ( 'NONE', ( #2462, #172, #2337, #2218 ) ) ;
#1129 =( LENGTH_UNIT ( ) NAMED_UNIT ( * ) SI_UNIT ( .MILLI., .METRE. ) );
#1130 = DIRECTION ( 'NONE',  ( 1.000000000000000000, 0.000000000000000000, 0.000000000000000000 ) ) ;
#1131 = SURFACE_STYLE_USAGE ( .BOTH. , #1561 ) ;
#1132 = EDGE_LOOP ( 'NONE', ( #1080, #1226, #4192 ) ) ;
#1133 = CARTESIAN_POINT ( 'NONE',  ( 2.299999999999999822, 0.000000000000000000, 0.000000000000000000 ) ) ;
#1134 = DIRECTION ( 'NONE',  ( 1.000000000000000000, 0.000000000000000000, 0.000000000000000000 ) ) ;
#1135 = LINE ( 'NONE', #421, #637 ) ;
#1136 = FACE_OUTER_BOUND ( 'NONE', #3015, .T. ) ;
#1137 = CIRCLE ( 'NONE', #3715, 0.03223999999999999783 ) ;
#1138 = CARTESIAN_POINT ( 'NONE',  ( 1.582239999999999869, 0.000000000000000000, -1.550000000000000044 ) ) ;
#1139 = AXIS2_PLACEMENT_3D ( 'NONE', #3447, #645, #1483 ) ;
#1140 =( LENGTH_UNIT ( ) NAMED_UNIT ( * ) SI_UNIT ( .MILLI., .METRE. ) );
#1141 = STYLED_ITEM ( 'NONE', ( #1012 ), #761 ) ;
#1142 = SURFACE_STYLE_USAGE ( .BOTH. , #94 ) ;
#1143 =( GEOMETRIC_REPRESENTATION_CONTEXT ( 3 ) GLOBAL_UNCERTAINTY_ASSIGNED_CONTEXT ( ( #2111 ) ) GLOBAL_UNIT_ASSIGNED_CONTEXT ( ( #191, #566, #1597 ) ) REPRESENTATION_CONTEXT ( 'NONE', 'WORKASPACE' ) );
#1144 = VECTOR ( 'NONE', #3625, 1000.000000000000114 ) ;
#1145 = FACE_OUTER_BOUND ( 'NONE', #3431, .T. ) ;
#1146 = PRESENTATION_LAYER_ASSIGNMENT (  '', '', ( #183 ) ) ;
#1147 = MECHANICAL_DESIGN_GEOMETRIC_PRESENTATION_REPRESENTATION (  '', ( #2410 ), #2103 ) ;
#1148 = ORIENTED_EDGE ( 'NONE', *, *, #527, .T. ) ;
#1149 = EDGE_LOOP ( 'NONE', ( #1930, #2698, #2888, #1785 ) ) ;
#1150 = VECTOR ( 'NONE', #1056, 1000.000000000000227 ) ;
#1151 = ORIENTED_EDGE ( 'NONE', *, *, #3099, .F. ) ;
#1152 = EDGE_CURVE ( 'NONE', #4430, #2282, #3634, .T. ) ;
#1153 = EDGE_CURVE ( 'NONE', #2282, #753, #928, .T. ) ;
#1154 = VERTEX_POINT ( 'NONE', #2805 ) ;
#1155 = FILL_AREA_STYLE ('',( #4314 ) ) ;
#1156 = DIRECTION ( 'NONE',  ( -0.000000000000000000, -1.000000000000000000, 0.000000000000000000 ) ) ;
#1157 = CARTESIAN_POINT ( 'NONE',  ( 0.7498072791938382720, 0.04983172958156346921, -0.03575987162723011370 ) ) ;
#1158 = VERTEX_POINT ( 'NONE', #694 ) ;
#1159 = AXIS2_PLACEMENT_3D ( 'NONE', #1348, #2322, #655 ) ;
#1160 = FACE_OUTER_BOUND ( 'NONE', #1061, .T. ) ;
#1161 = SURFACE_SIDE_STYLE ('',( #459 ) ) ;
#1162 = LINE ( 'NONE', #4322, #3489 ) ;
#1163 =( GEOMETRIC_REPRESENTATION_CONTEXT ( 3 ) GLOBAL_UNCERTAINTY_ASSIGNED_CONTEXT ( ( #2046 ) ) GLOBAL_UNIT_ASSIGNED_CONTEXT ( ( #4366, #2321, #157 ) ) REPRESENTATION_CONTEXT ( 'NONE', 'WORKASPACE' ) );
#1164 = CARTESIAN_POINT ( 'NONE',  ( 0.7177600000000000646, 0.03223999999999999783, 0.000000000000000000 ) ) ;
#1165 = VECTOR ( 'NONE', #3693, 1000.000000000000114 ) ;
#1166 = CARTESIAN_POINT ( 'NONE',  ( 1.014132956314515166, 1.472760000000000069, -0.9914748506207977652 ) ) ;
#1167 = SURFACE_STYLE_USAGE ( .BOTH. , #2898 ) ;
#1168 = DIRECTION ( 'NONE',  ( -1.000000000000000000, 0.000000000000000000, 0.000000000000000000 ) ) ;
#1169 = VECTOR ( 'NONE', #4378, 1000.000000000000000 ) ;
#1170 = DIRECTION ( 'NONE',  ( 0.000000000000000000, -0.000000000000000000, -1.000000000000000000 ) ) ;
#1171 = CIRCLE ( 'NONE', #3902, 0.03223999999999999783 ) ;
#1172 = ORIENTED_EDGE ( 'NONE', *, *, #2164, .F. ) ;
#1173 = ORIENTED_EDGE ( 'NONE', *, *, #3891, .T. ) ;
#1174 = MECHANICAL_DESIGN_GEOMETRIC_PRESENTATION_REPRESENTATION (  '', ( #3452 ), #68 ) ;
#1175 = DIRECTION ( 'NONE',  ( 1.000000000000000000, 0.000000000000000000, -0.000000000000000000 ) ) ;
#1176 = ORIENTED_EDGE ( 'NONE', *, *, #4202, .T. ) ;
#1177 = ORIENTED_EDGE ( 'NONE', *, *, #1515, .F. ) ;
#1178 = PRESENTATION_STYLE_ASSIGNMENT (( #3257 ) ) ;
#1179 = DIRECTION ( 'NONE',  ( 0.000000000000000000, 1.000000000000000000, -0.000000000000000000 ) ) ;
#1180 = EDGE_CURVE ( 'NONE', #2868, #1083, #1504, .T. ) ;
#1181 = ORIENTED_EDGE ( 'NONE', *, *, #679, .T. ) ;
#1182 = ADVANCED_FACE ( 'NONE', ( #2151 ), #880, .T. ) ;
#1183 = CARTESIAN_POINT ( 'NONE',  ( 0.7177600000000000646, 1.467759999999999954, -0.03223999999999999783 ) ) ;
#1184 = EDGE_LOOP ( 'NONE', ( #3745, #756, #1423, #509, #809, #3310 ) ) ;
#1185 = CARTESIAN_POINT ( 'NONE',  ( 1.176924100055729561, 1.467759999999999954, -0.7833425935635931481 ) ) ;
#1186 = EDGE_CURVE ( 'NONE', #1901, #1408, #48, .T. ) ;
#1187 = EDGE_CURVE ( 'NONE', #2181, #2900, #2600, .T. ) ;
#1188 = CARTESIAN_POINT ( 'NONE',  ( 1.242000000000003990, 1.472760000000000069, -0.7307852580555117550 ) ) ;
#1189 = PRESENTATION_STYLE_ASSIGNMENT (( #162 ) ) ;
#1190 = B_SPLINE_CURVE_WITH_KNOTS ( 'NONE', 3,
 ( #860, #532, #909, #3699, #2319, #557, #481, #2973, #4320, #1960 ),
 .UNSPECIFIED., .F., .F.,
 ( 4, 3, 3, 4 ),
 ( 4.266894317102517452E-19, 1.072885282551937114E-05, 2.147986152936612962E-05, 2.526070755705998562E-05 ),
 .UNSPECIFIED. ) ;
#1191 = SURFACE_STYLE_FILL_AREA ( #4351 ) ;
#1192 =( LENGTH_UNIT ( ) NAMED_UNIT ( * ) SI_UNIT ( .MILLI., .METRE. ) );
#1193 = EDGE_LOOP ( 'NONE', ( #2261, #1200, #1512, #3770 ) ) ;
#1194 = DIRECTION ( 'NONE',  ( -1.000000000000000000, -0.000000000000000000, -0.000000000000000000 ) ) ;
#1195 = EDGE_LOOP ( 'NONE', ( #1634, #1266, #4285, #3808, #2492, #2423 ) ) ;
#1196 = PLANE ( 'NONE',  #2774 ) ;
#1197 = VERTEX_POINT ( 'NONE', #901 ) ;
#1198 = CARTESIAN_POINT ( 'NONE',  ( 2.299999999999999822, 1.467759999999999954, -1.550000000000000044 ) ) ;
#1199 = CARTESIAN_POINT ( 'NONE',  ( 1.014132956314515166, 1.472760000000000069, -0.8640816736198583259 ) ) ;
#1200 = ORIENTED_EDGE ( 'NONE', *, *, #4446, .F. ) ;
#1201 = CARTESIAN_POINT ( 'NONE',  ( 0.7500000000000000000, 0.06448000000000000953, -0.03223999999999956761 ) ) ;
#1202 = CARTESIAN_POINT ( 'NONE',  ( 0.03223999999999978272, 0.000000000000000000, -0.03223999999999999783 ) ) ;
#1203 = LINE ( 'NONE', #3673, #1396 ) ;
#1204 = PRESENTATION_STYLE_ASSIGNMENT (( #3994 ) ) ;
#1205 = DIRECTION ( 'NONE',  ( -0.000000000000000000, -1.000000000000000000, -0.000000000000000000 ) ) ;
#1206 = LINE ( 'NONE', #1501, #403 ) ;
#1207 = ADVANCED_FACE ( 'NONE', ( #2675 ), #4380, .T. ) ;
#1208 = SURFACE_SIDE_STYLE ('',( #2300 ) ) ;
#1209 = EDGE_CURVE ( 'NONE', #3735, #344, #521, .T. ) ;
#1210 = DIRECTION ( 'NONE',  ( -1.000000000000000000, 0.000000000000000000, 0.000000000000000000 ) ) ;
#1211 = CARTESIAN_POINT ( 'NONE',  ( 0.7499752951473664941, 1.465769858641931433, -0.05283099491808668224 ) ) ;
#1212 = COLOUR_RGB ( '',0.7686274509803920907, 0.7686274509803920907, 0.7686274509803920907 ) ;
#1213 = AXIS2_PLACEMENT_3D ( 'NONE', #1572, #515, #1849 ) ;
#1214 = COLOUR_RGB ( '',0.7686274509803920907, 0.7686274509803920907, 0.7686274509803920907 ) ;
#1215 = AXIS2_PLACEMENT_3D ( 'NONE', #2105, #3243, #4296 ) ;
#1216 = ORIENTED_EDGE ( 'NONE', *, *, #1711, .F. ) ;
#1217 = CARTESIAN_POINT ( 'NONE',  ( 1.551413880119462130, 1.458317122625454543, -0.04168287737454549197 ) ) ;
#1218 = ORIENTED_EDGE ( 'NONE', *, *, #449, .T. ) ;
#1219 = COLOUR_RGB ( '',0.7686274509803920907, 0.7686274509803920907, 0.7686274509803920907 ) ;
#1220 = DIRECTION ( 'NONE',  ( 1.000000000000000000, 0.000000000000000000, 0.000000000000000000 ) ) ;
#1221 = ORIENTED_EDGE ( 'NONE', *, *, #1998, .F. ) ;
#1222 = CARTESIAN_POINT ( 'NONE',  ( 1.550000000000000044, 1.467759999999999954, -1.485519999999999952 ) ) ;
#1223 = AXIS2_PLACEMENT_3D ( 'NONE', #1320, #1360, #270 ) ;
#1224 = CARTESIAN_POINT ( 'NONE',  ( 1.550192720806161661, 0.03575987162723025248, -0.04983172958156362881 ) ) ;
#1225 = ORIENTED_EDGE ( 'NONE', *, *, #787, .F. ) ;
#1226 = ORIENTED_EDGE ( 'NONE', *, *, #2107, .T. ) ;
#1227 =( NAMED_UNIT ( * ) SI_UNIT ( $, .STERADIAN. ) SOLID_ANGLE_UNIT ( ) );
#1228 = LINE ( 'NONE', #2956, #2495 ) ;
#1229 = CARTESIAN_POINT ( 'NONE',  ( 1.014132956314515166, 1.472760000000000069, -0.8640816736198583259 ) ) ;
#1230 = AXIS2_PLACEMENT_3D ( 'NONE', #1706, #635, #611 ) ;
#1231 =( LENGTH_UNIT ( ) NAMED_UNIT ( * ) SI_UNIT ( .MILLI., .METRE. ) );
#1232 = AXIS2_PLACEMENT_3D ( 'NONE', #1518, #1179, #3637 ) ;
#1233 = SURFACE_STYLE_USAGE ( .BOTH. , #4393 ) ;
#1234 = CYLINDRICAL_SURFACE ( 'NONE', #1646, 0.03224000000000000477 ) ;
#1235 = CARTESIAN_POINT ( 'NONE',  ( 0.7499911306446018777, 1.466838761776869449, -0.05611838437865346307 ) ) ;
#1236 = FILL_AREA_STYLE ('',( #2615 ) ) ;
#1237 = VECTOR ( 'NONE', #1667, 1000.000000000000000 ) ;
#1238 = COLOUR_RGB ( '',0.7686274509803920907, 0.7686274509803920907, 0.7686274509803920907 ) ;
#1239 = EDGE_CURVE ( 'NONE', #2488, #608, #745, .T. ) ;
#1240 = EDGE_CURVE ( 'NONE', #2531, #1947, #1904, .T. ) ;
#1241 = PLANE ( 'NONE',  #2854 ) ;
#1242 = VECTOR ( 'NONE', #3884, 1000.000000000000114 ) ;
#1243 = EDGE_CURVE ( 'NONE', #2087, #2601, #4445, .T. ) ;
#1244 = PRESENTATION_STYLE_ASSIGNMENT (( #542 ) ) ;
#1245 = DIRECTION ( 'NONE',  ( 1.000000000000000000, 0.000000000000000000, 0.000000000000000000 ) ) ;
#1246 = ORIENTED_EDGE ( 'NONE', *, *, #1243, .T. ) ;
#1247 = DIRECTION ( 'NONE',  ( -1.000000000000000000, 0.000000000000000000, 0.000000000000000000 ) ) ;
#1248 = CYLINDRICAL_SURFACE ( 'NONE', #3889, 0.03224000000000000477 ) ;
#1249 = ORIENTED_EDGE ( 'NONE', *, *, #1766, .F. ) ;
#1250 = COLOUR_RGB ( '',0.7686274509803920907, 0.7686274509803920907, 0.7686274509803920907 ) ;
#1251 = FACE_OUTER_BOUND ( 'NONE', #3352, .T. ) ;
#1252 = UNCERTAINTY_MEASURE_WITH_UNIT (LENGTH_MEASURE( 1.000000000000000082E-05 ), #2863, 'distance_accuracy_value', 'NONE');
#1253 = ORIENTED_EDGE ( 'NONE', *, *, #3192, .F. ) ;
#1254 = ORIENTED_EDGE ( 'NONE', *, *, #3150, .T. ) ;
#1255 = PLANE ( 'NONE',  #2331 ) ;
#1256 = SURFACE_STYLE_USAGE ( .BOTH. , #2735 ) ;
#1257 = PRESENTATION_STYLE_ASSIGNMENT (( #4413 ) ) ;
#1258 =( NAMED_UNIT ( * ) PLANE_ANGLE_UNIT ( ) SI_UNIT ( $, .RADIAN. ) );
#1259 = PRESENTATION_LAYER_ASSIGNMENT (  '', '', ( #1539 ) ) ;
#1260 = LINE ( 'NONE', #1916, #1673 ) ;
#1261 = PRESENTATION_STYLE_ASSIGNMENT (( #1282 ) ) ;
#1262 = LINE ( 'NONE', #2668, #2329 ) ;
#1263 =( NAMED_UNIT ( * ) PLANE_ANGLE_UNIT ( ) SI_UNIT ( $, .RADIAN. ) );
#1264 = CARTESIAN_POINT ( 'NONE',  ( 1.099889512155283189, 1.472760000000000069, -0.6416697486451697907 ) ) ;
#1265 = ORIENTED_EDGE ( 'NONE', *, *, #3624, .T. ) ;
#1266 = ORIENTED_EDGE ( 'NONE', *, *, #1180, .F. ) ;
#1267 = CARTESIAN_POINT ( 'NONE',  ( 1.039135960447848950, 1.472760000000000069, -0.7421563696426072276 ) ) ;
#1268 = EDGE_CURVE ( 'NONE', #4500, #1408, #2625, .T. ) ;
#1269 = VERTEX_POINT ( 'NONE', #1980 ) ;
#1270 = ADVANCED_FACE ( 'NONE', ( #3380 ), #4110, .F. ) ;
#1271 = DIRECTION ( 'NONE',  ( 0.9615454294334448981, 0.000000000000000000, 0.2746459304917006072 ) ) ;
#1272 =( LENGTH_UNIT ( ) NAMED_UNIT ( * ) SI_UNIT ( .MILLI., .METRE. ) );
#1273 =( NAMED_UNIT ( * ) SI_UNIT ( $, .STERADIAN. ) SOLID_ANGLE_UNIT ( ) );
#1274 = ORIENTED_EDGE ( 'NONE', *, *, #597, .F. ) ;
#1275 = DIRECTION ( 'NONE',  ( -0.7083077534944017817, 0.000000000000000000, -0.7059037656364455238 ) ) ;
#1276 = ORIENTED_EDGE ( 'NONE', *, *, #2746, .T. ) ;
#1277 = DIRECTION ( 'NONE',  ( 0.9610348236706638403, 0.000000000000000000, 0.2764273280489756290 ) ) ;
#1278 = PRESENTATION_STYLE_ASSIGNMENT (( #1256 ) ) ;
#1279 = SURFACE_STYLE_USAGE ( .BOTH. , #2242 ) ;
#1280 = CARTESIAN_POINT ( 'NONE',  ( 1.242000000000003990, 1.472760000000000069, -0.7307852580555117550 ) ) ;
#1281 = FILL_AREA_STYLE ('',( #4145 ) ) ;
#1282 = SURFACE_STYLE_USAGE ( .BOTH. , #1208 ) ;
#1283 = FACE_OUTER_BOUND ( 'NONE', #601, .T. ) ;
#1284 = DIRECTION ( 'NONE',  ( -0.000000000000000000, 0.000000000000000000, 1.000000000000000000 ) ) ;
#1285 = DIRECTION ( 'NONE',  ( 0.000000000000000000, 0.000000000000000000, -1.000000000000000000 ) ) ;
#1286 = LINE ( 'NONE', #3050, #3816 ) ;
#1287 = CARTESIAN_POINT ( 'NONE',  ( 1.014132956314515166, 1.472760000000000069, -0.3241166210762970179 ) ) ;
#1288 = STYLED_ITEM ( 'NONE', ( #3345 ), #2347 ) ;
#1289 = ORIENTED_EDGE ( 'NONE', *, *, #1998, .T. ) ;
#1290 = DIRECTION ( 'NONE',  ( 0.000000000000000000, 0.000000000000000000, 1.000000000000000000 ) ) ;
#1291 = STYLED_ITEM ( 'NONE', ( #1261 ), #1822 ) ;
#1292 = VECTOR ( 'NONE', #1118, 1000.000000000000000 ) ;
#1293 = VERTEX_POINT ( 'NONE', #4193 ) ;
#1294 = DIRECTION ( 'NONE',  ( 0.000000000000000000, 0.000000000000000000, 1.000000000000000000 ) ) ;
#1295 = UNCERTAINTY_MEASURE_WITH_UNIT (LENGTH_MEASURE( 1.000000000000000082E-05 ), #1924, 'distance_accuracy_value', 'NONE');
#1296 = CARTESIAN_POINT ( 'NONE',  ( 2.267759999999999998, 0.000000000000000000, -0.03223999999999999783 ) ) ;
#1297 = ORIENTED_EDGE ( 'NONE', *, *, #4256, .T. ) ;
#1298 = STYLED_ITEM ( 'NONE', ( #2826 ), #1182 ) ;
#1299 = ORIENTED_EDGE ( 'NONE', *, *, #1692, .F. ) ;
#1300 = EDGE_CURVE ( 'NONE', #3669, #4177, #559, .T. ) ;
#1301 = LINE ( 'NONE', #2707, #4124 ) ;
#1302 = EDGE_CURVE ( 'NONE', #1473, #3183, #338, .T. ) ;
#1303 = VERTEX_POINT ( 'NONE', #1680 ) ;
#1304 =( LENGTH_UNIT ( ) NAMED_UNIT ( * ) SI_UNIT ( .MILLI., .METRE. ) );
#1305 = VECTOR ( 'NONE', #4032, 1000.000000000000000 ) ;
#1306 = CARTESIAN_POINT ( 'NONE',  ( 1.198639842472818851, 1.472760000000000069, -1.110396224602928417 ) ) ;
#1307 = SURFACE_STYLE_FILL_AREA ( #3793 ) ;
#1308 = DIRECTION ( 'NONE',  ( -0.000000000000000000, -1.000000000000000000, 0.000000000000000000 ) ) ;
#1309 = AXIS2_PLACEMENT_3D ( 'NONE', #3369, #895, #141 ) ;
#1310 = DIRECTION ( 'NONE',  ( 0.000000000000000000, 0.000000000000000000, 1.000000000000000000 ) ) ;
#1311 = CARTESIAN_POINT ( 'NONE',  ( 1.242000000000003990, 1.472760000000000069, -0.4130027959786720659 ) ) ;
#1312 = DIRECTION ( 'NONE',  ( 0.000000000000000000, -1.000000000000000000, -2.101818727678164320E-16 ) ) ;
#1313 = CARTESIAN_POINT ( 'NONE',  ( 1.014132956314515166, 1.472760000000000069, -0.2592350482359317976 ) ) ;
#1314 = DIRECTION ( 'NONE',  ( -0.000000000000000000, -1.000000000000000000, 0.000000000000000000 ) ) ;
#1315 =( GEOMETRIC_REPRESENTATION_CONTEXT ( 3 ) GLOBAL_UNCERTAINTY_ASSIGNED_CONTEXT ( ( #4113 ) ) GLOBAL_UNIT_ASSIGNED_CONTEXT ( ( #308, #3750, #1689 ) ) REPRESENTATION_CONTEXT ( 'NONE', 'WORKASPACE' ) );
#1316 = VECTOR ( 'NONE', #1929, 1000.000000000000000 ) ;
#1317 = COLOUR_RGB ( '',0.7921568627450980005, 0.8196078431372548767, 0.9333333333333333481 ) ;
#1318 = ORIENTED_EDGE ( 'NONE', *, *, #2164, .T. ) ;
#1319 = MECHANICAL_DESIGN_GEOMETRIC_PRESENTATION_REPRESENTATION (  '', ( #4546 ), #1458 ) ;
#1320 = CARTESIAN_POINT ( 'NONE',  ( 2.267759999999999998, 0.03223999999999999783, -0.03223999999999999783 ) ) ;
#1321 = DIRECTION ( 'NONE',  ( 0.000000000000000000, 1.000000000000000000, 0.000000000000000000 ) ) ;
#1322 = SURFACE_STYLE_USAGE ( .BOTH. , #4478 ) ;
#1323 = VERTEX_POINT ( 'NONE', #1746 ) ;
#1324 = ORIENTED_EDGE ( 'NONE', *, *, #4444, .F. ) ;
#1325 = B_SPLINE_CURVE_WITH_KNOTS ( 'NONE', 3,
 ( #2352, #4420, #3681, #3654, #1211, #1235, #3027, #2946, #4439, #4102 ),
 .UNSPECIFIED., .F., .F.,
 ( 4, 3, 3, 4 ),
 ( 0.000000000000000000, 1.014775933115382163E-05, 2.024199515298781121E-05, 2.523223766968302848E-05 ),
 .UNSPECIFIED. ) ;
#1326 = VECTOR ( 'NONE', #2939, 1000.000000000000000 ) ;
#1327 = ORIENTED_EDGE ( 'NONE', *, *, #3433, .F. ) ;
#1328 = DIRECTION ( 'NONE',  ( 1.000000000000000000, 0.000000000000000000, 0.000000000000000000 ) ) ;
#1329 = DIRECTION ( 'NONE',  ( -1.000000000000000000, 0.000000000000000000, 0.000000000000000000 ) ) ;
#1330 = CARTESIAN_POINT ( 'NONE',  ( 2.267759999999999998, 0.000000000000000000, -1.517759999999999998 ) ) ;
#1331 =( NAMED_UNIT ( * ) SI_UNIT ( $, .STERADIAN. ) SOLID_ANGLE_UNIT ( ) );
#1332 = EDGE_CURVE ( 'NONE', #4039, #4282, #4017, .T. ) ;
#1333 = MECHANICAL_DESIGN_GEOMETRIC_PRESENTATION_REPRESENTATION (  '', ( #3215 ), #801 ) ;
#1334 = FACE_OUTER_BOUND ( 'NONE', #930, .T. ) ;
#1335 = SURFACE_SIDE_STYLE ('',( #4187 ) ) ;
#1336 = LINE ( 'NONE', #1311, #3423 ) ;
#1337 = FACE_OUTER_BOUND ( 'NONE', #3427, .T. ) ;
#1338 = EDGE_CURVE ( 'NONE', #3900, #67, #3785, .T. ) ;
#1339 = DIRECTION ( 'NONE',  ( 1.000000000000000000, -0.000000000000000000, 0.000000000000000000 ) ) ;
#1340 = ADVANCED_FACE ( 'NONE', ( #1384 ), #3163, .T. ) ;
#1341 = DIRECTION ( 'NONE',  ( -0.000000000000000000, -1.000000000000000000, 0.000000000000000000 ) ) ;
#1342 = SURFACE_STYLE_FILL_AREA ( #1424 ) ;
#1343 = ORIENTED_EDGE ( 'NONE', *, *, #1626, .F. ) ;
#1344 = DIRECTION ( 'NONE',  ( 0.000000000000000000, 0.000000000000000000, -1.000000000000000000 ) ) ;
#1345 = ORIENTED_EDGE ( 'NONE', *, *, #1711, .T. ) ;
#1346 = DIRECTION ( 'NONE',  ( -0.000000000000000000, -1.000000000000000000, 0.000000000000000000 ) ) ;
#1347 = FILL_AREA_STYLE_COLOUR ( '', #2356 ) ;
#1348 = CARTESIAN_POINT ( 'NONE',  ( 2.299999999999999822, 1.500000000000000000, 0.000000000000000000 ) ) ;
#1349 = PRESENTATION_STYLE_ASSIGNMENT (( #287 ) ) ;
#1350 = DIRECTION ( 'NONE',  ( 0.000000000000000000, 0.000000000000000000, -1.000000000000000000 ) ) ;
#1351 =( NAMED_UNIT ( * ) SI_UNIT ( $, .STERADIAN. ) SOLID_ANGLE_UNIT ( ) );
#1352 = PRESENTATION_STYLE_ASSIGNMENT (( #4126 ) ) ;
#1353 =( LENGTH_UNIT ( ) NAMED_UNIT ( * ) SI_UNIT ( .MILLI., .METRE. ) );
#1354 = UNCERTAINTY_MEASURE_WITH_UNIT (LENGTH_MEASURE( 1.000000000000000082E-05 ), #4146, 'distance_accuracy_value', 'NONE');
#1355 = EDGE_CURVE ( 'NONE', #805, #2216, #4176, .T. ) ;
#1356 = EDGE_CURVE ( 'NONE', #317, #4109, #2385, .T. ) ;
#1357 = LINE ( 'NONE', #3078, #1150 ) ;
#1358 = UNCERTAINTY_MEASURE_WITH_UNIT (LENGTH_MEASURE( 1.000000000000000082E-05 ), #2872, 'distance_accuracy_value', 'NONE');
#1359 = ORIENTED_EDGE ( 'NONE', *, *, #752, .T. ) ;
#1360 = DIRECTION ( 'NONE',  ( 0.000000000000000000, 1.000000000000000000, 0.000000000000000000 ) ) ;
#1361 = EDGE_CURVE ( 'NONE', #4109, #4089, #2674, .T. ) ;
#1362 = VERTEX_POINT ( 'NONE', #2445 ) ;
#1363 = CARTESIAN_POINT ( 'NONE',  ( 1.551413880119462130, 0.04168287737454571401, -1.508317122625454143 ) ) ;
#1364 = AXIS2_PLACEMENT_3D ( 'NONE', #3413, #2718, #4147 ) ;
#1365 = UNCERTAINTY_MEASURE_WITH_UNIT (LENGTH_MEASURE( 1.000000000000000082E-05 ), #1353, 'distance_accuracy_value', 'NONE');
#1366 = ORIENTED_EDGE ( 'NONE', *, *, #2062, .T. ) ;
#1367 = CARTESIAN_POINT ( 'NONE',  ( 1.099889512155283189, 1.467759999999999954, -0.5438665490579562833 ) ) ;
#1368 = PRESENTATION_LAYER_ASSIGNMENT (  '', '', ( #1429 ) ) ;
#1369 =( GEOMETRIC_REPRESENTATION_CONTEXT ( 3 ) GLOBAL_UNCERTAINTY_ASSIGNED_CONTEXT ( ( #1365 ) ) GLOBAL_UNIT_ASSIGNED_CONTEXT ( ( #1353, #1401, #3822 ) ) REPRESENTATION_CONTEXT ( 'NONE', 'WORKASPACE' ) );
#1370 = CARTESIAN_POINT ( 'NONE',  ( 1.582239999999999869, 0.03223999999999999783, -0.03223999999999999783 ) ) ;
#1371 = FACE_OUTER_BOUND ( 'NONE', #525, .T. ) ;
#1372 = LINE ( 'NONE', #2077, #1745 ) ;
#1373 = STYLED_ITEM ( 'NONE', ( #2016 ), #994 ) ;
#1374 = AXIS2_PLACEMENT_3D ( 'NONE', #2686, #4090, #3746 ) ;
#1375 =( GEOMETRIC_REPRESENTATION_CONTEXT ( 3 ) GLOBAL_UNCERTAINTY_ASSIGNED_CONTEXT ( ( #3430 ) ) GLOBAL_UNIT_ASSIGNED_CONTEXT ( ( #1759, #747, #163 ) ) REPRESENTATION_CONTEXT ( 'NONE', 'WORKASPACE' ) );
#1376 = CARTESIAN_POINT ( 'NONE',  ( 1.241999999999999993, 1.467759999999999954, -0.1937500000000000056 ) ) ;
#1377 = DIRECTION ( 'NONE',  ( -2.101818727678164567E-16, 0.000000000000000000, 1.000000000000000000 ) ) ;
#1378 = DIRECTION ( 'NONE',  ( 0.000000000000000000, 0.000000000000000000, -1.000000000000000000 ) ) ;
#1379 = CARTESIAN_POINT ( 'NONE',  ( 1.550192720806161661, 1.450168270418436434, -0.03575987162723004431 ) ) ;
#1380 = EDGE_CURVE ( 'NONE', #2181, #2402, #997, .T. ) ;
#1381 = EDGE_CURVE ( 'NONE', #2966, #83, #687, .T. ) ;
#1382 = VERTEX_POINT ( 'NONE', #1446 ) ;
#1383 = STYLED_ITEM ( 'NONE', ( #3815 ), #3512 ) ;
#1384 = FACE_OUTER_BOUND ( 'NONE', #576, .T. ) ;
#1385 = VECTOR ( 'NONE', #460, 1000.000000000000000 ) ;
#1386 = ORIENTED_EDGE ( 'NONE', *, *, #2901, .F. ) ;
#1387 = LINE ( 'NONE', #4558, #733 ) ;
#1388 = LINE ( 'NONE', #1199, #271 ) ;
#1389 = VECTOR ( 'NONE', #137, 1000.000000000000000 ) ;
#1390 = ORIENTED_EDGE ( 'NONE', *, *, #1648, .T. ) ;
#1391 = VECTOR ( 'NONE', #3132, 1000.000000000000000 ) ;
#1392 = PRESENTATION_STYLE_ASSIGNMENT (( #674 ) ) ;
#1393 = ORIENTED_EDGE ( 'NONE', *, *, #3033, .F. ) ;
#1394 = LINE ( 'NONE', #3498, #360 ) ;
#1395 = PLANE ( 'NONE',  #3208 ) ;
#1396 = VECTOR ( 'NONE', #442, 1000.000000000000000 ) ;
#1397 = CARTESIAN_POINT ( 'NONE',  ( 1.118274379689098152, 1.472760000000000069, -0.3617177801565755191 ) ) ;
#1398 = CARTESIAN_POINT ( 'NONE',  ( 0.7500000000000000000, 0.03224000000000000477, -1.517759999999999998 ) ) ;
#1399 =( LENGTH_UNIT ( ) NAMED_UNIT ( * ) SI_UNIT ( .MILLI., .METRE. ) );
#1400 = CIRCLE ( 'NONE', #4268, 0.03223999999999999783 ) ;
#1401 =( NAMED_UNIT ( * ) PLANE_ANGLE_UNIT ( ) SI_UNIT ( $, .RADIAN. ) );
#1402 = FILL_AREA_STYLE ('',( #1099 ) ) ;
#1403 = AXIS2_PLACEMENT_3D ( 'NONE', #2512, #539, #4284 ) ;
#1404 = DIRECTION ( 'NONE',  ( 0.000000000000000000, 0.000000000000000000, 1.000000000000000000 ) ) ;
#1405 = VECTOR ( 'NONE', #3394, 1000.000000000000000 ) ;
#1406 = ORIENTED_EDGE ( 'NONE', *, *, #4487, .T. ) ;
#1407 = DIRECTION ( 'NONE',  ( 1.000000000000000000, -0.000000000000000000, 0.000000000000000000 ) ) ;
#1408 = VERTEX_POINT ( 'NONE', #3179 ) ;
#1409 = PRESENTATION_STYLE_ASSIGNMENT (( #4516 ) ) ;
#1410 = PLANE ( 'NONE',  #53 ) ;
#1411 = FILL_AREA_STYLE_COLOUR ( '', #2869 ) ;
#1412 = EDGE_CURVE ( 'NONE', #3376, #3384, #64, .T. ) ;
#1413 = ADVANCED_FACE ( 'NONE', ( #2923 ), #3912, .F. ) ;
#1414 = ORIENTED_EDGE ( 'NONE', *, *, #1660, .T. ) ;
#1415 = CARTESIAN_POINT ( 'NONE',  ( 1.014132956314515166, 1.472760000000000069, -0.4680929633873127660 ) ) ;
#1416 = PRESENTATION_STYLE_ASSIGNMENT (( #389 ) ) ;
#1417 = CARTESIAN_POINT ( 'NONE',  ( 1.198648156714193780, 1.467759999999999954, -0.6420286467557699828 ) ) ;
#1418 = CARTESIAN_POINT ( 'NONE',  ( 1.551143600089036623, 0.04256520214486404080, -0.04080055260407671608 ) ) ;
#1419 = DIRECTION ( 'NONE',  ( 0.9610992334315860974, 0.000000000000000000, 0.2762033010252007426 ) ) ;
#1420 = CARTESIAN_POINT ( 'NONE',  ( 1.057506278058297111, 1.472760000000000069, -0.6600178949437544018 ) ) ;
#1421 = DIRECTION ( 'NONE',  ( 1.000000000000000000, 0.000000000000000000, 0.000000000000000000 ) ) ;
#1422 = FACE_OUTER_BOUND ( 'NONE', #3961, .T. ) ;
#1423 = ORIENTED_EDGE ( 'NONE', *, *, #1437, .F. ) ;
#1424 = FILL_AREA_STYLE ('',( #2463 ) ) ;
#1425 = ORIENTED_EDGE ( 'NONE', *, *, #1846, .F. ) ;
#1426 = DIRECTION ( 'NONE',  ( 1.000000000000000000, 0.000000000000000000, 0.000000000000000000 ) ) ;
#1427 = PRESENTATION_STYLE_ASSIGNMENT (( #306 ) ) ;
#1428 = ADVANCED_FACE ( 'NONE', ( #3981 ), #2210, .F. ) ;
#1429 = STYLED_ITEM ( 'NONE', ( #1244 ), #4397 ) ;
#1430 = EDGE_CURVE ( 'NONE', #1293, #3983, #4267, .T. ) ;
#1431 =( NAMED_UNIT ( * ) PLANE_ANGLE_UNIT ( ) SI_UNIT ( $, .RADIAN. ) );
#1432 = DIRECTION ( 'NONE',  ( -1.000000000000000000, 0.000000000000000000, 0.000000000000000000 ) ) ;
#1433 = AXIS2_PLACEMENT_3D ( 'NONE', #2213, #2887, #4287 ) ;
#1434 = VECTOR ( 'NONE', #1826, 1000.000000000000227 ) ;
#1435 = CARTESIAN_POINT ( 'NONE',  ( 2.267759999999999998, 1.467759999999999954, -1.517759999999999998 ) ) ;
#1436 =( GEOMETRIC_REPRESENTATION_CONTEXT ( 3 ) GLOBAL_UNCERTAINTY_ASSIGNED_CONTEXT ( ( #1684 ) ) GLOBAL_UNIT_ASSIGNED_CONTEXT ( ( #1896, #1713, #2018 ) ) REPRESENTATION_CONTEXT ( 'NONE', 'WORKASPACE' ) );
#1437 = EDGE_CURVE ( 'NONE', #3031, #317, #4045, .T. ) ;
#1438 = PRESENTATION_LAYER_ASSIGNMENT (  '', '', ( #2099 ) ) ;
#1439 = VECTOR ( 'NONE', #659, 1000.000000000000227 ) ;
#1440 = AXIS2_PLACEMENT_3D ( 'NONE', #3651, #2299, #139 ) ;
#1441 = SURFACE_SIDE_STYLE ('',( #3223 ) ) ;
#1442 = PRESENTATION_STYLE_ASSIGNMENT (( #2882 ) ) ;
#1443 = FILL_AREA_STYLE_COLOUR ( '', #3429 ) ;
#1444 = ORIENTED_EDGE ( 'NONE', *, *, #56, .T. ) ;
#1445 = VECTOR ( 'NONE', #143, 1000.000000000000114 ) ;
#1446 = CARTESIAN_POINT ( 'NONE',  ( 1.014132956314515166, 1.472760000000000069, -0.9914748506207977652 ) ) ;
#1447 = ORIENTED_EDGE ( 'NONE', *, *, #2195, .T. ) ;
#1448 = ORIENTED_EDGE ( 'NONE', *, *, #3247, .F. ) ;
#1449 = VERTEX_POINT ( 'NONE', #2137 ) ;
#1450 = AXIS2_PLACEMENT_3D ( 'NONE', #1498, #2918, #4043 ) ;
#1451 = DIRECTION ( 'NONE',  ( -0.000000000000000000, -1.000000000000000000, 0.000000000000000000 ) ) ;
#1452 = UNCERTAINTY_MEASURE_WITH_UNIT (LENGTH_MEASURE( 1.000000000000000082E-05 ), #3353, 'distance_accuracy_value', 'NONE');
#1453 = VERTEX_POINT ( 'NONE', #4302 ) ;
#1454 = ORIENTED_EDGE ( 'NONE', *, *, #3347, .T. ) ;
#1455 = DIRECTION ( 'NONE',  ( 0.000000000000000000, -1.000000000000000000, 2.101818727678164813E-16 ) ) ;
#1456 = AXIS2_PLACEMENT_3D ( 'NONE', #4544, #7, #1066 ) ;
#1457 = CARTESIAN_POINT ( 'NONE',  ( 2.299999999999999822, 1.467759999999999954, 0.000000000000000000 ) ) ;
#1458 =( GEOMETRIC_REPRESENTATION_CONTEXT ( 3 ) GLOBAL_UNCERTAINTY_ASSIGNED_CONTEXT ( ( #4496 ) ) GLOBAL_UNIT_ASSIGNED_CONTEXT ( ( #2217, #829, #2310 ) ) REPRESENTATION_CONTEXT ( 'NONE', 'WORKASPACE' ) );
#1459 = AXIS2_PLACEMENT_3D ( 'NONE', #1769, #3129, #1113 ) ;
#1460 =( LENGTH_UNIT ( ) NAMED_UNIT ( * ) SI_UNIT ( .MILLI., .METRE. ) );
#1461 = DIRECTION ( 'NONE',  ( 0.000000000000000000, 0.000000000000000000, -1.000000000000000000 ) ) ;
#1462 = FILL_AREA_STYLE ('',( #3948 ) ) ;
#1463 = FILL_AREA_STYLE_COLOUR ( '', #4246 ) ;
#1464 =( GEOMETRIC_REPRESENTATION_CONTEXT ( 3 ) GLOBAL_UNCERTAINTY_ASSIGNED_CONTEXT ( ( #4168 ) ) GLOBAL_UNIT_ASSIGNED_CONTEXT ( ( #4438, #1011, #1712 ) ) REPRESENTATION_CONTEXT ( 'NONE', 'WORKASPACE' ) );
#1465 = PRESENTATION_LAYER_ASSIGNMENT (  '', '', ( #1686 ) ) ;
#1466 = ADVANCED_FACE ( 'NONE', ( #1145 ), #3536, .F. ) ;
#1467 = SPHERICAL_SURFACE ( 'NONE', #3499, 0.03223999999999999783 ) ;
#1468 = ADVANCED_FACE ( 'NONE', ( #3249 ), #95, .T. ) ;
#1469 = ORIENTED_EDGE ( 'NONE', *, *, #1412, .F. ) ;
#1470 = DIRECTION ( 'NONE',  ( -1.000000000000000000, 0.000000000000000000, 0.000000000000000000 ) ) ;
#1471 = AXIS2_PLACEMENT_3D ( 'NONE', #3767, #1584, #2993 ) ;
#1472 = SURFACE_SIDE_STYLE ('',( #65 ) ) ;
#1473 = VERTEX_POINT ( 'NONE', #1287 ) ;
#1474 = ORIENTED_EDGE ( 'NONE', *, *, #2740, .T. ) ;
#1475 = ORIENTED_EDGE ( 'NONE', *, *, #2002, .F. ) ;
#1476 = ORIENTED_EDGE ( 'NONE', *, *, #3537, .T. ) ;
#1477 = CARTESIAN_POINT ( 'NONE',  ( 1.111304273511819707, 1.467759999999999954, -0.2962625248033944891 ) ) ;
#1478 = EDGE_LOOP ( 'NONE', ( #2814, #4260, #4497, #712 ) ) ;
#1479 = CARTESIAN_POINT ( 'NONE',  ( 1.242000000000003990, 1.472760000000000069, -0.3436703322758215551 ) ) ;
#1480 = FILL_AREA_STYLE_COLOUR ( '', #2873 ) ;
#1481 =( NAMED_UNIT ( * ) PLANE_ANGLE_UNIT ( ) SI_UNIT ( $, .RADIAN. ) );
#1482 = LINE ( 'NONE', #353, #2186 ) ;
#1483 = DIRECTION ( 'NONE',  ( -1.000000000000000000, 0.000000000000000000, -0.000000000000000000 ) ) ;
#1484 = EDGE_CURVE ( 'NONE', #3717, #130, #167, .T. ) ;
#1485 = EDGE_CURVE ( 'NONE', #83, #2564, #570, .T. ) ;
#1486 = CARTESIAN_POINT ( 'NONE',  ( 1.550002421064824665, 0.05944810420511834059, -1.517364899508546916 ) ) ;
#1487 = ORIENTED_EDGE ( 'NONE', *, *, #3166, .F. ) ;
#1488 = FILL_AREA_STYLE_COLOUR ( '', #4190 ) ;
#1489 = ORIENTED_EDGE ( 'NONE', *, *, #1966, .F. ) ;
#1490 = ORIENTED_EDGE ( 'NONE', *, *, #3754, .F. ) ;
#1491 = ORIENTED_EDGE ( 'NONE', *, *, #1051, .F. ) ;
#1492 = DIRECTION ( 'NONE',  ( 0.000000000000000000, 0.000000000000000000, -1.000000000000000000 ) ) ;
#1493 = EDGE_LOOP ( 'NONE', ( #4406, #2317, #2147, #1977 ) ) ;
#1494 = DIRECTION ( 'NONE',  ( 0.002813301676014988168, 0.000000000000000000, -0.9999960426590095430 ) ) ;
#1495 = DIRECTION ( 'NONE',  ( 1.000000000000000000, -0.000000000000000000, -0.000000000000000000 ) ) ;
#1496 = FILL_AREA_STYLE_COLOUR ( '', #1963 ) ;
#1497 =( GEOMETRIC_REPRESENTATION_CONTEXT ( 3 ) GLOBAL_UNCERTAINTY_ASSIGNED_CONTEXT ( ( #3102 ) ) GLOBAL_UNIT_ASSIGNED_CONTEXT ( ( #3224, #3176, #356 ) ) REPRESENTATION_CONTEXT ( 'NONE', 'WORKASPACE' ) );
#1498 = CARTESIAN_POINT ( 'NONE',  ( 0.03223999999999978272, 0.03223999999999999783, -0.03223999999999999783 ) ) ;
#1499 = FILL_AREA_STYLE_COLOUR ( '', #923 ) ;
#1500 = AXIS2_PLACEMENT_3D ( 'NONE', #2548, #396, #77 ) ;
#1501 = CARTESIAN_POINT ( 'NONE',  ( 1.118274379689101039, 1.467759999999999954, -0.2940072864894035520 ) ) ;
#1502 = CIRCLE ( 'NONE', #3419, 0.03224000000000000477 ) ;
#1503 = FILL_AREA_STYLE ('',( #15 ) ) ;
#1504 = CIRCLE ( 'NONE', #4098, 0.03224000000000000477 ) ;
#1505 = FILL_AREA_STYLE_COLOUR ( '', #855 ) ;
#1506 = AXIS2_PLACEMENT_3D ( 'NONE', #2670, #948, #598 ) ;
#1507 = EDGE_CURVE ( 'NONE', #4195, #651, #4106, .T. ) ;
#1508 = ADVANCED_FACE ( 'NONE', ( #4002 ), #1241, .T. ) ;
#1509 = ORIENTED_EDGE ( 'NONE', *, *, #4201, .F. ) ;
#1510 = STYLED_ITEM ( 'NONE', ( #3581 ), #1795 ) ;
#1511 =( LENGTH_UNIT ( ) NAMED_UNIT ( * ) SI_UNIT ( .MILLI., .METRE. ) );
#1512 = ORIENTED_EDGE ( 'NONE', *, *, #2452, .F. ) ;
#1513 = CARTESIAN_POINT ( 'NONE',  ( 1.242000000000003990, 1.472760000000000069, -0.8985091539642460212 ) ) ;
#1514 = EDGE_CURVE ( 'NONE', #2402, #4111, #3302, .T. ) ;
#1515 = EDGE_CURVE ( 'NONE', #1764, #73, #2694, .T. ) ;
#1516 =( NAMED_UNIT ( * ) SI_UNIT ( $, .STERADIAN. ) SOLID_ANGLE_UNIT ( ) );
#1517 =( LENGTH_UNIT ( ) NAMED_UNIT ( * ) SI_UNIT ( .MILLI., .METRE. ) );
#1518 = CARTESIAN_POINT ( 'NONE',  ( 2.267759999999999998, 0.000000000000000000, -1.517759999999999998 ) ) ;
#1519 = DIRECTION ( 'NONE',  ( -0.000000000000000000, -0.000000000000000000, -1.000000000000000000 ) ) ;
#1520 = ORIENTED_EDGE ( 'NONE', *, *, #3998, .F. ) ;
#1521 = SURFACE_SIDE_STYLE ('',( #1863 ) ) ;
#1522 = CARTESIAN_POINT ( 'NONE',  ( 1.582239999999999869, 0.03223999999999999783, 0.000000000000000000 ) ) ;
#1523 = STYLED_ITEM ( 'NONE', ( #1257 ), #246 ) ;
#1524 = SURFACE_STYLE_FILL_AREA ( #4414 ) ;
#1525 = AXIS2_PLACEMENT_3D ( 'NONE', #307, #3109, #3387 ) ;
#1526 = CARTESIAN_POINT ( 'NONE',  ( 1.242000000000003990, 1.467759999999999954, -0.8985091539642460212 ) ) ;
#1527 = CARTESIAN_POINT ( 'NONE',  ( 1.099889512155283189, 1.472760000000000069, -0.6416697486451697907 ) ) ;
#1528 = PLANE ( 'NONE',  #3265 ) ;
#1529 = CARTESIAN_POINT ( 'NONE',  ( 1.014132956314515166, 1.467759999999999954, -0.5039962945937563887 ) ) ;
#1530 = AXIS2_PLACEMENT_3D ( 'NONE', #1183, #2605, #2631 ) ;
#1531 =( GEOMETRIC_REPRESENTATION_CONTEXT ( 3 ) GLOBAL_UNCERTAINTY_ASSIGNED_CONTEXT ( ( #2682 ) ) GLOBAL_UNIT_ASSIGNED_CONTEXT ( ( #1304, #910, #211 ) ) REPRESENTATION_CONTEXT ( 'NONE', 'WORKASPACE' ) );
#1532 = DIRECTION ( 'NONE',  ( -0.9237839814038673047, 0.000000000000000000, 0.3829140317376986125 ) ) ;
#1533 = CIRCLE ( 'NONE', #506, 0.03223999999999999783 ) ;
#1534 = ORIENTED_EDGE ( 'NONE', *, *, #4424, .T. ) ;
#1535 = CARTESIAN_POINT ( 'NONE',  ( 0.7177600000000000646, 0.03223999999999999783, -1.517759999999999998 ) ) ;
#1536 = ORIENTED_EDGE ( 'NONE', *, *, #2684, .T. ) ;
#1537 = AXIS2_PLACEMENT_3D ( 'NONE', #4407, #1247, #1631 ) ;
#1538 = LINE ( 'NONE', #2235, #3349 ) ;
#1539 = STYLED_ITEM ( 'NONE', ( #4140 ), #626 ) ;
#1540 = ORIENTED_EDGE ( 'NONE', *, *, #3539, .F. ) ;
#1541 = ADVANCED_FACE ( 'NONE', ( #4052 ), #2646, .F. ) ;
#1542 = CARTESIAN_POINT ( 'NONE',  ( 1.549999999999948530, 0.03223999999999714594, -0.06279753865652888678 ) ) ;
#1543 = ADVANCED_FACE ( 'NONE', ( #2358 ), #3762, .F. ) ;
#1544 = ORIENTED_EDGE ( 'NONE', *, *, #816, .T. ) ;
#1545 = CARTESIAN_POINT ( 'NONE',  ( 1.550474782862661938, 0.03861720962631853826, -0.03861720962631853826 ) ) ;
#1546 = FILL_AREA_STYLE_COLOUR ( '', #4410 ) ;
#1547 = LINE ( 'NONE', #2957, #3364 ) ;
#1548 = LINE ( 'NONE', #1188, #3206 ) ;
#1549 = PRESENTATION_STYLE_ASSIGNMENT (( #3725 ) ) ;
#1550 = CARTESIAN_POINT ( 'NONE',  ( 1.242000000000003990, 1.467759999999999954, -0.2585449659703213943 ) ) ;
#1551 =( LENGTH_UNIT ( ) NAMED_UNIT ( * ) SI_UNIT ( .MILLI., .METRE. ) );
#1552 = CARTESIAN_POINT ( 'NONE',  ( 1.242000000000003990, 1.467759999999999954, -0.3436703322758215551 ) ) ;
#1553 = DIRECTION ( 'NONE',  ( -0.9611638845408968512, 0.000000000000000000, -0.2759782365590690012 ) ) ;
#1554 = ORIENTED_EDGE ( 'NONE', *, *, #789, .T. ) ;
#1555 = EDGE_LOOP ( 'NONE', ( #2556, #4269, #1110, #302 ) ) ;
#1556 = LINE ( 'NONE', #2623, #4333 ) ;
#1557 = ORIENTED_EDGE ( 'NONE', *, *, #2398, .F. ) ;
#1558 = CARTESIAN_POINT ( 'NONE',  ( 0.7493022023245741181, 0.03934523786185704919, -1.505979483112765527 ) ) ;
#1559 = ORIENTED_EDGE ( 'NONE', *, *, #3916, .T. ) ;
#1560 = CARTESIAN_POINT ( 'NONE',  ( 1.198648156714193780, 1.472760000000000069, -0.5157117543673824800 ) ) ;
#1561 = SURFACE_SIDE_STYLE ('',( #507 ) ) ;
#1562 = ORIENTED_EDGE ( 'NONE', *, *, #1355, .T. ) ;
#1563 = ORIENTED_EDGE ( 'NONE', *, *, #2143, .T. ) ;
#1564 = DIRECTION ( 'NONE',  ( -0.9610992334315860974, 0.000000000000000000, -0.2762033010252008536 ) ) ;
#1565 = CARTESIAN_POINT ( 'NONE',  ( 1.198639842472818851, 1.472760000000000069, -1.003132803372474902 ) ) ;
#1566 = DIRECTION ( 'NONE',  ( 0.000000000000000000, -0.000000000000000000, -1.000000000000000000 ) ) ;
#1567 = EDGE_CURVE ( 'NONE', #2448, #651, #4076, .T. ) ;
#1568 =( NAMED_UNIT ( * ) SI_UNIT ( $, .STERADIAN. ) SOLID_ANGLE_UNIT ( ) );
#1569 = EDGE_CURVE ( 'NONE', #1910, #1947, #3374, .T. ) ;
#1570 = DIRECTION ( 'NONE',  ( -0.000000000000000000, -1.000000000000000000, 0.000000000000000000 ) ) ;
#1571 = FACE_OUTER_BOUND ( 'NONE', #2158, .T. ) ;
#1572 = CARTESIAN_POINT ( 'NONE',  ( 1.582239999999999869, 1.467759999999999954, -1.517759999999999998 ) ) ;
#1573 = DIRECTION ( 'NONE',  ( 0.000000000000000000, 0.000000000000000000, -1.000000000000000000 ) ) ;
#1574 = ADVANCED_FACE ( 'NONE', ( #3684 ), #1577, .F. ) ;
#1575 =( GEOMETRIC_REPRESENTATION_CONTEXT ( 3 ) GLOBAL_UNCERTAINTY_ASSIGNED_CONTEXT ( ( #156 ) ) GLOBAL_UNIT_ASSIGNED_CONTEXT ( ( #1811, #850, #3984 ) ) REPRESENTATION_CONTEXT ( 'NONE', 'WORKASPACE' ) );
#1576 = PRESENTATION_LAYER_ASSIGNMENT (  '', '', ( #1288 ) ) ;
#1577 = PLANE ( 'NONE',  #3272 ) ;
#1578 =( GEOMETRIC_REPRESENTATION_CONTEXT ( 3 ) GLOBAL_UNCERTAINTY_ASSIGNED_CONTEXT ( ( #2043 ) ) GLOBAL_UNIT_ASSIGNED_CONTEXT ( ( #1399, #2518, #1097 ) ) REPRESENTATION_CONTEXT ( 'NONE', 'WORKASPACE' ) );
#1579 = ORIENTED_EDGE ( 'NONE', *, *, #3838, .F. ) ;
#1580 =( GEOMETRIC_REPRESENTATION_CONTEXT ( 3 ) GLOBAL_UNCERTAINTY_ASSIGNED_CONTEXT ( ( #295 ) ) GLOBAL_UNIT_ASSIGNED_CONTEXT ( ( #2709, #2371, #4457 ) ) REPRESENTATION_CONTEXT ( 'NONE', 'WORKASPACE' ) );
#1581 = ORIENTED_EDGE ( 'NONE', *, *, #1691, .T. ) ;
#1582 = CARTESIAN_POINT ( 'NONE',  ( 0.7499911306446018777, 0.03316123822313048197, -1.493881615621346359 ) ) ;
#1583 = ORIENTED_EDGE ( 'NONE', *, *, #3658, .F. ) ;
#1584 = DIRECTION ( 'NONE',  ( -1.000000000000000000, -0.000000000000000000, -0.000000000000000000 ) ) ;
#1585 = AXIS2_PLACEMENT_3D ( 'NONE', #316, #1407, #1720 ) ;
#1586 = CARTESIAN_POINT ( 'NONE',  ( 0.7498854032967283700, 0.05051949026037715063, -1.514800279668359284 ) ) ;
#1587 = DIRECTION ( 'NONE',  ( 1.000000000000000000, 0.000000000000000000, -0.000000000000000000 ) ) ;
#1588 = VERTEX_POINT ( 'NONE', #4376 ) ;
#1589 = VERTEX_POINT ( 'NONE', #4024 ) ;
#1590 = CARTESIAN_POINT ( 'NONE',  ( 1.118274379689101039, 1.472760000000000069, -0.2940072864894035520 ) ) ;
#1591 = CARTESIAN_POINT ( 'NONE',  ( 0.03223999999999978272, 1.467759999999999954, 0.000000000000000000 ) ) ;
#1592 = CARTESIAN_POINT ( 'NONE',  ( 1.057506278058297111, 1.467759999999999954, -0.5561993412986168117 ) ) ;
#1593 = LINE ( 'NONE', #913, #199 ) ;
#1594 = VECTOR ( 'NONE', #187, 1000.000000000000000 ) ;
#1595 = PLANE ( 'NONE',  #2094 ) ;
#1596 = DIRECTION ( 'NONE',  ( -0.9610674221107078363, 0.000000000000000000, -0.2763139702539095244 ) ) ;
#1597 =( NAMED_UNIT ( * ) SI_UNIT ( $, .STERADIAN. ) SOLID_ANGLE_UNIT ( ) );
#1598 = DIRECTION ( 'NONE',  ( -0.000000000000000000, -1.000000000000000000, 0.000000000000000000 ) ) ;
#1599 = FACE_OUTER_BOUND ( 'NONE', #760, .T. ) ;
#1600 = STYLED_ITEM ( 'NONE', ( #1349 ), #3783 ) ;
#1601 = ADVANCED_FACE ( 'NONE', ( #2086 ), #3120, .F. ) ;
#1602 = EDGE_CURVE ( 'NONE', #99, #2966, #3869, .T. ) ;
#1603 = VECTOR ( 'NONE', #4355, 1000.000000000000000 ) ;
#1604 = ORIENTED_EDGE ( 'NONE', *, *, #4223, .F. ) ;
#1605 = LINE ( 'NONE', #3014, #630 ) ;
#1606 = ORIENTED_EDGE ( 'NONE', *, *, #618, .T. ) ;
#1607 = SURFACE_STYLE_USAGE ( .BOTH. , #3306 ) ;
#1608 = AXIS2_PLACEMENT_3D ( 'NONE', #3595, #435, #2386 ) ;
#1609 = ORIENTED_EDGE ( 'NONE', *, *, #653, .F. ) ;
#1610 = DIRECTION ( 'NONE',  ( 0.05596501978067341954, 0.000000000000000000, -0.9984327301130251353 ) ) ;
#1611 = LINE ( 'NONE', #149, #3956 ) ;
#1612 =( GEOMETRIC_REPRESENTATION_CONTEXT ( 3 ) GLOBAL_UNCERTAINTY_ASSIGNED_CONTEXT ( ( #1252 ) ) GLOBAL_UNIT_ASSIGNED_CONTEXT ( ( #2863, #2442, #2415 ) ) REPRESENTATION_CONTEXT ( 'NONE', 'WORKASPACE' ) );
#1613 = EDGE_LOOP ( 'NONE', ( #4239, #3709, #1958, #4215 ) ) ;
#1614 = PLANE ( 'NONE',  #1816 ) ;
#1615 = UNCERTAINTY_MEASURE_WITH_UNIT (LENGTH_MEASURE( 1.000000000000000082E-05 ), #504, 'distance_accuracy_value', 'NONE');
#1616 = VERTEX_POINT ( 'NONE', #644 ) ;
#1617 = ORIENTED_EDGE ( 'NONE', *, *, #3117, .F. ) ;
#1618 = CARTESIAN_POINT ( 'NONE',  ( 0.7500000000000000000, 0.03224000000000000477, -1.550000000000000044 ) ) ;
#1619 = CIRCLE ( 'NONE', #2439, 0.03223999999999999783 ) ;
#1620 = SURFACE_STYLE_USAGE ( .BOTH. , #2688 ) ;
#1621 = CARTESIAN_POINT ( 'NONE',  ( 0.000000000000000000, 1.467759999999999954, -1.517759999999999998 ) ) ;
#1622 = CYLINDRICAL_SURFACE ( 'NONE', #185, 0.03223999999999999783 ) ;
#1623 = LINE ( 'NONE', #3979, #3565 ) ;
#1624 = DIRECTION ( 'NONE',  ( 0.000000000000000000, -1.000000000000000000, 0.000000000000000000 ) ) ;
#1625 = DIRECTION ( 'NONE',  ( 1.000000000000000000, 0.000000000000000000, 0.000000000000000000 ) ) ;
#1626 = EDGE_CURVE ( 'NONE', #3217, #1293, #297, .T. ) ;
#1627 = ADVANCED_FACE ( 'NONE', ( #1716 ), #2045, .F. ) ;
#1628 = ORIENTED_EDGE ( 'NONE', *, *, #1300, .F. ) ;
#1629 = DIRECTION ( 'NONE',  ( -0.000000000000000000, -1.000000000000000000, 0.000000000000000000 ) ) ;
#1630 = EDGE_LOOP ( 'NONE', ( #3563, #153, #2513, #1699 ) ) ;
#1631 = DIRECTION ( 'NONE',  ( 0.000000000000000000, 0.000000000000000000, 1.000000000000000000 ) ) ;
#1632 = DIRECTION ( 'NONE',  ( 1.000000000000000000, 0.000000000000000000, 0.000000000000000000 ) ) ;
#1633 = EDGE_CURVE ( 'NONE', #1323, #3217, #415, .T. ) ;
#1634 = ORIENTED_EDGE ( 'NONE', *, *, #1742, .F. ) ;
#1635 = ORIENTED_EDGE ( 'NONE', *, *, #3337, .T. ) ;
#1636 = CARTESIAN_POINT ( 'NONE',  ( 1.550000000000000044, 1.435520000000000129, -1.517759999999999998 ) ) ;
#1637 = VERTEX_POINT ( 'NONE', #336 ) ;
#1638 =( NAMED_UNIT ( * ) SI_UNIT ( $, .STERADIAN. ) SOLID_ANGLE_UNIT ( ) );
#1639 = SURFACE_STYLE_FILL_AREA ( #2779 ) ;
#1640 = CARTESIAN_POINT ( 'NONE',  ( 1.038159037018030917, 1.472760000000000069, -0.8991410363531673333 ) ) ;
#1641 = CARTESIAN_POINT ( 'NONE',  ( 1.014132956314515166, 1.467759999999999954, -0.7921057084777192170 ) ) ;
#1642 = CARTESIAN_POINT ( 'NONE',  ( 1.549984392782217224, 0.03285181809292885002, -1.492721477955652354 ) ) ;
#1643 = CARTESIAN_POINT ( 'NONE',  ( 1.582239999999999869, 1.467759999999999954, -0.03223999999999999783 ) ) ;
#1644 = DIRECTION ( 'NONE',  ( 0.000000000000000000, 0.000000000000000000, -1.000000000000000000 ) ) ;
#1645 = DIRECTION ( 'NONE',  ( -0.000000000000000000, -1.000000000000000000, 0.000000000000000000 ) ) ;
#1646 = AXIS2_PLACEMENT_3D ( 'NONE', #450, #1210, #4049 ) ;
#1647 = ORIENTED_EDGE ( 'NONE', *, *, #814, .F. ) ;
#1648 = EDGE_CURVE ( 'NONE', #2685, #4005, #616, .T. ) ;
#1649 = PRESENTATION_LAYER_ASSIGNMENT (  '', '', ( #697 ) ) ;
#1650 = MECHANICAL_DESIGN_GEOMETRIC_PRESENTATION_REPRESENTATION (  '', ( #1868 ), #4012 ) ;
#1651 = ADVANCED_FACE ( 'NONE', ( #4213 ), #3866, .F. ) ;
#1652 =( GEOMETRIC_REPRESENTATION_CONTEXT ( 3 ) GLOBAL_UNCERTAINTY_ASSIGNED_CONTEXT ( ( #1675 ) ) GLOBAL_UNIT_ASSIGNED_CONTEXT ( ( #1272, #4353, #166 ) ) REPRESENTATION_CONTEXT ( 'NONE', 'WORKASPACE' ) );
#1653 = FACE_OUTER_BOUND ( 'NONE', #1149, .T. ) ;
#1654 = UNCERTAINTY_MEASURE_WITH_UNIT (LENGTH_MEASURE( 1.000000000000000082E-05 ), #2409, 'distance_accuracy_value', 'NONE');
#1655 = FILL_AREA_STYLE ('',( #3405 ) ) ;
#1656 = CIRCLE ( 'NONE', #1005, 0.03224000000000000477 ) ;
#1657 = ORIENTED_EDGE ( 'NONE', *, *, #192, .F. ) ;
#1658 = PRESENTATION_LAYER_ASSIGNMENT (  '', '', ( #1298 ) ) ;
#1659 =( LENGTH_UNIT ( ) NAMED_UNIT ( * ) SI_UNIT ( .MILLI., .METRE. ) );
#1660 = EDGE_CURVE ( 'NONE', #3922, #1637, #1357, .T. ) ;
#1661 = EDGE_CURVE ( 'NONE', #996, #4265, #470, .T. ) ;
#1662 = ORIENTED_EDGE ( 'NONE', *, *, #2473, .T. ) ;
#1663 = CARTESIAN_POINT ( 'NONE',  ( 1.142014311898542189, 1.467759999999999954, -1.019298461156342261 ) ) ;
#1664 = VECTOR ( 'NONE', #3017, 1000.000000000000000 ) ;
#1665 = CARTESIAN_POINT ( 'NONE',  ( 1.118274379689101039, 1.472760000000000069, -0.2940072864894035520 ) ) ;
#1666 = CARTESIAN_POINT ( 'NONE',  ( 1.550024704852633439, 1.465769858641931433, -1.497169005081912863 ) ) ;
#1667 = DIRECTION ( 'NONE',  ( -0.000000000000000000, -1.000000000000000000, 0.000000000000000000 ) ) ;
#1668 = FILL_AREA_STYLE ('',( #3460 ) ) ;
#1669 =( NAMED_UNIT ( * ) SI_UNIT ( $, .STERADIAN. ) SOLID_ANGLE_UNIT ( ) );
#1670 = PLANE ( 'NONE',  #1364 ) ;
#1671 = SURFACE_STYLE_USAGE ( .BOTH. , #293 ) ;
#1672 = DIRECTION ( 'NONE',  ( -0.000000000000000000, -0.000000000000000000, 1.000000000000000000 ) ) ;
#1673 = VECTOR ( 'NONE', #2961, 1000.000000000000114 ) ;
#1674 = DIRECTION ( 'NONE',  ( -0.004650693823668811989, 0.000000000000000000, 0.9999891854650021505 ) ) ;
#1675 = UNCERTAINTY_MEASURE_WITH_UNIT (LENGTH_MEASURE( 1.000000000000000082E-05 ), #1272, 'distance_accuracy_value', 'NONE');
#1676 = AXIS2_PLACEMENT_3D ( 'NONE', #3792, #1030, #2344 ) ;
#1677 = CARTESIAN_POINT ( 'NONE',  ( 1.014132956314515166, 1.472760000000000069, -0.9914748506207977652 ) ) ;
#1678 = ORIENTED_EDGE ( 'NONE', *, *, #3539, .T. ) ;
#1679 = CIRCLE ( 'NONE', #4258, 0.03224000000000000477 ) ;
#1680 = CARTESIAN_POINT ( 'NONE',  ( 1.142014311898065015, 1.472760000000000069, -0.6296376548220525837 ) ) ;
#1681 = ORIENTED_EDGE ( 'NONE', *, *, #4027, .F. ) ;
#1682 = CARTESIAN_POINT ( 'NONE',  ( 1.014132956314515166, 1.472760000000000069, -1.160633646121091322 ) ) ;
#1683 = MECHANICAL_DESIGN_GEOMETRIC_PRESENTATION_REPRESENTATION (  '', ( #61 ), #426 ) ;
#1684 = UNCERTAINTY_MEASURE_WITH_UNIT (LENGTH_MEASURE( 1.000000000000000082E-05 ), #1896, 'distance_accuracy_value', 'NONE');
#1685 = CARTESIAN_POINT ( 'NONE',  ( 1.551413880119462130, 1.458317122625454321, -1.508317122625454143 ) ) ;
#1686 = STYLED_ITEM ( 'NONE', ( #1278 ), #2683 ) ;
#1687 = PRESENTATION_STYLE_ASSIGNMENT (( #283 ) ) ;
#1688 = DIRECTION ( 'NONE',  ( -0.000000000000000000, -1.000000000000000000, 0.000000000000000000 ) ) ;
#1689 =( NAMED_UNIT ( * ) SI_UNIT ( $, .STERADIAN. ) SOLID_ANGLE_UNIT ( ) );
#1690 = MECHANICAL_DESIGN_GEOMETRIC_PRESENTATION_REPRESENTATION (  '', ( #4494 ), #296 ) ;
#1691 = EDGE_CURVE ( 'NONE', #3769, #3231, #2417, .T. ) ;
#1692 = EDGE_CURVE ( 'NONE', #3231, #2630, #2460, .T. ) ;
#1693 = SURFACE_SIDE_STYLE ('',( #658 ) ) ;
#1694 = SURFACE_STYLE_USAGE ( .BOTH. , #3113 ) ;
#1695 = CARTESIAN_POINT ( 'NONE',  ( 1.014132956314515166, 1.472760000000000069, -0.5039962945937563887 ) ) ;
#1696 = DIRECTION ( 'NONE',  ( 1.000000000000000000, 0.000000000000000000, 2.101818727678164320E-16 ) ) ;
#1697 = CARTESIAN_POINT ( 'NONE',  ( 1.550024704852633439, 1.447169005081913484, -0.03423014135806843466 ) ) ;
#1698 = ORIENTED_EDGE ( 'NONE', *, *, #2648, .F. ) ;
#1699 = ORIENTED_EDGE ( 'NONE', *, *, #1626, .T. ) ;
#1700 = CARTESIAN_POINT ( 'NONE',  ( 0.03223999999999999783, 0.03223999999999999783, -1.517759999999999998 ) ) ;
#1701 = LINE ( 'NONE', #625, #715 ) ;
#1702 = ORIENTED_EDGE ( 'NONE', *, *, #2473, .F. ) ;
#1703 = SURFACE_STYLE_FILL_AREA ( #582 ) ;
#1704 =( NAMED_UNIT ( * ) SI_UNIT ( $, .STERADIAN. ) SOLID_ANGLE_UNIT ( ) );
#1705 = CARTESIAN_POINT ( 'NONE',  ( 2.267759999999999998, 1.467759999999999954, -0.03223999999999999783 ) ) ;
#1706 = CARTESIAN_POINT ( 'NONE',  ( 0.7177600000000000646, 0.03223999999999999783, 0.000000000000000000 ) ) ;
#1707 =( NAMED_UNIT ( * ) PLANE_ANGLE_UNIT ( ) SI_UNIT ( $, .RADIAN. ) );
#1708 = CARTESIAN_POINT ( 'NONE',  ( 1.550000000000000044, 0.03224000000000000477, -1.517759999999999998 ) ) ;
#1709 = EDGE_CURVE ( 'NONE', #2308, #369, #4495, .T. ) ;
#1710 = FILL_AREA_STYLE ('',( #3461 ) ) ;
#1711 = EDGE_CURVE ( 'NONE', #2911, #996, #4191, .T. ) ;
#1712 =( NAMED_UNIT ( * ) SI_UNIT ( $, .STERADIAN. ) SOLID_ANGLE_UNIT ( ) );
#1713 =( NAMED_UNIT ( * ) PLANE_ANGLE_UNIT ( ) SI_UNIT ( $, .RADIAN. ) );
#1714 = DIRECTION ( 'NONE',  ( 7.938847109757214563E-05, 0.000000000000000000, -0.9999999968487351953 ) ) ;
#1715 = UNCERTAINTY_MEASURE_WITH_UNIT (LENGTH_MEASURE( 1.000000000000000082E-05 ), #3757, 'distance_accuracy_value', 'NONE');
#1716 = FACE_OUTER_BOUND ( 'NONE', #3162, .T. ) ;
#1717 = EDGE_CURVE ( 'NONE', #73, #2951, #972, .T. ) ;
#1718 = ORIENTED_EDGE ( 'NONE', *, *, #1768, .T. ) ;
#1719 = B_SPLINE_CURVE_WITH_KNOTS ( 'NONE', 3,
 ( #3598, #4317, #4362, #1157, #178, #4013, #3617, #479, #3262, #1201 ),
 .UNSPECIFIED., .F., .F.,
 ( 4, 3, 3, 4 ),
 ( 0.000000000000000000, 1.014775933115350145E-05, 2.024199515298720812E-05, 2.523223766968317756E-05 ),
 .UNSPECIFIED. ) ;
#1720 = DIRECTION ( 'NONE',  ( 0.000000000000000000, 0.000000000000000000, -1.000000000000000000 ) ) ;
#1721 = EDGE_LOOP ( 'NONE', ( #1662, #1019, #3234, #3253 ) ) ;
#1722 = CARTESIAN_POINT ( 'NONE',  ( 1.550000000000000044, 1.467759999999999954, -0.06448000000000000953 ) ) ;
#1723 = STYLED_ITEM ( 'NONE', ( #3139 ), #2253 ) ;
#1724 = ORIENTED_EDGE ( 'NONE', *, *, #3659, .T. ) ;
#1725 = PLANE ( 'NONE',  #1459 ) ;
#1726 = VECTOR ( 'NONE', #748, 1000.000000000000000 ) ;
#1727 =( GEOMETRIC_REPRESENTATION_CONTEXT ( 3 ) GLOBAL_UNCERTAINTY_ASSIGNED_CONTEXT ( ( #2428 ) ) GLOBAL_UNIT_ASSIGNED_CONTEXT ( ( #1098, #1481, #2501 ) ) REPRESENTATION_CONTEXT ( 'NONE', 'WORKASPACE' ) );
#1728 =( NAMED_UNIT ( * ) SI_UNIT ( $, .STERADIAN. ) SOLID_ANGLE_UNIT ( ) );
#1729 = FACE_OUTER_BOUND ( 'NONE', #3256, .T. ) ;
#1730 = CARTESIAN_POINT ( 'NONE',  ( 0.03223999999999978272, 1.500000000000000000, -1.517759999999999998 ) ) ;
#1731 = AXIS2_PLACEMENT_3D ( 'NONE', #4100, #2690, #591 ) ;
#1732 = AXIS2_PLACEMENT_3D ( 'NONE', #487, #2277, #1918 ) ;
#1733 = LINE ( 'NONE', #3134, #2860 ) ;
#1734 = CARTESIAN_POINT ( 'NONE',  ( 1.550000000000000044, 0.06448000000000000953, -0.03223999999999956761 ) ) ;
#1735 =( GEOMETRIC_REPRESENTATION_CONTEXT ( 3 ) GLOBAL_UNCERTAINTY_ASSIGNED_CONTEXT ( ( #2809 ) ) GLOBAL_UNIT_ASSIGNED_CONTEXT ( ( #918, #3323, #540 ) ) REPRESENTATION_CONTEXT ( 'NONE', 'WORKASPACE' ) );
#1736 = PRESENTATION_STYLE_ASSIGNMENT (( #3755 ) ) ;
#1737 = CARTESIAN_POINT ( 'NONE',  ( 2.267759999999999998, 0.03223999999999999783, -1.517759999999999998 ) ) ;
#1738 = CARTESIAN_POINT ( 'NONE',  ( 2.299999999999999822, 0.000000000000000000, -1.517759999999999998 ) ) ;
#1739 = LINE ( 'NONE', #4297, #3887 ) ;
#1740 = DIRECTION ( 'NONE',  ( 1.000000000000000000, -0.000000000000000000, -0.000000000000000000 ) ) ;
#1741 = UNCERTAINTY_MEASURE_WITH_UNIT (LENGTH_MEASURE( 1.000000000000000082E-05 ), #1105, 'distance_accuracy_value', 'NONE');
#1742 = EDGE_CURVE ( 'NONE', #1083, #175, #4152, .T. ) ;
#1743 = EDGE_CURVE ( 'NONE', #981, #1589, #2382, .T. ) ;
#1744 = ORIENTED_EDGE ( 'NONE', *, *, #1102, .F. ) ;
#1745 = VECTOR ( 'NONE', #2780, 1000.000000000000000 ) ;
#1746 = CARTESIAN_POINT ( 'NONE',  ( 1.551413880119462130, 1.458317122625454543, -0.04168287737454549197 ) ) ;
#1747 = STYLED_ITEM ( 'NONE', ( #2663 ), #223 ) ;
#1748 = ORIENTED_EDGE ( 'NONE', *, *, #1125, .F. ) ;
#1749 = VECTOR ( 'NONE', #1156, 1000.000000000000000 ) ;
#1750 =( NAMED_UNIT ( * ) SI_UNIT ( $, .STERADIAN. ) SOLID_ANGLE_UNIT ( ) );
#1751 = VECTOR ( 'NONE', #3632, 1000.000000000000000 ) ;
#1752 = ORIENTED_EDGE ( 'NONE', *, *, #2673, .F. ) ;
#1753 = DIRECTION ( 'NONE',  ( 0.4443210308329466618, 0.000000000000000000, -0.8958676361826827250 ) ) ;
#1754 = AXIS2_PLACEMENT_3D ( 'NONE', #1435, #2127, #3906 ) ;
#1755 = CYLINDRICAL_SURFACE ( 'NONE', #423, 0.03223999999999999783 ) ;
#1756 = CARTESIAN_POINT ( 'NONE',  ( 1.550754844051467796, 0.04450238832750073870, -0.03917560054332760305 ) ) ;
#1757 =( NAMED_UNIT ( * ) PLANE_ANGLE_UNIT ( ) SI_UNIT ( $, .RADIAN. ) );
#1758 = CARTESIAN_POINT ( 'NONE',  ( 1.014132956314515166, 1.467759999999999954, -0.2592350482359317976 ) ) ;
#1759 =( LENGTH_UNIT ( ) NAMED_UNIT ( * ) SI_UNIT ( .MILLI., .METRE. ) );
#1760 = PRESENTATION_STYLE_ASSIGNMENT (( #3175 ) ) ;
#1761 = VECTOR ( 'NONE', #3209, 1000.000000000000000 ) ;
#1762 = DIRECTION ( 'NONE',  ( -0.000000000000000000, -1.000000000000000000, 0.000000000000000000 ) ) ;
#1763 = CARTESIAN_POINT ( 'NONE',  ( 1.242000000000003990, 1.472760000000000069, -0.8985091539642460212 ) ) ;
#1764 = VERTEX_POINT ( 'NONE', #3487 ) ;
#1765 = CARTESIAN_POINT ( 'NONE',  ( 1.014132956314515166, 1.472760000000000069, -0.2592350482359317976 ) ) ;
#1766 = EDGE_CURVE ( 'NONE', #4263, #2685, #2157, .T. ) ;
#1767 = ORIENTED_EDGE ( 'NONE', *, *, #3009, .T. ) ;
#1768 = EDGE_CURVE ( 'NONE', #3079, #1154, #2479, .T. ) ;
#1769 = CARTESIAN_POINT ( 'NONE',  ( 1.014132956314515166, 1.472760000000000069, -0.3931040437378230390 ) ) ;
#1770 = ADVANCED_FACE ( 'NONE', ( #2506 ), #3161, .T. ) ;
#1771 = DIRECTION ( 'NONE',  ( -0.000000000000000000, 1.000000000000000000, -0.000000000000000000 ) ) ;
#1772 = LINE ( 'NONE', #2908, #3749 ) ;
#1773 =( LENGTH_UNIT ( ) NAMED_UNIT ( * ) SI_UNIT ( .MILLI., .METRE. ) );
#1774 = DIRECTION ( 'NONE',  ( 0.000000000000000000, -1.000000000000000000, -0.000000000000000000 ) ) ;
#1775 = DIRECTION ( 'NONE',  ( 0.000000000000000000, -1.000000000000000000, 0.000000000000000000 ) ) ;
#1776 = DIRECTION ( 'NONE',  ( -1.000000000000000000, 0.000000000000000000, 0.000000000000000000 ) ) ;
#1777 = SURFACE_STYLE_FILL_AREA ( #2458 ) ;
#1778 = DIRECTION ( 'NONE',  ( -0.000000000000000000, -1.000000000000000000, 0.000000000000000000 ) ) ;
#1779 = CARTESIAN_POINT ( 'NONE',  ( 1.142014311898065015, 1.467759999999999954, -0.5318483123047624828 ) ) ;
#1780 = SURFACE_SIDE_STYLE ('',( #2134 ) ) ;
#1781 = ORIENTED_EDGE ( 'NONE', *, *, #4280, .T. ) ;
#1782 = CARTESIAN_POINT ( 'NONE',  ( 1.014132956314515166, 1.472760000000000069, -0.3241166210762970179 ) ) ;
#1783 = VERTEX_POINT ( 'NONE', #3226 ) ;
#1784 = CARTESIAN_POINT ( 'NONE',  ( 2.299999999999999822, 1.500000000000000000, -1.517759999999999998 ) ) ;
#1785 = ORIENTED_EDGE ( 'NONE', *, *, #4151, .T. ) ;
#1786 = ORIENTED_EDGE ( 'NONE', *, *, #1514, .F. ) ;
#1787 = DIRECTION ( 'NONE',  ( -1.000000000000000000, 0.000000000000000000, 0.000000000000000000 ) ) ;
#1788 = VERTEX_POINT ( 'NONE', #32 ) ;
#1789 = ORIENTED_EDGE ( 'NONE', *, *, #1661, .F. ) ;
#1790 = FACE_OUTER_BOUND ( 'NONE', #3515, .T. ) ;
#1791 = COLOUR_RGB ( '',0.6470588235294117974, 0.5176470588235293491, 0.000000000000000000 ) ;
#1792 =( GEOMETRIC_REPRESENTATION_CONTEXT ( 3 ) GLOBAL_UNCERTAINTY_ASSIGNED_CONTEXT ( ( #3799 ) ) GLOBAL_UNIT_ASSIGNED_CONTEXT ( ( #1551, #2549, #799 ) ) REPRESENTATION_CONTEXT ( 'NONE', 'WORKASPACE' ) );
#1793 = ADVANCED_FACE ( 'NONE', ( #749 ), #1467, .T. ) ;
#1794 = CARTESIAN_POINT ( 'NONE',  ( 1.550697797675425926, 0.03934523786185683408, -0.04402051688723421230 ) ) ;
#1795 = ADVANCED_FACE ( 'NONE', ( #1121 ), #3534, .T. ) ;
#1796 = ORIENTED_EDGE ( 'NONE', *, *, #3167, .F. ) ;
#1797 = CARTESIAN_POINT ( 'NONE',  ( 1.550049459857656409, 0.05390081707645538039, -0.03402514014692880479 ) ) ;
#1798 = FACE_OUTER_BOUND ( 'NONE', #1128, .T. ) ;
#1799 = MECHANICAL_DESIGN_GEOMETRIC_PRESENTATION_REPRESENTATION (  '', ( #2542 ), #3185 ) ;
#1800 = LINE ( 'NONE', #4188, #1242 ) ;
#1801 = CARTESIAN_POINT ( 'NONE',  ( 1.118274379689098152, 1.472760000000000069, -0.3617177801565755191 ) ) ;
#1802 = LINE ( 'NONE', #702, #3951 ) ;
#1803 = COLOUR_RGB ( '',0.7686274509803920907, 0.7686274509803920907, 0.7686274509803920907 ) ;
#1804 = CARTESIAN_POINT ( 'NONE',  ( 1.242000000000003990, 1.472760000000000069, -0.6839081761791220293 ) ) ;
#1805 = CARTESIAN_POINT ( 'NONE',  ( 1.241999999999999993, 1.467759999999999954, -0.1937500000000000056 ) ) ;
#1806 = DIRECTION ( 'NONE',  ( 0.000000000000000000, 1.000000000000000000, 0.000000000000000000 ) ) ;
#1807 = VERTEX_POINT ( 'NONE', #869 ) ;
#1808 = FACE_OUTER_BOUND ( 'NONE', #2387, .T. ) ;
#1809 = EDGE_LOOP ( 'NONE', ( #4443, #2190, #406, #2578 ) ) ;
#1810 = PRESENTATION_LAYER_ASSIGNMENT (  '', '', ( #2629 ) ) ;
#1811 =( LENGTH_UNIT ( ) NAMED_UNIT ( * ) SI_UNIT ( .MILLI., .METRE. ) );
#1812 = COLOUR_RGB ( '',0.6470588235294117974, 0.5176470588235293491, 0.000000000000000000 ) ;
#1813 = ORIENTED_EDGE ( 'NONE', *, *, #2819, .F. ) ;
#1814 = VECTOR ( 'NONE', #2468, 1000.000000000000000 ) ;
#1815 = LINE ( 'NONE', #3501, #4028 ) ;
#1816 = AXIS2_PLACEMENT_3D ( 'NONE', #4086, #4061, #1275 ) ;
#1817 = ORIENTED_EDGE ( 'NONE', *, *, #1124, .T. ) ;
#1818 = DIRECTION ( 'NONE',  ( 0.000000000000000000, 0.000000000000000000, -1.000000000000000000 ) ) ;
#1819 = CARTESIAN_POINT ( 'NONE',  ( 0.7500000000000514033, 1.437202461343470627, -1.517760000000002663 ) ) ;
#1820 = ADVANCED_FACE ( 'NONE', ( #3344 ), #4048, .F. ) ;
#1821 = CARTESIAN_POINT ( 'NONE',  ( 1.142014311898065015, 1.472760000000000069, -0.5318483123047624828 ) ) ;
#1822 = ADVANCED_FACE ( 'NONE', ( #2667 ), #1967, .T. ) ;
#1823 =( NAMED_UNIT ( * ) PLANE_ANGLE_UNIT ( ) SI_UNIT ( $, .RADIAN. ) );
#1824 =( NAMED_UNIT ( * ) PLANE_ANGLE_UNIT ( ) SI_UNIT ( $, .RADIAN. ) );
#1825 = AXIS2_PLACEMENT_3D ( 'NONE', #3130, #3108, #4540 ) ;
#1826 = DIRECTION ( 'NONE',  ( -0.9610876102172832836, 0.000000000000000000, -0.2762437428917279836 ) ) ;
#1827 = STYLED_ITEM ( 'NONE', ( #2303 ), #3118 ) ;
#1828 = CARTESIAN_POINT ( 'NONE',  ( 0.7500000000000000000, 1.439096284275171111, -0.03223999999999956761 ) ) ;
#1829 = VECTOR ( 'NONE', #946, 1000.000000000000000 ) ;
#1830 = FACE_OUTER_BOUND ( 'NONE', #4499, .T. ) ;
#1831 = ORIENTED_EDGE ( 'NONE', *, *, #3273, .F. ) ;
#1832 = ORIENTED_EDGE ( 'NONE', *, *, #3721, .T. ) ;
#1833 = SURFACE_SIDE_STYLE ('',( #2258 ) ) ;
#1834 = VERTEX_POINT ( 'NONE', #4072 ) ;
#1835 = ORIENTED_EDGE ( 'NONE', *, *, #4398, .T. ) ;
#1836 = VERTEX_POINT ( 'NONE', #3006 ) ;
#1837 = FILL_AREA_STYLE_COLOUR ( '', #2500 ) ;
#1838 = CARTESIAN_POINT ( 'NONE',  ( 1.550002421064824665, 0.03263510049145302433, -0.05944810420511831978 ) ) ;
#1839 = ORIENTED_EDGE ( 'NONE', *, *, #3809, .T. ) ;
#1840 = CARTESIAN_POINT ( 'NONE',  ( 1.242000000000003990, 1.472760000000000069, -1.098092532209430150 ) ) ;
#1841 = CARTESIAN_POINT ( 'NONE',  ( 0.7500007972317055405, 1.438890056018540253, -1.517627491154662334 ) ) ;
#1842 = SPHERICAL_SURFACE ( 'NONE', #865, 0.03223999999999999783 ) ;
#1843 = SURFACE_SIDE_STYLE ('',( #1939 ) ) ;
#1844 = LINE ( 'NONE', #93, #4164 ) ;
#1845 = EDGE_CURVE ( 'NONE', #3685, #3281, #1623, .T. ) ;
#1846 = EDGE_CURVE ( 'NONE', #2511, #2630, #2325, .T. ) ;
#1847 =( NAMED_UNIT ( * ) SI_UNIT ( $, .STERADIAN. ) SOLID_ANGLE_UNIT ( ) );
#1848 = SURFACE_STYLE_FILL_AREA ( #2573 ) ;
#1849 = DIRECTION ( 'NONE',  ( 0.000000000000000000, 0.000000000000000000, 1.000000000000000000 ) ) ;
#1850 = ADVANCED_FACE ( 'NONE', ( #3626 ), #1528, .T. ) ;
#1851 = ADVANCED_FACE ( 'NONE', ( #2945 ), #489, .T. ) ;
#1852 = CARTESIAN_POINT ( 'NONE',  ( 0.7490724855106605240, 1.456490481321296881, -0.03995946282462976840 ) ) ;
#1853 = B_SPLINE_CURVE_WITH_KNOTS ( 'NONE', 3,
 ( #394, #76, #2917, #2176, #2153, #352, #3530, #1841, #1819, #4227 ),
 .UNSPECIFIED., .F., .F.,
 ( 4, 3, 3, 4 ),
 ( 0.000000000000000000, 1.014775933115376742E-05, 2.024199515298748933E-05, 2.523223766968288618E-05 ),
 .UNSPECIFIED. ) ;
#1854 = EDGE_LOOP ( 'NONE', ( #3180, #2370, #2312, #455 ) ) ;
#1855 = ORIENTED_EDGE ( 'NONE', *, *, #3807, .F. ) ;
#1856 = CARTESIAN_POINT ( 'NONE',  ( 2.299999999999999822, 1.467759999999999954, 0.000000000000000000 ) ) ;
#1857 = EDGE_LOOP ( 'NONE', ( #648, #2407, #1151, #4159 ) ) ;
#1858 = ORIENTED_EDGE ( 'NONE', *, *, #1268, .T. ) ;
#1859 = VERTEX_POINT ( 'NONE', #943 ) ;
#1860 = FILL_AREA_STYLE ('',( #854 ) ) ;
#1861 = CARTESIAN_POINT ( 'NONE',  ( 2.267759999999999998, 0.03223999999999999783, -0.03223999999999999783 ) ) ;
#1862 = ORIENTED_EDGE ( 'NONE', *, *, #4131, .T. ) ;
#1863 = SURFACE_STYLE_FILL_AREA ( #458 ) ;
#1864 = FILL_AREA_STYLE_COLOUR ( '', #3952 ) ;
#1865 = CYLINDRICAL_SURFACE ( 'NONE', #2044, 0.03224000000000000477 ) ;
#1866 = LINE ( 'NONE', #3267, #1389 ) ;
#1867 = VECTOR ( 'NONE', #3200, 1000.000000000000000 ) ;
#1868 = STYLED_ITEM ( 'NONE', ( #4300 ), #1770 ) ;
#1869 = PLANE ( 'NONE',  #1440 ) ;
#1870 = AXIS2_PLACEMENT_3D ( 'NONE', #3973, #1776, #2895 ) ;
#1871 = STYLED_ITEM ( 'NONE', ( #2783 ), #1937 ) ;
#1872 = CARTESIAN_POINT ( 'NONE',  ( 1.549999999999948530, 0.06279753865652917821, -1.517760000000002663 ) ) ;
#1873 = ORIENTED_EDGE ( 'NONE', *, *, #973, .T. ) ;
#1874 = ADVANCED_FACE ( 'NONE', ( #2017 ), #3096, .T. ) ;
#1875 = ADVANCED_FACE ( 'NONE', ( #4163 ), #2039, .F. ) ;
#1876 = ORIENTED_EDGE ( 'NONE', *, *, #3862, .F. ) ;
#1877 = VECTOR ( 'NONE', #1314, 1000.000000000000000 ) ;
#1878 = VERTEX_POINT ( 'NONE', #3071 ) ;
#1879 = DIRECTION ( 'NONE',  ( 1.000000000000000000, 0.000000000000000000, 0.000000000000000000 ) ) ;
#1880 = ORIENTED_EDGE ( 'NONE', *, *, #4532, .F. ) ;
#1881 = DIRECTION ( 'NONE',  ( -1.000000000000000000, -0.000000000000000000, 0.000000000000000000 ) ) ;
#1882 = CARTESIAN_POINT ( 'NONE',  ( 1.142014311898542189, 1.472760000000000069, -1.019298461156342261 ) ) ;
#1883 = ORIENTED_EDGE ( 'NONE', *, *, #3968, .T. ) ;
#1884 = VECTOR ( 'NONE', #3484, 1000.000000000000000 ) ;
#1885 = PLANE ( 'NONE',  #262 ) ;
#1886 = LINE ( 'NONE', #3242, #4038 ) ;
#1887 = CARTESIAN_POINT ( 'NONE',  ( 1.014132956314515166, 1.472760000000000069, -0.5039962945937563887 ) ) ;
#1888 = CARTESIAN_POINT ( 'NONE',  ( 2.299999999999999822, 1.467759999999999954, -0.03223999999999999783 ) ) ;
#1889 = VECTOR ( 'NONE', #1962, 1000.000000000000000 ) ;
#1890 = CARTESIAN_POINT ( 'NONE',  ( 1.550474782862661938, 0.03861720962631869786, -1.511382790373680951 ) ) ;
#1891 =( LENGTH_UNIT ( ) NAMED_UNIT ( * ) SI_UNIT ( .MILLI., .METRE. ) );
#1892 = PRESENTATION_LAYER_ASSIGNMENT (  '', '', ( #285 ) ) ;
#1893 = CARTESIAN_POINT ( 'NONE',  ( -0.2871923135456275200, 1.472760000000000069, 0.003507179810070972133 ) ) ;
#1894 = SURFACE_SIDE_STYLE ('',( #4372 ) ) ;
#1895 = VECTOR ( 'NONE', #1519, 1000.000000000000000 ) ;
#1896 =( LENGTH_UNIT ( ) NAMED_UNIT ( * ) SI_UNIT ( .MILLI., .METRE. ) );
#1897 = DIRECTION ( 'NONE',  ( -0.000000000000000000, -1.000000000000000000, 0.000000000000000000 ) ) ;
#1898 = AXIS2_PLACEMENT_3D ( 'NONE', #412, #3667, #3214 ) ;
#1899 = ORIENTED_EDGE ( 'NONE', *, *, #754, .T. ) ;
#1900 = CARTESIAN_POINT ( 'NONE',  ( 1.242000000000003990, 1.472760000000000069, -1.229391041238737214 ) ) ;
#1901 = VERTEX_POINT ( 'NONE', #1641 ) ;
#1902 = VECTOR ( 'NONE', #4156, 1000.000000000000000 ) ;
#1903 = EDGE_CURVE ( 'NONE', #3549, #3717, #1336, .T. ) ;
#1904 = LINE ( 'NONE', #1267, #2180 ) ;
#1905 = EDGE_CURVE ( 'NONE', #1947, #3255, #3820, .T. ) ;
#1906 = ORIENTED_EDGE ( 'NONE', *, *, #97, .T. ) ;
#1907 = PRESENTATION_STYLE_ASSIGNMENT (( #4383 ) ) ;
#1908 = PRESENTATION_STYLE_ASSIGNMENT (( #2263 ) ) ;
#1909 = CARTESIAN_POINT ( 'NONE',  ( 0.7500000000000000000, 0.03224000000000000477, -0.03224000000000000477 ) ) ;
#1910 = VERTEX_POINT ( 'NONE', #2717 ) ;
#1911 = VERTEX_POINT ( 'NONE', #968 ) ;
#1912 = DIRECTION ( 'NONE',  ( -0.000000000000000000, -1.000000000000000000, 0.000000000000000000 ) ) ;
#1913 = UNCERTAINTY_MEASURE_WITH_UNIT (LENGTH_MEASURE( 1.000000000000000082E-05 ), #1659, 'distance_accuracy_value', 'NONE');
#1914 = DIRECTION ( 'NONE',  ( 0.000000000000000000, -1.000000000000000000, 0.000000000000000000 ) ) ;
#1915 = CARTESIAN_POINT ( 'NONE',  ( 0.7485861198805379146, 1.458317122625454321, -1.508317122625454143 ) ) ;
#1916 = CARTESIAN_POINT ( 'NONE',  ( 1.058129846206199876, 1.467759999999999954, -1.282240520256154648 ) ) ;
#1917 = DIRECTION ( 'NONE',  ( 1.000000000000000000, -0.000000000000000000, 0.000000000000000000 ) ) ;
#1918 = DIRECTION ( 'NONE',  ( -1.000000000000000000, 0.000000000000000000, -0.000000000000000000 ) ) ;
#1919 = DIRECTION ( 'NONE',  ( 1.000000000000000000, 0.000000000000000000, 0.000000000000000000 ) ) ;
#1920 = FILL_AREA_STYLE_COLOUR ( '', #771 ) ;
#1921 = DIRECTION ( 'NONE',  ( 0.000000000000000000, 0.000000000000000000, -1.000000000000000000 ) ) ;
#1922 = DIRECTION ( 'NONE',  ( 0.9601763114346048011, 0.000000000000000000, 0.2793947940814875408 ) ) ;
#1923 = ORIENTED_EDGE ( 'NONE', *, *, #221, .F. ) ;
#1924 =( LENGTH_UNIT ( ) NAMED_UNIT ( * ) SI_UNIT ( .MILLI., .METRE. ) );
#1925 = EDGE_LOOP ( 'NONE', ( #3538, #3401, #3805, #4358 ) ) ;
#1926 = CARTESIAN_POINT ( 'NONE',  ( 1.582239999999999869, 1.467759999999999954, -0.03223999999999999783 ) ) ;
#1927 = EDGE_LOOP ( 'NONE', ( #1557, #882, #3934 ) ) ;
#1928 = CARTESIAN_POINT ( 'NONE',  ( 1.099889512155283189, 1.467759999999999954, -0.6416697486451697907 ) ) ;
#1929 = DIRECTION ( 'NONE',  ( -0.000000000000000000, -1.000000000000000000, 0.000000000000000000 ) ) ;
#1930 = ORIENTED_EDGE ( 'NONE', *, *, #221, .T. ) ;
#1931 = UNCERTAINTY_MEASURE_WITH_UNIT (LENGTH_MEASURE( 1.000000000000000082E-05 ), #3148, 'distance_accuracy_value', 'NONE');
#1932 = EDGE_LOOP ( 'NONE', ( #4536, #3381, #41, #3277 ) ) ;
#1933 = CARTESIAN_POINT ( 'NONE',  ( 1.550000000000000044, 0.03224000000000000477, -0.03224000000000000477 ) ) ;
#1934 = DIRECTION ( 'NONE',  ( -0.9615825319869173438, 0.000000000000000000, -0.2745159998572558879 ) ) ;
#1935 = LINE ( 'NONE', #1592, #1385 ) ;
#1936 = CARTESIAN_POINT ( 'NONE',  ( 0.7497293457339450073, 1.463022448610047155, -1.502713479379099493 ) ) ;
#1937 = ADVANCED_FACE ( 'NONE', ( #3777 ), #2394, .F. ) ;
#1938 = EDGE_CURVE ( 'NONE', #2360, #2932, #74, .T. ) ;
#1939 = SURFACE_STYLE_FILL_AREA ( #2977 ) ;
#1940 = SURFACE_SIDE_STYLE ('',( #4070 ) ) ;
#1941 = DIRECTION ( 'NONE',  ( 0.9610029908221285888, 0.000000000000000000, 0.2765379750249931101 ) ) ;
#1942 = MECHANICAL_DESIGN_GEOMETRIC_PRESENTATION_REPRESENTATION (  '', ( #1065 ), #3119 ) ;
#1943 = SURFACE_STYLE_FILL_AREA ( #3914 ) ;
#1944 = DIRECTION ( 'NONE',  ( 0.2760118818968482768, 0.000000000000000000, -0.9611542233438712390 ) ) ;
#1945 = AXIS2_PLACEMENT_3D ( 'NONE', #3001, #890, #89 ) ;
#1946 = STYLED_ITEM ( 'NONE', ( #4125 ), #1020 ) ;
#1947 = VERTEX_POINT ( 'NONE', #3157 ) ;
#1948 = SURFACE_STYLE_FILL_AREA ( #244 ) ;
#1949 = STYLED_ITEM ( 'NONE', ( #1442 ), #2196 ) ;
#1950 = ORIENTED_EDGE ( 'NONE', *, *, #358, .T. ) ;
#1951 = VECTOR ( 'NONE', #4535, 1000.000000000000114 ) ;
#1952 = CARTESIAN_POINT ( 'NONE',  ( 0.7500007972317055405, 0.03237250884533738465, -1.488890056018540298 ) ) ;
#1953 = ORIENTED_EDGE ( 'NONE', *, *, #2226, .F. ) ;
#1954 = CARTESIAN_POINT ( 'NONE',  ( 1.550000000000000044, 0.03224000000000000477, -1.485519999999999952 ) ) ;
#1955 = SURFACE_STYLE_FILL_AREA ( #1860 ) ;
#1956 = VERTEX_POINT ( 'NONE', #2541 ) ;
#1957 = SURFACE_STYLE_FILL_AREA ( #2314 ) ;
#1958 = ORIENTED_EDGE ( 'NONE', *, *, #334, .F. ) ;
#1959 = ORIENTED_EDGE ( 'NONE', *, *, #2739, .F. ) ;
#1960 = CARTESIAN_POINT ( 'NONE',  ( 0.7485861198805380257, 0.04168287737454549197, -0.04168287737454550584 ) ) ;
#1961 = FILL_AREA_STYLE_COLOUR ( '', #1812 ) ;
#1962 = DIRECTION ( 'NONE',  ( 0.000000000000000000, 0.000000000000000000, -1.000000000000000000 ) ) ;
#1963 = COLOUR_RGB ( '',0.7686274509803920907, 0.7686274509803920907, 0.7686274509803920907 ) ;
#1964 = FACE_OUTER_BOUND ( 'NONE', #1042, .T. ) ;
#1965 = VECTOR ( 'NONE', #4075, 1000.000000000000227 ) ;
#1966 = EDGE_CURVE ( 'NONE', #304, #1083, #1656, .T. ) ;
#1967 = SPHERICAL_SURFACE ( 'NONE', #2030, 0.03223999999999999783 ) ;
#1968 = ADVANCED_FACE ( 'NONE', ( #1798 ), #2171, .F. ) ;
#1969 = PRESENTATION_STYLE_ASSIGNMENT (( #2692 ) ) ;
#1970 = CARTESIAN_POINT ( 'NONE',  ( 0.7495252171373381067, 1.461382790373681129, -1.511382790373680951 ) ) ;
#1971 = CIRCLE ( 'NONE', #280, 0.03224000000000000477 ) ;
#1972 = CARTESIAN_POINT ( 'NONE',  ( 2.267759999999999998, 0.03223999999999999783, -0.03223999999999999783 ) ) ;
#1973 = AXIS2_PLACEMENT_3D ( 'NONE', #3065, #4503, #2391 ) ;
#1974 = VECTOR ( 'NONE', #3714, 1000.000000000000000 ) ;
#1975 = CARTESIAN_POINT ( 'NONE',  ( 1.057513899447020567, 1.467759999999999954, -1.043649490149650694 ) ) ;
#1976 = VECTOR ( 'NONE', #699, 1000.000000000000000 ) ;
#1977 = ORIENTED_EDGE ( 'NONE', *, *, #3862, .T. ) ;
#1978 =( NAMED_UNIT ( * ) SI_UNIT ( $, .STERADIAN. ) SOLID_ANGLE_UNIT ( ) );
#1979 = EDGE_LOOP ( 'NONE', ( #2160, #4153, #3307, #3147 ) ) ;
#1980 = CARTESIAN_POINT ( 'NONE',  ( 1.014132956314515166, 1.467759999999999954, -0.5039962945937563887 ) ) ;
#1981 = CIRCLE ( 'NONE', #4341, 0.03224000000000000477 ) ;
#1982 = ORIENTED_EDGE ( 'NONE', *, *, #4096, .F. ) ;
#1983 = DIRECTION ( 'NONE',  ( -0.000000000000000000, -1.000000000000000000, 0.000000000000000000 ) ) ;
#1984 = PLANE ( 'NONE',  #3668 ) ;
#1985 = ORIENTED_EDGE ( 'NONE', *, *, #2107, .F. ) ;
#1986 = MECHANICAL_DESIGN_GEOMETRIC_PRESENTATION_REPRESENTATION (  '', ( #2879 ), #3219 ) ;
#1987 = CARTESIAN_POINT ( 'NONE',  ( 1.099897133544127215, 1.472760000000000069, -1.129104654719558010 ) ) ;
#1988 = ORIENTED_EDGE ( 'NONE', *, *, #4512, .T. ) ;
#1989 = FILL_AREA_STYLE_COLOUR ( '', #1803 ) ;
#1990 = FACE_OUTER_BOUND ( 'NONE', #584, .T. ) ;
#1991 = PRESENTATION_LAYER_ASSIGNMENT (  '', '', ( #808 ) ) ;
#1992 = FACE_OUTER_BOUND ( 'NONE', #247, .T. ) ;
#1993 = CARTESIAN_POINT ( 'NONE',  ( 1.582239999999999869, 1.500000000000000000, -0.03223999999999999783 ) ) ;
#1994 = CARTESIAN_POINT ( 'NONE',  ( 1.014132956314515166, 1.472760000000000069, -0.6723368301145032921 ) ) ;
#1995 = CARTESIAN_POINT ( 'NONE',  ( 0.7177600000000000646, 0.000000000000000000, -1.517759999999999998 ) ) ;
#1996 = CARTESIAN_POINT ( 'NONE',  ( 2.267759999999999998, 1.467759999999999954, -1.550000000000000044 ) ) ;
#1997 = CARTESIAN_POINT ( 'NONE',  ( 1.550000000000000044, 0.03224000000000000477, -1.485519999999999952 ) ) ;
#1998 = EDGE_CURVE ( 'NONE', #3610, #608, #2498, .T. ) ;
#1999 = EDGE_CURVE ( 'NONE', #3931, #3549, #4208, .T. ) ;
#2000 = CARTESIAN_POINT ( 'NONE',  ( 1.058129846205634106, 1.472760000000000069, -1.217345090345971270 ) ) ;
#2001 = EDGE_CURVE ( 'NONE', #1859, #3983, #3391, .T. ) ;
#2002 = EDGE_CURVE ( 'NONE', #3183, #3769, #9, .T. ) ;
#2003 = DIRECTION ( 'NONE',  ( 0.000000000000000000, -1.000000000000000000, 0.000000000000000000 ) ) ;
#2004 = VERTEX_POINT ( 'NONE', #392 ) ;
#2005 = FILL_AREA_STYLE_COLOUR ( '', #2778 ) ;
#2006 = ORIENTED_EDGE ( 'NONE', *, *, #1102, .T. ) ;
#2007 = LINE ( 'NONE', #2654, #4135 ) ;
#2008 = CARTESIAN_POINT ( 'NONE',  ( 0.03223999999999978272, 1.467759999999999954, -1.517759999999999998 ) ) ;
#2009 = ORIENTED_EDGE ( 'NONE', *, *, #2507, .F. ) ;
#2010 = ORIENTED_EDGE ( 'NONE', *, *, #2313, .F. ) ;
#2011 =( NAMED_UNIT ( * ) PLANE_ANGLE_UNIT ( ) SI_UNIT ( $, .RADIAN. ) );
#2012 = EDGE_LOOP ( 'NONE', ( #1862, #2136, #3671, #921 ) ) ;
#2013 = DIRECTION ( 'NONE',  ( 0.000000000000000000, -1.000000000000000000, 0.000000000000000000 ) ) ;
#2014 = PLANE ( 'NONE',  #1973 ) ;
#2015 = DIRECTION ( 'NONE',  ( 1.000000000000000000, 0.000000000000000000, 0.000000000000000000 ) ) ;
#2016 = PRESENTATION_STYLE_ASSIGNMENT (( #985 ) ) ;
#2017 = FACE_OUTER_BOUND ( 'NONE', #1630, .T. ) ;
#2018 =( NAMED_UNIT ( * ) SI_UNIT ( $, .STERADIAN. ) SOLID_ANGLE_UNIT ( ) );
#2019 = DIRECTION ( 'NONE',  ( -1.000000000000000000, 0.000000000000000000, 0.000000000000000000 ) ) ;
#2020 = CARTESIAN_POINT ( 'NONE',  ( 1.549999202768294282, 1.438890056018540697, -0.03237250884533697526 ) ) ;
#2021 = VECTOR ( 'NONE', #2855, 1000.000000000000000 ) ;
#2022 = PRESENTATION_LAYER_ASSIGNMENT (  '', '', ( #4232 ) ) ;
#2023 = ORIENTED_EDGE ( 'NONE', *, *, #3432, .F. ) ;
#2024 = CARTESIAN_POINT ( 'NONE',  ( 1.550114596703271452, 1.449480509739623058, -1.514800279668359284 ) ) ;
#2025 = AXIS2_PLACEMENT_3D ( 'NONE', #3137, #2719, #1053 ) ;
#2026 = EDGE_CURVE ( 'NONE', #4039, #3669, #2827, .T. ) ;
#2027 = ORIENTED_EDGE ( 'NONE', *, *, #900, .F. ) ;
#2028 = ADVANCED_FACE ( 'NONE', ( #3196 ), #3718, .F. ) ;
#2029 = LINE ( 'NONE', #1928, #4133 ) ;
#2030 = AXIS2_PLACEMENT_3D ( 'NONE', #3652, #115, #1919 ) ;
#2031 = ORIENTED_EDGE ( 'NONE', *, *, #2851, .F. ) ;
#2032 = SURFACE_STYLE_USAGE ( .BOTH. , #1000 ) ;
#2033 = ORIENTED_EDGE ( 'NONE', *, *, #2433, .F. ) ;
#2034 = FILL_AREA_STYLE ('',( #1989 ) ) ;
#2035 = DIRECTION ( 'NONE',  ( -0.000000000000000000, -1.000000000000000000, 0.000000000000000000 ) ) ;
#2036 = DIRECTION ( 'NONE',  ( -0.9612934544747571142, 0.000000000000000000, -0.2755265765475047313 ) ) ;
#2037 = FACE_OUTER_BOUND ( 'NONE', #908, .T. ) ;
#2038 = CARTESIAN_POINT ( 'NONE',  ( 1.198639842472818851, 1.467759999999999954, -1.003132803372474902 ) ) ;
#2039 = PLANE ( 'NONE',  #2616 ) ;
#2040 = CARTESIAN_POINT ( 'NONE',  ( 1.550927514489339742, 0.03995946282463013616, -1.506490481321296704 ) ) ;
#2041 = CARTESIAN_POINT ( 'NONE',  ( 1.242000000000003990, 1.472760000000000069, -0.7915325740813675681 ) ) ;
#2042 = DIRECTION ( 'NONE',  ( 0.000000000000000000, 0.000000000000000000, 1.000000000000000000 ) ) ;
#2043 = UNCERTAINTY_MEASURE_WITH_UNIT (LENGTH_MEASURE( 1.000000000000000082E-05 ), #1399, 'distance_accuracy_value', 'NONE');
#2044 = AXIS2_PLACEMENT_3D ( 'NONE', #4348, #2243, #3648 ) ;
#2045 = PLANE ( 'NONE',  #3879 ) ;
#2046 = UNCERTAINTY_MEASURE_WITH_UNIT (LENGTH_MEASURE( 1.000000000000000082E-05 ), #4366, 'distance_accuracy_value', 'NONE');
#2047 = VECTOR ( 'NONE', #2838, 1000.000000000000114 ) ;
#2048 = CARTESIAN_POINT ( 'NONE',  ( 0.7500000000000000000, 0.06448000000000000953, -0.03223999999999956761 ) ) ;
#2049 = DIRECTION ( 'NONE',  ( -1.000000000000000000, 0.000000000000000000, 0.000000000000000000 ) ) ;
#2050 = ORIENTED_EDGE ( 'NONE', *, *, #3406, .T. ) ;
#2051 = DIRECTION ( 'NONE',  ( 0.000000000000000000, 0.000000000000000000, 1.000000000000000000 ) ) ;
#2052 = AXIS2_PLACEMENT_3D ( 'NONE', #1618, #2013, #4160 ) ;
#2053 = ADVANCED_BREP_SHAPE_REPRESENTATION ( 'CCS_CCSTD_0805_L2.3W1.55T1.5S0.6B0.75', ( #2419, #947, #2461, #3954, #37 ), #3422 ) ;
#2054 = ORIENTED_EDGE ( 'NONE', *, *, #562, .T. ) ;
#2055 = EDGE_CURVE ( 'NONE', #1836, #753, #2810, .T. ) ;
#2056 = LINE ( 'NONE', #2389, #2198 ) ;
#2057 = ADVANCED_FACE ( 'NONE', ( #2585 ), #4041, .F. ) ;
#2058 = MECHANICAL_DESIGN_GEOMETRIC_PRESENTATION_REPRESENTATION (  '', ( #2572 ), #2944 ) ;
#2059 = ORIENTED_EDGE ( 'NONE', *, *, #1047, .T. ) ;
#2060 = LINE ( 'NONE', #634, #4331 ) ;
#2061 = AXIS2_PLACEMENT_3D ( 'NONE', #690, #4221, #740 ) ;
#2062 = EDGE_CURVE ( 'NONE', #1807, #1956, #2294, .T. ) ;
#2063 = SURFACE_STYLE_USAGE ( .BOTH. , #1335 ) ;
#2064 = COLOUR_RGB ( '',0.7686274509803920907, 0.7686274509803920907, 0.7686274509803920907 ) ;
#2065 = FILL_AREA_STYLE ('',( #660 ) ) ;
#2066 = CARTESIAN_POINT ( 'NONE',  ( 0.7500000000000000000, 0.06448000000000000953, -0.06447999999999956544 ) ) ;
#2067 = DIRECTION ( 'NONE',  ( 0.000000000000000000, 0.000000000000000000, 1.000000000000000000 ) ) ;
#2068 = DIRECTION ( 'NONE',  ( -0.2759782365590690567, 0.000000000000000000, 0.9611638845408968512 ) ) ;
#2069 = CARTESIAN_POINT ( 'NONE',  ( 1.550000000000000044, 1.435520000000000129, -1.517759999999999998 ) ) ;
#2070 = ORIENTED_EDGE ( 'NONE', *, *, #3628, .T. ) ;
#2071 = CARTESIAN_POINT ( 'NONE',  ( 1.551413880119462130, 1.458317122625454543, -0.04168287737454549197 ) ) ;
#2072 = FACE_OUTER_BOUND ( 'NONE', #823, .T. ) ;
#2073 = ORIENTED_EDGE ( 'NONE', *, *, #2353, .F. ) ;
#2074 = CARTESIAN_POINT ( 'NONE',  ( 1.176924100055729561, 1.472760000000000069, -0.7833425935635931481 ) ) ;
#2075 = DIRECTION ( 'NONE',  ( 0.000000000000000000, 0.000000000000000000, -1.000000000000000000 ) ) ;
#2076 =( LENGTH_UNIT ( ) NAMED_UNIT ( * ) SI_UNIT ( .MILLI., .METRE. ) );
#2077 = CARTESIAN_POINT ( 'NONE',  ( 1.014132956314515166, 1.472760000000000069, -0.3931040437378230390 ) ) ;
#2078 = PRESENTATION_STYLE_ASSIGNMENT (( #3155 ) ) ;
#2079 = CARTESIAN_POINT ( 'NONE',  ( 0.7495252171373381067, 0.03861720962631869786, -1.511382790373680951 ) ) ;
#2080 = DIRECTION ( 'NONE',  ( 0.000000000000000000, -1.000000000000000000, 0.000000000000000000 ) ) ;
#2081 = PLANE ( 'NONE',  #4127 ) ;
#2082 = SURFACE_STYLE_FILL_AREA ( #3115 ) ;
#2083 = ADVANCED_FACE ( 'NONE', ( #182 ), #1255, .F. ) ;
#2084 = SURFACE_SIDE_STYLE ('',( #4276 ) ) ;
#2085 = EDGE_CURVE ( 'NONE', #3920, #3376, #3291, .T. ) ;
#2086 = FACE_OUTER_BOUND ( 'NONE', #2361, .T. ) ;
#2087 = VERTEX_POINT ( 'NONE', #2607 ) ;
#2088 = CARTESIAN_POINT ( 'NONE',  ( 0.000000000000000000, 0.03223999999999999783, 0.000000000000000000 ) ) ;
#2089 =( NAMED_UNIT ( * ) SI_UNIT ( $, .STERADIAN. ) SOLID_ANGLE_UNIT ( ) );
#2090 = PRESENTATION_LAYER_ASSIGNMENT (  '', '', ( #1723 ) ) ;
#2091 = FILL_AREA_STYLE ('',( #2447 ) ) ;
#2092 = EDGE_LOOP ( 'NONE', ( #2606, #2027, #2367, #849, #4056, #2708, #2529, #251, #230, #2010, #1880, #4003, #3873, #4451, #623, #1923, #2528, #2626, #3126, #2073, #2802, #1604, #4119 ) ) ;
#2093 = CARTESIAN_POINT ( 'NONE',  ( 1.198648156714193780, 1.472760000000000069, -0.6420286467557699828 ) ) ;
#2094 = AXIS2_PLACEMENT_3D ( 'NONE', #4018, #1917, #2245 ) ;
#2095 = AXIS2_PLACEMENT_3D ( 'NONE', #945, #193, #1573 ) ;
#2096 = VERTEX_POINT ( 'NONE', #4065 ) ;
#2097 =( LENGTH_UNIT ( ) NAMED_UNIT ( * ) SI_UNIT ( .MILLI., .METRE. ) );
#2098 = CARTESIAN_POINT ( 'NONE',  ( 1.014132956314515166, 1.472760000000000069, -0.8640816736198583259 ) ) ;
#2099 = STYLED_ITEM ( 'NONE', ( #1189 ), #2053 ) ;
#2100 = AXIS2_PLACEMENT_3D ( 'NONE', #2393, #3368, #2438 ) ;
#2101 = CARTESIAN_POINT ( 'NONE',  ( 1.099889512155283189, 1.472760000000000069, -0.6416697486451697907 ) ) ;
#2102 = FILL_AREA_STYLE_COLOUR ( '', #102 ) ;
#2103 =( GEOMETRIC_REPRESENTATION_CONTEXT ( 3 ) GLOBAL_UNCERTAINTY_ASSIGNED_CONTEXT ( ( #786 ) ) GLOBAL_UNIT_ASSIGNED_CONTEXT ( ( #3082, #362, #2812 ) ) REPRESENTATION_CONTEXT ( 'NONE', 'WORKASPACE' ) );
#2104 = CARTESIAN_POINT ( 'NONE',  ( 0.7177600000000000646, 0.000000000000000000, 0.000000000000000000 ) ) ;
#2105 = CARTESIAN_POINT ( 'NONE',  ( 0.7177600000000000646, 0.03223999999999999783, -1.517759999999999998 ) ) ;
#2106 = DIRECTION ( 'NONE',  ( -0.6995643972270459976, 0.000000000000000000, -0.7145695586381775044 ) ) ;
#2107 = EDGE_CURVE ( 'NONE', #2514, #2334, #1190, .T. ) ;
#2108 = EDGE_CURVE ( 'NONE', #67, #4195, #811, .T. ) ;
#2109 = DIRECTION ( 'NONE',  ( 1.000000000000000000, -0.000000000000000000, -0.000000000000000000 ) ) ;
#2110 = CARTESIAN_POINT ( 'NONE',  ( 1.242000000000003990, 1.472760000000000069, -1.229391041238737214 ) ) ;
#2111 = UNCERTAINTY_MEASURE_WITH_UNIT (LENGTH_MEASURE( 1.000000000000000082E-05 ), #191, 'distance_accuracy_value', 'NONE');
#2112 = EDGE_LOOP ( 'NONE', ( #1246, #2280, #4450, #2486 ) ) ;
#2113 = COLOUR_RGB ( '',0.7686274509803920907, 0.7686274509803920907, 0.7686274509803920907 ) ;
#2114 = DIRECTION ( 'NONE',  ( 0.000000000000000000, 0.000000000000000000, 1.000000000000000000 ) ) ;
#2115 = CIRCLE ( 'NONE', #3885, 0.03223999999999999783 ) ;
#2116 = VERTEX_POINT ( 'NONE', #1202 ) ;
#2117 =( NAMED_UNIT ( * ) PLANE_ANGLE_UNIT ( ) SI_UNIT ( $, .RADIAN. ) );
#2118 = ORIENTED_EDGE ( 'NONE', *, *, #2228, .T. ) ;
#2119 = AXIS2_PLACEMENT_3D ( 'NONE', #1705, #3748, #2373 ) ;
#2120 = PRESENTATION_LAYER_ASSIGNMENT (  '', '', ( #3289 ) ) ;
#2121 = ORIENTED_EDGE ( 'NONE', *, *, #3035, .T. ) ;
#2122 = CARTESIAN_POINT ( 'NONE',  ( 0.03223999999999999783, 1.467759999999999954, -1.517759999999999998 ) ) ;
#2123 = VECTOR ( 'NONE', #3197, 1000.000000000000114 ) ;
#2124 = DIRECTION ( 'NONE',  ( 0.000000000000000000, 0.000000000000000000, 1.000000000000000000 ) ) ;
#2125 = FACE_OUTER_BOUND ( 'NONE', #150, .T. ) ;
#2126 = DIRECTION ( 'NONE',  ( -1.000000000000000000, 0.000000000000000000, 0.000000000000000000 ) ) ;
#2127 = DIRECTION ( 'NONE',  ( 0.000000000000000000, -1.000000000000000000, -0.000000000000000000 ) ) ;
#2128 = VECTOR ( 'NONE', #1983, 1000.000000000000000 ) ;
#2129 = LINE ( 'NONE', #3601, #3261 ) ;
#2130 =( LENGTH_UNIT ( ) NAMED_UNIT ( * ) SI_UNIT ( .MILLI., .METRE. ) );
#2131 = AXIS2_PLACEMENT_3D ( 'NONE', #577, #1610, #2364 ) ;
#2132 = LINE ( 'NONE', #1138, #2976 ) ;
#2133 = SURFACE_STYLE_FILL_AREA ( #770 ) ;
#2134 = SURFACE_STYLE_FILL_AREA ( #2830 ) ;
#2135 = ADVANCED_FACE ( 'NONE', ( #1160 ), #1885, .F. ) ;
#2136 = ORIENTED_EDGE ( 'NONE', *, *, #3809, .F. ) ;
#2137 = CARTESIAN_POINT ( 'NONE',  ( 0.7500000000000000000, 1.467759999999999954, -0.06448000000000000953 ) ) ;
#2138 = EDGE_LOOP ( 'NONE', ( #2949, #381, #4387, #1406 ) ) ;
#2139 = CARTESIAN_POINT ( 'NONE',  ( 1.582239999999999869, 0.000000000000000000, -1.517759999999999998 ) ) ;
#2140 = VERTEX_POINT ( 'NONE', #4388 ) ;
#2141 = PRESENTATION_STYLE_ASSIGNMENT (( #3855 ) ) ;
#2142 = ADVANCED_FACE ( 'NONE', ( #2220 ), #3619, .T. ) ;
#2143 = EDGE_CURVE ( 'NONE', #1025, #4500, #3362, .T. ) ;
#2144 = EDGE_LOOP ( 'NONE', ( #404, #103, #1469, #877 ) ) ;
#2145 = LINE ( 'NONE', #4200, #205 ) ;
#2146 = ORIENTED_EDGE ( 'NONE', *, *, #3099, .T. ) ;
#2147 = ORIENTED_EDGE ( 'NONE', *, *, #3347, .F. ) ;
#2148 = ORIENTED_EDGE ( 'NONE', *, *, #3312, .F. ) ;
#2149 = CARTESIAN_POINT ( 'NONE',  ( 1.014132956314515166, 1.472760000000000069, -0.2592350482359317976 ) ) ;
#2150 = DIRECTION ( 'NONE',  ( -0.000000000000000000, -1.000000000000000000, 0.000000000000000000 ) ) ;
#2151 = FACE_OUTER_BOUND ( 'NONE', #4479, .T. ) ;
#2152 = CARTESIAN_POINT ( 'NONE',  ( 1.242000000000003990, 1.467759999999999954, -0.7307852580555117550 ) ) ;
#2153 = CARTESIAN_POINT ( 'NONE',  ( 0.7499752951473664941, 1.447169005081912818, -1.515769858641931256 ) ) ;
#2154 = CARTESIAN_POINT ( 'NONE',  ( 1.014132956314515166, 1.467759999999999954, -0.4680929633873127660 ) ) ;
#2155 = DIRECTION ( 'NONE',  ( 0.000000000000000000, 0.000000000000000000, -1.000000000000000000 ) ) ;
#2156 = DIRECTION ( 'NONE',  ( 0.000000000000000000, 0.000000000000000000, 1.000000000000000000 ) ) ;
#2157 = LINE ( 'NONE', #2110, #1434 ) ;
#2158 = EDGE_LOOP ( 'NONE', ( #4242, #101, #2240, #1563, #4377, #802, #757, #3660, #1544, #1127, #4379, #3592, #998, #2270, #82, #3425, #454, #3107, #418, #2754, #1873, #2231, #1718 ) ) ;
#2159 = CARTESIAN_POINT ( 'NONE',  ( 1.198639842472818851, 1.472760000000000069, -1.003132803372474902 ) ) ;
#2160 = ORIENTED_EDGE ( 'NONE', *, *, #98, .T. ) ;
#2161 = VERTEX_POINT ( 'NONE', #585 ) ;
#2162 = DIRECTION ( 'NONE',  ( 0.000000000000000000, 1.000000000000000000, 0.000000000000000000 ) ) ;
#2163 = ADVANCED_FACE ( 'NONE', ( #3385 ), #2390, .T. ) ;
#2164 = EDGE_CURVE ( 'NONE', #3766, #452, #4483, .T. ) ;
#2165 = AXIS2_PLACEMENT_3D ( 'NONE', #4327, #2642, #1168 ) ;
#2166 = SURFACE_STYLE_FILL_AREA ( #1155 ) ;
#2167 = DIRECTION ( 'NONE',  ( 0.000000000000000000, 0.000000000000000000, -1.000000000000000000 ) ) ;
#2168 =( GEOMETRIC_REPRESENTATION_CONTEXT ( 3 ) GLOBAL_UNCERTAINTY_ASSIGNED_CONTEXT ( ( #3186 ) ) GLOBAL_UNIT_ASSIGNED_CONTEXT ( ( #795, #1823, #2919 ) ) REPRESENTATION_CONTEXT ( 'NONE', 'WORKASPACE' ) );
#2169 = DIRECTION ( 'NONE',  ( -0.2732148821746301359, 0.000000000000000000, 0.9619530280415479195 ) ) ;
#2170 = EDGE_LOOP ( 'NONE', ( #1359, #411, #3990, #4382 ) ) ;
#2171 = PLANE ( 'NONE',  #2172 ) ;
#2172 = AXIS2_PLACEMENT_3D ( 'NONE', #1133, #1432, #50 ) ;
#2173 = FILL_AREA_STYLE ('',( #1035 ) ) ;
#2174 = AXIS2_PLACEMENT_3D ( 'NONE', #2041, #2378, #2742 ) ;
#2175 = CARTESIAN_POINT ( 'NONE',  ( 0.7500000000000000000, 0.000000000000000000, -0.03223999999999956761 ) ) ;
#2176 = CARTESIAN_POINT ( 'NONE',  ( 0.7498072791938382720, 1.450168270418435990, -1.514240128372769778 ) ) ;
#2177 = DIRECTION ( 'NONE',  ( 0.000000000000000000, 0.000000000000000000, 1.000000000000000000 ) ) ;
#2178 = PLANE ( 'NONE',  #1139 ) ;
#2179 = SURFACE_STYLE_USAGE ( .BOTH. , #1780 ) ;
#2180 = VECTOR ( 'NONE', #1629, 1000.000000000000000 ) ;
#2181 = VERTEX_POINT ( 'NONE', #210 ) ;
#2182 = CARTESIAN_POINT ( 'NONE',  ( 1.242000000000003990, 1.472760000000000069, -0.8406046158351553332 ) ) ;
#2183 = CARTESIAN_POINT ( 'NONE',  ( 1.014132956314515166, 1.472760000000000069, -0.6723368301145032921 ) ) ;
#2184 = EDGE_LOOP ( 'NONE', ( #3213, #1254, #2597, #4308, #4064, #1744, #2286, #3090 ) ) ;
#2185 = ORIENTED_EDGE ( 'NONE', *, *, #969, .T. ) ;
#2186 = VECTOR ( 'NONE', #723, 1000.000000000000000 ) ;
#2187 = DIRECTION ( 'NONE',  ( -1.000000000000000000, 0.000000000000000000, 0.000000000000000000 ) ) ;
#2188 = ORIENTED_EDGE ( 'NONE', *, *, #124, .T. ) ;
#2189 = PRESENTATION_LAYER_ASSIGNMENT (  '', '', ( #792 ) ) ;
#2190 = ORIENTED_EDGE ( 'NONE', *, *, #3398, .F. ) ;
#2191 = LINE ( 'NONE', #1198, #2877 ) ;
#2192 = COLOUR_RGB ( '',0.7686274509803920907, 0.7686274509803920907, 0.7686274509803920907 ) ;
#2193 =( NAMED_UNIT ( * ) PLANE_ANGLE_UNIT ( ) SI_UNIT ( $, .RADIAN. ) );
#2194 = STYLED_ITEM ( 'NONE', ( #1416 ), #465 ) ;
#2195 = EDGE_CURVE ( 'NONE', #344, #3611, #3348, .T. ) ;
#2196 = ADVANCED_FACE ( 'NONE', ( #4299 ), #1055, .T. ) ;
#2197 = CARTESIAN_POINT ( 'NONE',  ( 1.058129846206199876, 1.467759999999999954, -1.282240520256154648 ) ) ;
#2198 = VECTOR ( 'NONE', #4118, 1000.000000000000000 ) ;
#2199 = ORIENTED_EDGE ( 'NONE', *, *, #2793, .T. ) ;
#2200 = DIRECTION ( 'NONE',  ( 0.000000000000000000, 0.000000000000000000, 1.000000000000000000 ) ) ;
#2201 =( NAMED_UNIT ( * ) SI_UNIT ( $, .STERADIAN. ) SOLID_ANGLE_UNIT ( ) );
#2202 = LINE ( 'NONE', #3603, #419 ) ;
#2203 = VECTOR ( 'NONE', #3552, 1000.000000000000227 ) ;
#2204 = EDGE_CURVE ( 'NONE', #981, #2116, #2691, .T. ) ;
#2205 = DIRECTION ( 'NONE',  ( 0.7083077534944018927, 0.000000000000000000, 0.7059037656364453017 ) ) ;
#2206 = DIRECTION ( 'NONE',  ( 1.000000000000000000, 0.000000000000000000, -0.000000000000000000 ) ) ;
#2207 = AXIS2_PLACEMENT_3D ( 'NONE', #1682, #2729, #3036 ) ;
#2208 = PLANE ( 'NONE',  #3561 ) ;
#2209 = CIRCLE ( 'NONE', #595, 0.03224000000000000477 ) ;
#2210 = PLANE ( 'NONE',  #2621 ) ;
#2211 = VECTOR ( 'NONE', #1672, 1000.000000000000000 ) ;
#2212 = ORIENTED_EDGE ( 'NONE', *, *, #1999, .T. ) ;
#2213 = CARTESIAN_POINT ( 'NONE',  ( 1.582239999999999869, 0.03223999999999999783, 0.000000000000000000 ) ) ;
#2214 = ORIENTED_EDGE ( 'NONE', *, *, #2590, .F. ) ;
#2215 = ORIENTED_EDGE ( 'NONE', *, *, #3284, .T. ) ;
#2216 = VERTEX_POINT ( 'NONE', #4278 ) ;
#2217 =( LENGTH_UNIT ( ) NAMED_UNIT ( * ) SI_UNIT ( .MILLI., .METRE. ) );
#2218 = ORIENTED_EDGE ( 'NONE', *, *, #2285, .T. ) ;
#2219 = ORIENTED_EDGE ( 'NONE', *, *, #1514, .T. ) ;
#2220 = FACE_OUTER_BOUND ( 'NONE', #2540, .T. ) ;
#2221 = CARTESIAN_POINT ( 'NONE',  ( 0.7500000000000000000, 1.435520000000000129, -1.517759999999999998 ) ) ;
#2222 = SURFACE_STYLE_USAGE ( .BOTH. , #3577 ) ;
#2223 =( NAMED_UNIT ( * ) PLANE_ANGLE_UNIT ( ) SI_UNIT ( $, .RADIAN. ) );
#2224 = CARTESIAN_POINT ( 'NONE',  ( 2.267759999999999998, 0.03223999999999999783, 0.000000000000000000 ) ) ;
#2225 = FILL_AREA_STYLE ('',( #537 ) ) ;
#2226 = EDGE_CURVE ( 'NONE', #1449, #1362, #2459, .T. ) ;
#2227 = FILL_AREA_STYLE_COLOUR ( '', #3260 ) ;
#2228 = EDGE_CURVE ( 'NONE', #3471, #980, #4212, .T. ) ;
#2229 = DIRECTION ( 'NONE',  ( 0.9610853065513847993, 0.000000000000000000, 0.2762517575166369976 ) ) ;
#2230 = CARTESIAN_POINT ( 'NONE',  ( 2.299999999999999822, 1.500000000000000000, 0.000000000000000000 ) ) ;
#2231 = ORIENTED_EDGE ( 'NONE', *, *, #501, .T. ) ;
#2232 = VERTEX_POINT ( 'NONE', #377 ) ;
#2233 = PRESENTATION_STYLE_ASSIGNMENT (( #4004 ) ) ;
#2234 = ORIENTED_EDGE ( 'NONE', *, *, #1075, .F. ) ;
#2235 = CARTESIAN_POINT ( 'NONE',  ( 2.299999999999999822, 0.000000000000000000, -1.517759999999999998 ) ) ;
#2236 = EDGE_LOOP ( 'NONE', ( #3640, #198, #4361 ) ) ;
#2237 =( NAMED_UNIT ( * ) PLANE_ANGLE_UNIT ( ) SI_UNIT ( $, .RADIAN. ) );
#2238 = ORIENTED_EDGE ( 'NONE', *, *, #939, .T. ) ;
#2239 = CARTESIAN_POINT ( 'NONE',  ( 1.014132956314515166, 1.467759999999999954, -1.160633646121091322 ) ) ;
#2240 = ORIENTED_EDGE ( 'NONE', *, *, #503, .T. ) ;
#2241 = CARTESIAN_POINT ( 'NONE',  ( 1.057506278058297111, 1.472760000000000069, -0.6600178949437544018 ) ) ;
#2242 = SURFACE_SIDE_STYLE ('',( #3293 ) ) ;
#2243 = DIRECTION ( 'NONE',  ( -1.000000000000000000, -0.000000000000000000, 0.000000000000000000 ) ) ;
#2244 = CARTESIAN_POINT ( 'NONE',  ( 1.242000000000003990, 1.472760000000000069, -0.7915325740813675681 ) ) ;
#2245 = DIRECTION ( 'NONE',  ( 0.000000000000000000, 0.000000000000000000, -1.000000000000000000 ) ) ;
#2246 = MECHANICAL_DESIGN_GEOMETRIC_PRESENTATION_REPRESENTATION (  '', ( #3339 ), #4233 ) ;
#2247 = AXIS2_PLACEMENT_3D ( 'NONE', #845, #3731, #1922 ) ;
#2248 = CARTESIAN_POINT ( 'NONE',  ( 1.057506278058297111, 1.472760000000000069, -0.5561993412986168117 ) ) ;
#2249 = CYLINDRICAL_SURFACE ( 'NONE', #2841, 0.03223999999999999783 ) ;
#2250 = COLOUR_RGB ( '',0.7686274509803920907, 0.7686274509803920907, 0.7686274509803920907 ) ;
#2251 = VECTOR ( 'NONE', #1350, 1000.000000000000000 ) ;
#2252 = EDGE_CURVE ( 'NONE', #1588, #2511, #706, .T. ) ;
#2253 = ADVANCED_FACE ( 'NONE', ( #3201 ), #4231, .T. ) ;
#2254 = SURFACE_SIDE_STYLE ('',( #494 ) ) ;
#2255 = VECTOR ( 'NONE', #3229, 1000.000000000000227 ) ;
#2256 = VERTEX_POINT ( 'NONE', #1779 ) ;
#2257 = PRESENTATION_LAYER_ASSIGNMENT (  '', '', ( #1291 ) ) ;
#2258 = SURFACE_STYLE_FILL_AREA ( #431 ) ;
#2259 = ORIENTED_EDGE ( 'NONE', *, *, #4254, .F. ) ;
#2260 = CARTESIAN_POINT ( 'NONE',  ( 0.7500000000000000000, 0.03224000000000000477, -1.485519999999999952 ) ) ;
#2261 = ORIENTED_EDGE ( 'NONE', *, *, #2480, .T. ) ;
#2262 = PLANE ( 'NONE',  #1898 ) ;
#2263 = SURFACE_STYLE_USAGE ( .BOTH. , #4360 ) ;
#2264 = VECTOR ( 'NONE', #2436, 1000.000000000000000 ) ;
#2265 = ORIENTED_EDGE ( 'NONE', *, *, #4280, .F. ) ;
#2266 = AXIS2_PLACEMENT_3D ( 'NONE', #2775, #3416, #4077 ) ;
#2267 = DIRECTION ( 'NONE',  ( -0.000000000000000000, -1.000000000000000000, 0.000000000000000000 ) ) ;
#2268 = ORIENTED_EDGE ( 'NONE', *, *, #2983, .F. ) ;
#2269 = AXIS2_PLACEMENT_3D ( 'NONE', #326, #3572, #2124 ) ;
#2270 = ORIENTED_EDGE ( 'NONE', *, *, #3117, .T. ) ;
#2271 = SURFACE_STYLE_USAGE ( .BOTH. , #1161 ) ;
#2272 = CARTESIAN_POINT ( 'NONE',  ( 0.7500000000000000000, 1.467759999999999954, -1.550000000000000044 ) ) ;
#2273 = STYLED_ITEM ( 'NONE', ( #587 ), #367 ) ;
#2274 = CARTESIAN_POINT ( 'NONE',  ( 0.7490724855106604130, 1.460040537175369746, -1.506490481321296704 ) ) ;
#2275 = CIRCLE ( 'NONE', #2269, 0.03223999999999999783 ) ;
#2276 = CARTESIAN_POINT ( 'NONE',  ( 1.582239999999999869, 0.000000000000000000, 0.000000000000000000 ) ) ;
#2277 = DIRECTION ( 'NONE',  ( 0.000000000000000000, 0.000000000000000000, -1.000000000000000000 ) ) ;
#2278 = DIRECTION ( 'NONE',  ( 5.943634068010692500E-14, 0.000000000000000000, -1.000000000000000000 ) ) ;
#2279 = VECTOR ( 'NONE', #1461, 1000.000000000000000 ) ;
#2280 = ORIENTED_EDGE ( 'NONE', *, *, #56, .F. ) ;
#2281 = DIRECTION ( 'NONE',  ( -0.000000000000000000, -0.000000000000000000, 1.000000000000000000 ) ) ;
#2282 = VERTEX_POINT ( 'NONE', #2856 ) ;
#2283 = COLOUR_RGB ( '',0.7686274509803920907, 0.7686274509803920907, 0.7686274509803920907 ) ;
#2284 = PRESENTATION_STYLE_ASSIGNMENT (( #1607 ) ) ;
#2285 = EDGE_CURVE ( 'NONE', #3474, #2701, #2505, .T. ) ;
#2286 = ORIENTED_EDGE ( 'NONE', *, *, #2399, .F. ) ;
#2287 = ADVANCED_FACE ( 'NONE', ( #896 ), #1234, .T. ) ;
#2288 = DIRECTION ( 'NONE',  ( -0.2762437428917280946, 0.000000000000000000, 0.9610876102172833946 ) ) ;
#2289 = LINE ( 'NONE', #4315, #4252 ) ;
#2290 = ORIENTED_EDGE ( 'NONE', *, *, #4122, .T. ) ;
#2291 =( LENGTH_UNIT ( ) NAMED_UNIT ( * ) SI_UNIT ( .MILLI., .METRE. ) );
#2292 = ORIENTED_EDGE ( 'NONE', *, *, #359, .F. ) ;
#2293 = ORIENTED_EDGE ( 'NONE', *, *, #2026, .T. ) ;
#2294 = LINE ( 'NONE', #4346, #4527 ) ;
#2295 = CARTESIAN_POINT ( 'NONE',  ( 0.7177600000000000646, 1.467759999999999954, -1.550000000000000044 ) ) ;
#2296 = PLANE ( 'NONE',  #3437 ) ;
#2297 = LINE ( 'NONE', #4416, #1094 ) ;
#2298 = FACE_OUTER_BOUND ( 'NONE', #1045, .T. ) ;
#2299 = DIRECTION ( 'NONE',  ( -1.000000000000000000, 0.000000000000000000, 0.000000000000000000 ) ) ;
#2300 = SURFACE_STYLE_FILL_AREA ( #3999 ) ;
#2301 = SURFACE_SIDE_STYLE ('',( #3271 ) ) ;
#2302 =( NAMED_UNIT ( * ) SI_UNIT ( $, .STERADIAN. ) SOLID_ANGLE_UNIT ( ) );
#2303 = PRESENTATION_STYLE_ASSIGNMENT (( #917 ) ) ;
#2304 = CARTESIAN_POINT ( 'NONE',  ( -0.2871923135456275200, 1.472759999999999625, 0.003507179810070972133 ) ) ;
#2305 = PRESENTATION_STYLE_ASSIGNMENT (( #898 ) ) ;
#2306 = ORIENTED_EDGE ( 'NONE', *, *, #4532, .T. ) ;
#2307 = SURFACE_STYLE_FILL_AREA ( #3326 ) ;
#2308 = VERTEX_POINT ( 'NONE', #3609 ) ;
#2309 = FILL_AREA_STYLE_COLOUR ( '', #2283 ) ;
#2310 =( NAMED_UNIT ( * ) SI_UNIT ( $, .STERADIAN. ) SOLID_ANGLE_UNIT ( ) );
#2311 = ORIENTED_EDGE ( 'NONE', *, *, #654, .F. ) ;
#2312 = ORIENTED_EDGE ( 'NONE', *, *, #3143, .F. ) ;
#2313 = EDGE_CURVE ( 'NONE', #1269, #607, #4021, .T. ) ;
#2314 = FILL_AREA_STYLE ('',( #629 ) ) ;
#2315 = UNCERTAINTY_MEASURE_WITH_UNIT (LENGTH_MEASURE( 1.000000000000000082E-05 ), #649, 'distance_accuracy_value', 'NONE');
#2316 = ADVANCED_FACE ( 'NONE', ( #3680 ), #2208, .F. ) ;
#2317 = ORIENTED_EDGE ( 'NONE', *, *, #3546, .F. ) ;
#2318 = ORIENTED_EDGE ( 'NONE', *, *, #3754, .T. ) ;
#2319 = CARTESIAN_POINT ( 'NONE',  ( 0.7498854032967283700, 0.03519972033164058683, -0.05051949026037672735 ) ) ;
#2320 = CARTESIAN_POINT ( 'NONE',  ( 2.267759999999999998, 0.000000000000000000, -1.550000000000000044 ) ) ;
#2321 =( NAMED_UNIT ( * ) PLANE_ANGLE_UNIT ( ) SI_UNIT ( $, .RADIAN. ) );
#2322 = DIRECTION ( 'NONE',  ( 0.000000000000000000, -1.000000000000000000, 0.000000000000000000 ) ) ;
#2323 = DIRECTION ( 'NONE',  ( -0.000000000000000000, -1.000000000000000000, 0.000000000000000000 ) ) ;
#2324 = CARTESIAN_POINT ( 'NONE',  ( 0.03223999999999978272, 1.500000000000000000, -1.550000000000000044 ) ) ;
#2325 = LINE ( 'NONE', #1550, #3800 ) ;
#2326 = SURFACE_STYLE_USAGE ( .BOTH. , #2741 ) ;
#2327 = AXIS2_PLACEMENT_3D ( 'NONE', #3370, #1624, #567 ) ;
#2328 = FILL_AREA_STYLE ('',( #3301 ) ) ;
#2329 = VECTOR ( 'NONE', #1598, 1000.000000000000000 ) ;
#2330 = B_SPLINE_CURVE_WITH_KNOTS ( 'NONE', 3,
 ( #3627, #464, #1642, #2351, #4101, #915, #3392, #2040, #592, #291 ),
 .UNSPECIFIED., .F., .F.,
 ( 4, 3, 3, 4 ),
 ( 0.000000000000000000, 1.072885282551952360E-05, 2.147986152936636001E-05, 2.526070755706032444E-05 ),
 .UNSPECIFIED. ) ;
#2331 = AXIS2_PLACEMENT_3D ( 'NONE', #1590, #3972, #154 ) ;
#2332 = ORIENTED_EDGE ( 'NONE', *, *, #1484, .F. ) ;
#2333 = FILL_AREA_STYLE_COLOUR ( '', #1212 ) ;
#2334 = VERTEX_POINT ( 'NONE', #870 ) ;
#2335 = STYLED_ITEM ( 'NONE', ( #2284 ), #1207 ) ;
#2336 = CARTESIAN_POINT ( 'NONE',  ( 1.014132956314515166, 1.472760000000000069, -0.6950651962186354949 ) ) ;
#2337 = ORIENTED_EDGE ( 'NONE', *, *, #448, .T. ) ;
#2338 = FACE_OUTER_BOUND ( 'NONE', #2820, .T. ) ;
#2339 = LINE ( 'NONE', #2703, #4396 ) ;
#2340 = MECHANICAL_DESIGN_GEOMETRIC_PRESENTATION_REPRESENTATION (  '', ( #3131 ), #942 ) ;
#2341 = CARTESIAN_POINT ( 'NONE',  ( 0.7500000000000000000, 0.06448000000000000953, -1.517759999999999998 ) ) ;
#2342 = DIRECTION ( 'NONE',  ( -0.000000000000000000, 1.000000000000000000, -0.000000000000000000 ) ) ;
#2343 = SURFACE_SIDE_STYLE ('',( #234 ) ) ;
#2344 = DIRECTION ( 'NONE',  ( 0.9615323037684311291, 0.000000000000000000, 0.2746918797667186607 ) ) ;
#2345 = EDGE_CURVE ( 'NONE', #1197, #4177, #4088, .T. ) ;
#2346 = CARTESIAN_POINT ( 'NONE',  ( 1.550000000000000044, 1.467759999999999954, -1.485519999999999952 ) ) ;
#2347 = ADVANCED_FACE ( 'NONE', ( #2984 ), #2613, .T. ) ;
#2348 = DIRECTION ( 'NONE',  ( -0.000000000000000000, -1.000000000000000000, 0.000000000000000000 ) ) ;
#2349 = PRESENTATION_LAYER_ASSIGNMENT (  '', '', ( #4541 ) ) ;
#2350 = MECHANICAL_DESIGN_GEOMETRIC_PRESENTATION_REPRESENTATION (  '', ( #1523 ), #1163 ) ;
#2351 = CARTESIAN_POINT ( 'NONE',  ( 1.550049459857656409, 0.03402514014692927663, -1.496099182923544602 ) ) ;
#2352 = CARTESIAN_POINT ( 'NONE',  ( 0.7485861198805380257, 1.458317122625454543, -0.04168287737454549891 ) ) ;
#2353 = EDGE_CURVE ( 'NONE', #1408, #3901, #2574, .T. ) ;
#2354 = DIRECTION ( 'NONE',  ( 1.000000000000000000, 0.000000000000000000, 0.000000000000000000 ) ) ;
#2355 = EDGE_CURVE ( 'NONE', #2911, #3031, #2330, .T. ) ;
#2356 = COLOUR_RGB ( '',0.7686274509803920907, 0.7686274509803920907, 0.7686274509803920907 ) ;
#2357 = MECHANICAL_DESIGN_GEOMETRIC_PRESENTATION_REPRESENTATION (  '', ( #956 ), #2491 ) ;
#2358 = FACE_OUTER_BOUND ( 'NONE', #2012, .T. ) ;
#2359 = STYLED_ITEM ( 'NONE', ( #2876 ), #2461 ) ;
#2360 = VERTEX_POINT ( 'NONE', #1995 ) ;
#2361 = EDGE_LOOP ( 'NONE', ( #497, #4307, #122, #2534 ) ) ;
#2362 = DIRECTION ( 'NONE',  ( 0.8958676361826827250, 0.000000000000000000, 0.4443210308329466618 ) ) ;
#2363 =( GEOMETRIC_REPRESENTATION_CONTEXT ( 3 ) GLOBAL_UNCERTAINTY_ASSIGNED_CONTEXT ( ( #554 ) ) GLOBAL_UNIT_ASSIGNED_CONTEXT ( ( #2097, #4204, #1704 ) ) REPRESENTATION_CONTEXT ( 'NONE', 'WORKASPACE' ) );
#2364 = DIRECTION ( 'NONE',  ( -0.9984327301130250243, 0.000000000000000000, -0.05596501978067341260 ) ) ;
#2365 = UNCERTAINTY_MEASURE_WITH_UNIT (LENGTH_MEASURE( 1.000000000000000082E-05 ), #2291, 'distance_accuracy_value', 'NONE');
#2366 = CARTESIAN_POINT ( 'NONE',  ( 1.198639842472818851, 1.467759999999999954, -1.110396224602928417 ) ) ;
#2367 = ORIENTED_EDGE ( 'NONE', *, *, #3199, .F. ) ;
#2368 = PRESENTATION_LAYER_ASSIGNMENT (  '', '', ( #1827 ) ) ;
#2369 = VERTEX_POINT ( 'NONE', #3441 ) ;
#2370 = ORIENTED_EDGE ( 'NONE', *, *, #4085, .F. ) ;
#2371 =( NAMED_UNIT ( * ) PLANE_ANGLE_UNIT ( ) SI_UNIT ( $, .RADIAN. ) );
#2372 = SURFACE_STYLE_USAGE ( .BOTH. , #4120 ) ;
#2373 = DIRECTION ( 'NONE',  ( 0.000000000000000000, 0.000000000000000000, 1.000000000000000000 ) ) ;
#2374 = DIRECTION ( 'NONE',  ( -0.9999999968487353064, 0.000000000000000000, -7.938847109757217273E-05 ) ) ;
#2375 = DIRECTION ( 'NONE',  ( -0.9280290862136694185, 0.000000000000000000, 0.3725077383644825324 ) ) ;
#2376 = SURFACE_STYLE_FILL_AREA ( #327 ) ;
#2377 =( NAMED_UNIT ( * ) PLANE_ANGLE_UNIT ( ) SI_UNIT ( $, .RADIAN. ) );
#2378 = DIRECTION ( 'NONE',  ( -0.4668459304955137057, 0.000000000000000000, 0.8843386665637650301 ) ) ;
#2379 = CARTESIAN_POINT ( 'NONE',  ( 1.242000000000003990, 1.472760000000000069, -0.2585449659703213943 ) ) ;
#2380 = ADVANCED_FACE ( 'NONE', ( #2413 ), #3727, .F. ) ;
#2381 = ADVANCED_FACE ( 'NONE', ( #1283 ), #1670, .T. ) ;
#2382 = LINE ( 'NONE', #685, #858 ) ;
#2383 = DIRECTION ( 'NONE',  ( 1.000000000000000000, 0.000000000000000000, 0.000000000000000000 ) ) ;
#2384 = VERTEX_POINT ( 'NONE', #4509 ) ;
#2385 = LINE ( 'NONE', #2727, #3650 ) ;
#2386 = DIRECTION ( 'NONE',  ( 0.000000000000000000, 0.000000000000000000, 1.000000000000000000 ) ) ;
#2387 = EDGE_LOOP ( 'NONE', ( #2318, #382, #2023, #4014 ) ) ;
#2388 = VERTEX_POINT ( 'NONE', #2759 ) ;
#2389 = CARTESIAN_POINT ( 'NONE',  ( 1.142014311898065015, 1.472760000000000069, -0.5318483123047624828 ) ) ;
#2390 = SPHERICAL_SURFACE ( 'NONE', #2773, 0.03223999999999999783 ) ;
#2391 = DIRECTION ( 'NONE',  ( 0.6995643972270459976, 0.000000000000000000, 0.7145695586381775044 ) ) ;
#2392 = DIRECTION ( 'NONE',  ( -0.000000000000000000, 1.000000000000000000, -0.000000000000000000 ) ) ;
#2393 = CARTESIAN_POINT ( 'NONE',  ( 1.582239999999999869, 0.03223999999999999783, 0.000000000000000000 ) ) ;
#2394 = PLANE ( 'NONE',  #549 ) ;
#2395 = LINE ( 'NONE', #2152, #2279 ) ;
#2396 = FILL_AREA_STYLE_COLOUR ( '', #3341 ) ;
#2397 = CARTESIAN_POINT ( 'NONE',  ( 1.549999999999948530, 1.437202461343470850, -0.03223999999999670185 ) ) ;
#2398 = EDGE_CURVE ( 'NONE', #1807, #84, #1137, .T. ) ;
#2399 = EDGE_CURVE ( 'NONE', #4411, #3610, #4301, .T. ) ;
#2400 = PRESENTATION_LAYER_ASSIGNMENT (  '', '', ( #1065 ) ) ;
#2401 = ORIENTED_EDGE ( 'NONE', *, *, #1209, .T. ) ;
#2402 = VERTEX_POINT ( 'NONE', #4419 ) ;
#2403 = CARTESIAN_POINT ( 'NONE',  ( 1.549984392782217224, 1.442721477955652309, -1.517148181907071125 ) ) ;
#2404 = PRESENTATION_LAYER_ASSIGNMENT (  '', '', ( #1141 ) ) ;
#2405 = ORIENTED_EDGE ( 'NONE', *, *, #1051, .T. ) ;
#2406 = CARTESIAN_POINT ( 'NONE',  ( 1.550000000000000044, 1.467759999999999954, -0.06090371572482861096 ) ) ;
#2407 = ORIENTED_EDGE ( 'NONE', *, *, #939, .F. ) ;
#2408 = CIRCLE ( 'NONE', #2617, 0.03223999999999978272 ) ;
#2409 =( LENGTH_UNIT ( ) NAMED_UNIT ( * ) SI_UNIT ( .MILLI., .METRE. ) );
#2410 = STYLED_ITEM ( 'NONE', ( #647 ), #1340 ) ;
#2411 = CARTESIAN_POINT ( 'NONE',  ( 2.267759999999999998, 1.467759999999999954, 0.000000000000000000 ) ) ;
#2412 = DIRECTION ( 'NONE',  ( -0.8843386665637651411, 0.000000000000000000, -0.4668459304955136502 ) ) ;
#2413 = FACE_OUTER_BOUND ( 'NONE', #1932, .T. ) ;
#2414 = CARTESIAN_POINT ( 'NONE',  ( 1.551413880119462130, 0.04168287737454549891, -0.04168287737454550584 ) ) ;
#2415 =( NAMED_UNIT ( * ) SI_UNIT ( $, .STERADIAN. ) SOLID_ANGLE_UNIT ( ) );
#2416 = UNCERTAINTY_MEASURE_WITH_UNIT (LENGTH_MEASURE( 1.000000000000000082E-05 ), #3576, 'distance_accuracy_value', 'NONE');
#2417 = LINE ( 'NONE', #3140, #2840 ) ;
#2418 = AXIS2_PLACEMENT_3D ( 'NONE', #309, #2374, #4464 ) ;
#2419 = MANIFOLD_SOLID_BREP ( 'Fillet3', #3279 ) ;
#2420 = MECHANICAL_DESIGN_GEOMETRIC_PRESENTATION_REPRESENTATION (  '', ( #2194 ), #796 ) ;
#2421 = EDGE_LOOP ( 'NONE', ( #4356, #69, #1988, #2584 ) ) ;
#2422 = CARTESIAN_POINT ( 'NONE',  ( 1.550049459857656409, 1.446099182923544779, -1.515974859853070678 ) ) ;
#2423 = ORIENTED_EDGE ( 'NONE', *, *, #248, .F. ) ;
#2424 =( NAMED_UNIT ( * ) PLANE_ANGLE_UNIT ( ) SI_UNIT ( $, .RADIAN. ) );
#2425 = DIRECTION ( 'NONE',  ( -0.000000000000000000, -1.000000000000000000, 0.000000000000000000 ) ) ;
#2426 = LINE ( 'NONE', #2815, #4116 ) ;
#2427 = ORIENTED_EDGE ( 'NONE', *, *, #2880, .T. ) ;
#2428 = UNCERTAINTY_MEASURE_WITH_UNIT (LENGTH_MEASURE( 1.000000000000000082E-05 ), #1098, 'distance_accuracy_value', 'NONE');
#2429 = ORIENTED_EDGE ( 'NONE', *, *, #4150, .T. ) ;
#2430 = LINE ( 'NONE', #1367, #3514 ) ;
#2431 = PRESENTATION_LAYER_ASSIGNMENT (  '', '', ( #4042 ) ) ;
#2432 = EDGE_CURVE ( 'NONE', #3255, #387, #2395, .T. ) ;
#2433 = EDGE_CURVE ( 'NONE', #1911, #1588, #3504, .T. ) ;
#2434 = ORIENTED_EDGE ( 'NONE', *, *, #1717, .T. ) ;
#2435 = DIRECTION ( 'NONE',  ( -0.000000000000000000, -2.101818727678165306E-16, -1.000000000000000000 ) ) ;
#2436 = DIRECTION ( 'NONE',  ( -0.000000000000000000, -0.000000000000000000, 1.000000000000000000 ) ) ;
#2437 = FILL_AREA_STYLE_COLOUR ( '', #2192 ) ;
#2438 = DIRECTION ( 'NONE',  ( -1.000000000000000000, 0.000000000000000000, 0.000000000000000000 ) ) ;
#2439 = AXIS2_PLACEMENT_3D ( 'NONE', #2693, #2354, #1036 ) ;
#2440 = MECHANICAL_DESIGN_GEOMETRIC_PRESENTATION_REPRESENTATION (  '', ( #1539 ), #1652 ) ;
#2441 = PLANE ( 'NONE',  #2174 ) ;
#2442 =( NAMED_UNIT ( * ) PLANE_ANGLE_UNIT ( ) SI_UNIT ( $, .RADIAN. ) );
#2443 = CARTESIAN_POINT ( 'NONE',  ( 1.550000000000000044, 1.435520000000000129, -0.03223999999999956761 ) ) ;
#2444 = EDGE_LOOP ( 'NONE', ( #2634, #2776, #2836, #4472 ) ) ;
#2445 = CARTESIAN_POINT ( 'NONE',  ( 1.550000000000000044, 1.467759999999999954, -0.06448000000000000953 ) ) ;
#2446 = ORIENTED_EDGE ( 'NONE', *, *, #3659, .F. ) ;
#2447 = FILL_AREA_STYLE_COLOUR ( '', #3204 ) ;
#2448 = VERTEX_POINT ( 'NONE', #10 ) ;
#2449 = VERTEX_POINT ( 'NONE', #1420 ) ;
#2450 = CARTESIAN_POINT ( 'NONE',  ( 1.550474782862661938, 1.461382790373681129, -1.511382790373680951 ) ) ;
#2451 = CARTESIAN_POINT ( 'NONE',  ( 1.242000000000003990, 1.467759999999999954, -0.9259322953616510032 ) ) ;
#2452 = EDGE_CURVE ( 'NONE', #4081, #3856, #2643, .T. ) ;
#2453 = EDGE_CURVE ( 'NONE', #2900, #4111, #2784, .T. ) ;
#2454 = CARTESIAN_POINT ( 'NONE',  ( 1.550000000000000044, 0.06090371572482903423, -0.03223999999999956761 ) ) ;
#2455 = CARTESIAN_POINT ( 'NONE',  ( 0.7499999999999998890, 1.464553721409445508, -0.03544627859055440866 ) ) ;
#2456 = CARTESIAN_POINT ( 'NONE',  ( 1.242000000000003990, 1.467759999999999954, -0.9259322953616510032 ) ) ;
#2457 = LINE ( 'NONE', #662, #3801 ) ;
#2458 = FILL_AREA_STYLE ('',( #1463 ) ) ;
#2459 = LINE ( 'NONE', #3910, #842 ) ;
#2460 = LINE ( 'NONE', #4169, #1877 ) ;
#2461 = MANIFOLD_SOLID_BREP ( 'Scale1[2]', #2481 ) ;
#2462 = ORIENTED_EDGE ( 'NONE', *, *, #4085, .T. ) ;
#2463 = FILL_AREA_STYLE_COLOUR ( '', #3154 ) ;
#2464 = EDGE_LOOP ( 'NONE', ( #254, #1579, #152, #2434 ) ) ;
#2465 =( LENGTH_UNIT ( ) NAMED_UNIT ( * ) SI_UNIT ( .MILLI., .METRE. ) );
#2466 = VECTOR ( 'NONE', #3350, 1000.000000000000000 ) ;
#2467 = COLOUR_RGB ( '',0.7686274509803920907, 0.7686274509803920907, 0.7686274509803920907 ) ;
#2468 = DIRECTION ( 'NONE',  ( -0.000000000000000000, -1.000000000000000000, 0.000000000000000000 ) ) ;
#2469 = PLANE ( 'NONE',  #3818 ) ;
#2470 = CARTESIAN_POINT ( 'NONE',  ( 1.198648156714193780, 1.467759999999999954, -0.6420286467557699828 ) ) ;
#2471 = EDGE_CURVE ( 'NONE', #2604, #3471, #1800, .T. ) ;
#2472 = CARTESIAN_POINT ( 'NONE',  ( 1.241999999999999993, 1.472760000000000069, -0.1937500000000000056 ) ) ;
#2473 = EDGE_CURVE ( 'NONE', #452, #805, #3158, .T. ) ;
#2474 = DIRECTION ( 'NONE',  ( -0.9612861490927336883, 0.000000000000000000, -0.2755520632520512270 ) ) ;
#2475 = VECTOR ( 'NONE', #3608, 1000.000000000000114 ) ;
#2476 = SURFACE_STYLE_USAGE ( .BOTH. , #1441 ) ;
#2477 = DIRECTION ( 'NONE',  ( 1.000000000000000000, 0.000000000000000000, 0.000000000000000000 ) ) ;
#2478 = EDGE_CURVE ( 'NONE', #4411, #1453, #3847, .T. ) ;
#2479 = LINE ( 'NONE', #1763, #2475 ) ;
#2480 = EDGE_CURVE ( 'NONE', #689, #4282, #881, .T. ) ;
#2481 = CLOSED_SHELL ( 'NONE', ( #4555, #414, #1627, #1270, #3314, #190, #2135, #1574, #2902, #126, #26, #2316, #3917, #1875, #2380, #2057, #1651, #2981, #2881, #708, #1541, #1413, #1073, #874, #2508 ) ) ;
#2482 = VERTEX_POINT ( 'NONE', #3529 ) ;
#2483 = DIRECTION ( 'NONE',  ( 0.000000000000000000, -1.000000000000000000, 0.000000000000000000 ) ) ;
#2484 = FACE_OUTER_BOUND ( 'NONE', #3971, .T. ) ;
#2485 = PRESENTATION_LAYER_ASSIGNMENT (  '', '', ( #4546 ) ) ;
#2486 = ORIENTED_EDGE ( 'NONE', *, *, #192, .T. ) ;
#2487 = DIRECTION ( 'NONE',  ( 0.000000000000000000, 0.000000000000000000, 1.000000000000000000 ) ) ;
#2488 = VERTEX_POINT ( 'NONE', #2519 ) ;
#2489 = ORIENTED_EDGE ( 'NONE', *, *, #3573, .F. ) ;
#2490 = FACE_OUTER_BOUND ( 'NONE', #1809, .T. ) ;
#2491 =( GEOMETRIC_REPRESENTATION_CONTEXT ( 3 ) GLOBAL_UNCERTAINTY_ASSIGNED_CONTEXT ( ( #1913 ) ) GLOBAL_UNIT_ASSIGNED_CONTEXT ( ( #1659, #2011, #2753 ) ) REPRESENTATION_CONTEXT ( 'NONE', 'WORKASPACE' ) );
#2492 = ORIENTED_EDGE ( 'NONE', *, *, #1047, .F. ) ;
#2493 = SURFACE_STYLE_USAGE ( .BOTH. , #1091 ) ;
#2494 = APPLICATION_CONTEXT ( 'automotive_design' ) ;
#2495 = VECTOR ( 'NONE', #3292, 1000.000000000000227 ) ;
#2496 = CARTESIAN_POINT ( 'NONE',  ( 1.057506278058297111, 1.472760000000000069, -0.6600178949437544018 ) ) ;
#2497 = FILL_AREA_STYLE ('',( #2102 ) ) ;
#2498 = LINE ( 'NONE', #720, #174 ) ;
#2499 = DIRECTION ( 'NONE',  ( 0.000000000000000000, 0.000000000000000000, 1.000000000000000000 ) ) ;
#2500 = COLOUR_RGB ( '',0.7686274509803920907, 0.7686274509803920907, 0.7686274509803920907 ) ;
#2501 =( NAMED_UNIT ( * ) SI_UNIT ( $, .STERADIAN. ) SOLID_ANGLE_UNIT ( ) );
#2502 = DIRECTION ( 'NONE',  ( 0.000000000000000000, 0.000000000000000000, 1.000000000000000000 ) ) ;
#2503 = AXIS2_PLACEMENT_3D ( 'NONE', #4112, #2288, #955 ) ;
#2504 = LINE ( 'NONE', #2521, #3638 ) ;
#2505 = LINE ( 'NONE', #4253, #3485 ) ;
#2506 = FACE_OUTER_BOUND ( 'NONE', #3967, .T. ) ;
#2507 = EDGE_CURVE ( 'NONE', #651, #2604, #393, .T. ) ;
#2508 = ADVANCED_FACE ( 'NONE', ( #51 ), #3924, .T. ) ;
#2509 = ORIENTED_EDGE ( 'NONE', *, *, #416, .T. ) ;
#2510 = CARTESIAN_POINT ( 'NONE',  ( 0.7499505401423434137, 1.446099182923544779, -0.03402514014692884642 ) ) ;
#2511 = VERTEX_POINT ( 'NONE', #1376 ) ;
#2512 = CARTESIAN_POINT ( 'NONE',  ( 2.299999999999999822, 1.467759999999999954, -1.517759999999999998 ) ) ;
#2513 = ORIENTED_EDGE ( 'NONE', *, *, #4057, .T. ) ;
#2514 = VERTEX_POINT ( 'NONE', #683 ) ;
#2515 = DIRECTION ( 'NONE',  ( 0.000000000000000000, -1.000000000000000000, 0.000000000000000000 ) ) ;
#2516 = ORIENTED_EDGE ( 'NONE', *, *, #4248, .T. ) ;
#2517 = DIRECTION ( 'NONE',  ( 0.9619530280415479195, 0.000000000000000000, 0.2732148821746301359 ) ) ;
#2518 =( NAMED_UNIT ( * ) PLANE_ANGLE_UNIT ( ) SI_UNIT ( $, .RADIAN. ) );
#2519 = CARTESIAN_POINT ( 'NONE',  ( 0.7485861198805379146, 0.04168287737454571401, -1.508317122625454143 ) ) ;
#2520 = CARTESIAN_POINT ( 'NONE',  ( 2.299999999999999822, 0.000000000000000000, -1.550000000000000044 ) ) ;
#2521 = CARTESIAN_POINT ( 'NONE',  ( 1.142014311898542189, 1.467759999999999954, -1.019298461156342261 ) ) ;
#2522 = FILL_AREA_STYLE_COLOUR ( '', #46 ) ;
#2523 = ORIENTED_EDGE ( 'NONE', *, *, #4454, .T. ) ;
#2524 = FILL_AREA_STYLE_COLOUR ( '', #106 ) ;
#2525 = ADVANCED_FACE ( 'NONE', ( #3173 ), #2081, .F. ) ;
#2526 = ADVANCED_FACE ( 'NONE', ( #4209 ), #3860, .T. ) ;
#2527 = PRESENTATION_STYLE_ASSIGNMENT (( #755 ) ) ;
#2528 = ORIENTED_EDGE ( 'NONE', *, *, #2766, .F. ) ;
#2529 = ORIENTED_EDGE ( 'NONE', *, *, #1905, .F. ) ;
#2530 = CARTESIAN_POINT ( 'NONE',  ( 2.299999999999999822, 1.467759999999999954, -1.517759999999999998 ) ) ;
#2531 = VERTEX_POINT ( 'NONE', #110 ) ;
#2532 = VECTOR ( 'NONE', #2829, 1000.000000000000000 ) ;
#2533 = VERTEX_POINT ( 'NONE', #1522 ) ;
#2534 = ORIENTED_EDGE ( 'NONE', *, *, #1507, .T. ) ;
#2535 = FACE_OUTER_BOUND ( 'NONE', #734, .T. ) ;
#2536 = UNCERTAINTY_MEASURE_WITH_UNIT (LENGTH_MEASURE( 1.000000000000000082E-05 ), #3710, 'distance_accuracy_value', 'NONE');
#2537 = VECTOR ( 'NONE', #1778, 1000.000000000000000 ) ;
#2538 = STYLED_ITEM ( 'NONE', ( #988 ), #707 ) ;
#2539 = DIRECTION ( 'NONE',  ( 0.000000000000000000, 0.000000000000000000, -1.000000000000000000 ) ) ;
#2540 = EDGE_LOOP ( 'NONE', ( #731, #361, #3545, #1520 ) ) ;
#2541 = CARTESIAN_POINT ( 'NONE',  ( 0.7177600000000000646, 1.500000000000000000, -0.03223999999999999783 ) ) ;
#2542 = STYLED_ITEM ( 'NONE', ( #1736 ), #1874 ) ;
#2543 = LINE ( 'NONE', #2241, #2942 ) ;
#2544 = VECTOR ( 'NONE', #3859, 1000.000000000000000 ) ;
#2545 = PLANE ( 'NONE',  #1870 ) ;
#2546 = MECHANICAL_DESIGN_GEOMETRIC_PRESENTATION_REPRESENTATION (  '', ( #1949 ), #631 ) ;
#2547 = STYLED_ITEM ( 'NONE', ( #4442 ), #1468 ) ;
#2548 = CARTESIAN_POINT ( 'NONE',  ( 1.582239999999999869, 0.03223999999999999783, -1.517759999999999998 ) ) ;
#2549 =( NAMED_UNIT ( * ) PLANE_ANGLE_UNIT ( ) SI_UNIT ( $, .RADIAN. ) );
#2550 = COLOUR_RGB ( '',0.7686274509803920907, 0.7686274509803920907, 0.7686274509803920907 ) ;
#2551 = DIRECTION ( 'NONE',  ( -0.002813301676014988168, 0.000000000000000000, 0.9999960426590095430 ) ) ;
#2552 = EDGE_LOOP ( 'NONE', ( #225, #3764, #4334, #3736 ) ) ;
#2553 = ORIENTED_EDGE ( 'NONE', *, *, #2478, .F. ) ;
#2554 = EDGE_LOOP ( 'NONE', ( #2837, #1752, #3354, #2771 ) ) ;
#2555 = MECHANICAL_DESIGN_GEOMETRIC_PRESENTATION_REPRESENTATION (  '', ( #792 ), #3657 ) ;
#2556 = ORIENTED_EDGE ( 'NONE', *, *, #1186, .T. ) ;
#2557 = FILL_AREA_STYLE ('',( #1837 ) ) ;
#2558 = COLOUR_RGB ( '',0.7686274509803920907, 0.7686274509803920907, 0.7686274509803920907 ) ;
#2559 = CIRCLE ( 'NONE', #1092, 0.03223999999999999783 ) ;
#2560 = FACE_OUTER_BOUND ( 'NONE', #3327, .T. ) ;
#2561 = EDGE_CURVE ( 'NONE', #1025, #1901, #1203, .T. ) ;
#2562 = LINE ( 'NONE', #1882, #3077 ) ;
#2563 = EDGE_CURVE ( 'NONE', #2449, #3535, #2543, .T. ) ;
#2564 = VERTEX_POINT ( 'NONE', #3700 ) ;
#2565 = CARTESIAN_POINT ( 'NONE',  ( 1.198648156714193780, 1.472760000000000069, -0.5157117543673824800 ) ) ;
#2566 = CARTESIAN_POINT ( 'NONE',  ( 1.058129846205634106, 1.467759999999999954, -1.217345090345971270 ) ) ;
#2567 = DIRECTION ( 'NONE',  ( -0.000000000000000000, -1.000000000000000000, 0.000000000000000000 ) ) ;
#2568 = CARTESIAN_POINT ( 'NONE',  ( 0.03223999999999999783, 0.03223999999999999783, -1.517759999999999998 ) ) ;
#2569 =( GEOMETRIC_REPRESENTATION_CONTEXT ( 3 ) GLOBAL_UNCERTAINTY_ASSIGNED_CONTEXT ( ( #664 ) ) GLOBAL_UNIT_ASSIGNED_CONTEXT ( ( #833, #2636, #2201 ) ) REPRESENTATION_CONTEXT ( 'NONE', 'WORKASPACE' ) );
#2570 = CARTESIAN_POINT ( 'NONE',  ( 1.550000000000000044, 0.03224000000000000477, -1.517759999999999998 ) ) ;
#2571 = LINE ( 'NONE', #3978, #1144 ) ;
#2572 = STYLED_ITEM ( 'NONE', ( #1427 ), #2795 ) ;
#2573 = FILL_AREA_STYLE ('',( #1443 ) ) ;
#2574 = LINE ( 'NONE', #3980, #4453 ) ;
#2575 = MECHANICAL_DESIGN_GEOMETRIC_PRESENTATION_REPRESENTATION (  '', ( #4554 ), #4347 ) ;
#2576 = CARTESIAN_POINT ( 'NONE',  ( 1.550697797675425704, 0.04402051688723436496, -1.510654762138142981 ) ) ;
#2577 = AXIS2_PLACEMENT_3D ( 'NONE', #1643, #2019, #2042 ) ;
#2578 = ORIENTED_EDGE ( 'NONE', *, *, #1743, .F. ) ;
#2579 = ORIENTED_EDGE ( 'NONE', *, *, #4254, .T. ) ;
#2580 = ORIENTED_EDGE ( 'NONE', *, *, #1187, .T. ) ;
#2581 = CARTESIAN_POINT ( 'NONE',  ( 1.118274379689101039, 1.472760000000000069, -0.2940072864894035520 ) ) ;
#2582 = ORIENTED_EDGE ( 'NONE', *, *, #3975, .T. ) ;
#2583 = LINE ( 'NONE', #3670, #3444 ) ;
#2584 = ORIENTED_EDGE ( 'NONE', *, *, #2618, .T. ) ;
#2585 = FACE_OUTER_BOUND ( 'NONE', #556, .T. ) ;
#2586 = LINE ( 'NONE', #3600, #3899 ) ;
#2587 = CARTESIAN_POINT ( 'NONE',  ( 0.7500000000000000000, 1.467759999999999954, -1.550000000000000044 ) ) ;
#2588 = ADVANCED_FACE ( 'NONE', ( #2974 ), #812, .F. ) ;
#2589 = CARTESIAN_POINT ( 'NONE',  ( 0.7492451559485321377, 1.460824399456671863, -1.505497611672499181 ) ) ;
#2590 = EDGE_CURVE ( 'NONE', #3769, #2511, #510, .T. ) ;
#2591 = DIRECTION ( 'NONE',  ( 0.000000000000000000, 0.000000000000000000, -1.000000000000000000 ) ) ;
#2592 = DIRECTION ( 'NONE',  ( 0.000000000000000000, 0.000000000000000000, 1.000000000000000000 ) ) ;
#2593 = CARTESIAN_POINT ( 'NONE',  ( 2.267759999999999998, 1.467759999999999954, -0.03223999999999999783 ) ) ;
#2594 =( NAMED_UNIT ( * ) SI_UNIT ( $, .STERADIAN. ) SOLID_ANGLE_UNIT ( ) );
#2595 = EDGE_CURVE ( 'NONE', #3376, #3833, #861, .T. ) ;
#2596 = CARTESIAN_POINT ( 'NONE',  ( 0.000000000000000000, 1.500000000000000000, -0.03223999999999999783 ) ) ;
#2597 = ORIENTED_EDGE ( 'NONE', *, *, #814, .T. ) ;
#2598 = FILL_AREA_STYLE ('',( #1488 ) ) ;
#2599 = ORIENTED_EDGE ( 'NONE', *, *, #4023, .T. ) ;
#2600 = LINE ( 'NONE', #4405, #4316 ) ;
#2601 = VERTEX_POINT ( 'NONE', #1185 ) ;
#2602 = DIRECTION ( 'NONE',  ( 1.000000000000000000, -0.000000000000000000, -0.000000000000000000 ) ) ;
#2603 = SURFACE_STYLE_FILL_AREA ( #2655 ) ;
#2604 = VERTEX_POINT ( 'NONE', #2566 ) ;
#2605 = DIRECTION ( 'NONE',  ( 0.000000000000000000, -1.000000000000000000, -0.000000000000000000 ) ) ;
#2606 = ORIENTED_EDGE ( 'NONE', *, *, #3688, .F. ) ;
#2607 = CARTESIAN_POINT ( 'NONE',  ( 1.014132956314515166, 1.467759999999999954, -0.8640816736198583259 ) ) ;
#2608 = DIRECTION ( 'NONE',  ( 1.000000000000000000, -0.000000000000000000, 0.000000000000000000 ) ) ;
#2609 = UNCERTAINTY_MEASURE_WITH_UNIT (LENGTH_MEASURE( 1.000000000000000082E-05 ), #1773, 'distance_accuracy_value', 'NONE');
#2610 = DIRECTION ( 'NONE',  ( 0.000000000000000000, 1.000000000000000000, 0.000000000000000000 ) ) ;
#2611 = VECTOR ( 'NONE', #3849, 1000.000000000000000 ) ;
#2612 = DIRECTION ( 'NONE',  ( 1.000000000000000000, 0.000000000000000000, 0.000000000000000000 ) ) ;
#2613 = CYLINDRICAL_SURFACE ( 'NONE', #2165, 0.03223999999999978272 ) ;
#2614 = SURFACE_SIDE_STYLE ('',( #593 ) ) ;
#2615 = FILL_AREA_STYLE_COLOUR ( '', #1250 ) ;
#2616 = AXIS2_PLACEMENT_3D ( 'NONE', #1994, #290, #239 ) ;
#2617 = AXIS2_PLACEMENT_3D ( 'NONE', #2593, #513, #2612 ) ;
#2618 = EDGE_CURVE ( 'NONE', #3399, #4109, #133, .T. ) ;
#2619 = EDGE_CURVE ( 'NONE', #2449, #3569, #2586, .T. ) ;
#2620 = DIRECTION ( 'NONE',  ( -0.000000000000000000, 1.000000000000000000, -0.000000000000000000 ) ) ;
#2621 = AXIS2_PLACEMENT_3D ( 'NONE', #2230, #2483, #1170 ) ;
#2622 = EDGE_LOOP ( 'NONE', ( #2516, #1289, #1015, #3407, #1040, #739 ) ) ;
#2623 = CARTESIAN_POINT ( 'NONE',  ( 0.7500000000000000000, 0.03224000000000000477, -0.06447999999999956544 ) ) ;
#2624 = VERTEX_POINT ( 'NONE', #1840 ) ;
#2625 = LINE ( 'NONE', #2336, #1305 ) ;
#2626 = ORIENTED_EDGE ( 'NONE', *, *, #220, .F. ) ;
#2627 = DIRECTION ( 'NONE',  ( 0.000000000000000000, 0.000000000000000000, 1.000000000000000000 ) ) ;
#2628 = FILL_AREA_STYLE_COLOUR ( '', #1026 ) ;
#2629 = STYLED_ITEM ( 'NONE', ( #4435 ), #3481 ) ;
#2630 = VERTEX_POINT ( 'NONE', #3645 ) ;
#2631 = DIRECTION ( 'NONE',  ( 0.000000000000000000, 0.000000000000000000, 1.000000000000000000 ) ) ;
#2632 = ORIENTED_EDGE ( 'NONE', *, *, #1430, .F. ) ;
#2633 = MECHANICAL_DESIGN_GEOMETRIC_PRESENTATION_REPRESENTATION (  '', ( #57 ), #650 ) ;
#2634 = ORIENTED_EDGE ( 'NONE', *, *, #2740, .F. ) ;
#2635 = CARTESIAN_POINT ( 'NONE',  ( 1.550000000000000044, 0.03544627859055456132, -0.03544627859055456132 ) ) ;
#2636 =( NAMED_UNIT ( * ) PLANE_ANGLE_UNIT ( ) SI_UNIT ( $, .RADIAN. ) );
#2637 = DIRECTION ( 'NONE',  ( -0.000000000000000000, -1.000000000000000000, 0.000000000000000000 ) ) ;
#2638 = AXIS2_PLACEMENT_3D ( 'NONE', #937, #560, #4092 ) ;
#2639 = VECTOR ( 'NONE', #384, 1000.000000000000000 ) ;
#2640 = DIRECTION ( 'NONE',  ( -0.9612934544747571142, 0.000000000000000000, -0.2755265765475047313 ) ) ;
#2641 = DIRECTION ( 'NONE',  ( 1.000000000000000000, 0.000000000000000000, 0.000000000000000000 ) ) ;
#2642 = DIRECTION ( 'NONE',  ( 0.000000000000000000, 0.000000000000000000, -1.000000000000000000 ) ) ;
#2643 = CIRCLE ( 'NONE', #656, 0.03224000000000000477 ) ;
#2644 = LINE ( 'NONE', #2183, #1761 ) ;
#2645 = AXIS2_PLACEMENT_3D ( 'NONE', #4034, #883, #273 ) ;
#2646 = PLANE ( 'NONE',  #259 ) ;
#2647 = EDGE_CURVE ( 'NONE', #317, #168, #1886, .T. ) ;
#2648 = EDGE_CURVE ( 'NONE', #339, #45, #1228, .T. ) ;
#2649 = DIRECTION ( 'NONE',  ( 1.000000000000000000, 0.000000000000000000, 0.000000000000000000 ) ) ;
#2650 = ORIENTED_EDGE ( 'NONE', *, *, #2928, .T. ) ;
#2651 = CIRCLE ( 'NONE', #3683, 0.03224000000000000477 ) ;
#2652 =( NAMED_UNIT ( * ) SI_UNIT ( $, .STERADIAN. ) SOLID_ANGLE_UNIT ( ) );
#2653 = EDGE_LOOP ( 'NONE', ( #3145, #2268, #1386, #1393 ) ) ;
#2654 = CARTESIAN_POINT ( 'NONE',  ( 2.299999999999999822, 1.467759999999999954, -1.550000000000000044 ) ) ;
#2655 = FILL_AREA_STYLE ('',( #2628 ) ) ;
#2656 = VERTEX_POINT ( 'NONE', #75 ) ;
#2657 = ADVANCED_FACE ( 'NONE', ( #2894 ), #90, .T. ) ;
#2658 = ORIENTED_EDGE ( 'NONE', *, *, #2959, .T. ) ;
#2659 = FILL_AREA_STYLE_COLOUR ( '', #286 ) ;
#2660 = EDGE_LOOP ( 'NONE', ( #686, #2033, #3494, #4447, #3360, #430, #1698, #4288, #1609, #4427, #1425 ) ) ;
#2661 = EDGE_LOOP ( 'NONE', ( #2998, #252, #574, #2927, #3786, #3959, #3061, #1959 ) ) ;
#2662 = FACE_OUTER_BOUND ( 'NONE', #2653, .T. ) ;
#2663 = PRESENTATION_STYLE_ASSIGNMENT (( #1279 ) ) ;
#2664 = FILL_AREA_STYLE ('',( #3093 ) ) ;
#2665 =( NAMED_UNIT ( * ) PLANE_ANGLE_UNIT ( ) SI_UNIT ( $, .RADIAN. ) );
#2666 = SURFACE_STYLE_FILL_AREA ( #866 ) ;
#2667 = FACE_OUTER_BOUND ( 'NONE', #2236, .T. ) ;
#2668 = CARTESIAN_POINT ( 'NONE',  ( 1.242000000000003990, 1.472760000000000069, -0.8985091539642460212 ) ) ;
#2669 = CARTESIAN_POINT ( 'NONE',  ( 1.582239999999999869, 0.03223999999999999783, -1.517759999999999998 ) ) ;
#2670 = CARTESIAN_POINT ( 'NONE',  ( 2.299999999999999822, 1.467759999999999954, -0.03223999999999999783 ) ) ;
#2671 = SURFACE_SIDE_STYLE ('',( #2747 ) ) ;
#2672 = VERTEX_POINT ( 'NONE', #1663 ) ;
#2673 = EDGE_CURVE ( 'NONE', #2004, #2161, #4502, .T. ) ;
#2674 = B_SPLINE_CURVE_WITH_KNOTS ( 'NONE', 3,
 ( #2069, #4137, #2403, #2422, #2024, #3829, #4498, #3123, #2749, #4154 ),
 .UNSPECIFIED., .F., .F.,
 ( 4, 3, 3, 4 ),
 ( 0.000000000000000000, 1.072885282551940840E-05, 2.147986152936618383E-05, 2.526070755706036848E-05 ),
 .UNSPECIFIED. ) ;
#2675 = FACE_OUTER_BOUND ( 'NONE', #3235, .T. ) ;
#2676 = EDGE_CURVE ( 'NONE', #3833, #2672, #633, .T. ) ;
#2677 = ORIENTED_EDGE ( 'NONE', *, *, #2085, .F. ) ;
#2678 = FACE_OUTER_BOUND ( 'NONE', #3275, .T. ) ;
#2679 = FACE_OUTER_BOUND ( 'NONE', #2144, .T. ) ;
#2680 = ORIENTED_EDGE ( 'NONE', *, *, #2345, .F. ) ;
#2681 = LINE ( 'NONE', #933, #2864 ) ;
#2682 = UNCERTAINTY_MEASURE_WITH_UNIT (LENGTH_MEASURE( 1.000000000000000082E-05 ), #1304, 'distance_accuracy_value', 'NONE');
#2683 = ADVANCED_FACE ( 'NONE', ( #2662 ), #184, .T. ) ;
#2684 = EDGE_CURVE ( 'NONE', #689, #4081, #3791, .T. ) ;
#2685 = VERTEX_POINT ( 'NONE', #4434 ) ;
#2686 = CARTESIAN_POINT ( 'NONE',  ( 1.582239999999999869, 1.467759999999999954, -0.03224000000000000477 ) ) ;
#2687 =( NAMED_UNIT ( * ) SI_UNIT ( $, .STERADIAN. ) SOLID_ANGLE_UNIT ( ) );
#2688 = SURFACE_SIDE_STYLE ('',( #4460 ) ) ;
#2689 = PLANE ( 'NONE',  #2418 ) ;
#2690 = DIRECTION ( 'NONE',  ( -0.000000000000000000, 0.000000000000000000, 1.000000000000000000 ) ) ;
#2691 = CIRCLE ( 'NONE', #4520, 0.03223999999999999783 ) ;
#2692 = SURFACE_STYLE_USAGE ( .BOTH. , #568 ) ;
#2693 = CARTESIAN_POINT ( 'NONE',  ( 0.7177600000000000646, 1.467759999999999954, -0.03223999999999999783 ) ) ;
#2694 = LINE ( 'NONE', #1264, #2466 ) ;
#2695 = MECHANICAL_DESIGN_GEOMETRIC_PRESENTATION_REPRESENTATION (  '', ( #3644 ), #399 ) ;
#2696 = PRESENTATION_LAYER_ASSIGNMENT (  '', '', ( #3125 ) ) ;
#2697 = CYLINDRICAL_SURFACE ( 'NONE', #397, 0.03224000000000000477 ) ;
#2698 = ORIENTED_EDGE ( 'NONE', *, *, #3890, .F. ) ;
#2699 = PRESENTATION_LAYER_ASSIGNMENT (  '', '', ( #3946 ) ) ;
#2700 =( NAMED_UNIT ( * ) PLANE_ANGLE_UNIT ( ) SI_UNIT ( $, .RADIAN. ) );
#2701 = VERTEX_POINT ( 'NONE', #4484 ) ;
#2702 = CARTESIAN_POINT ( 'NONE',  ( 1.142014311898542189, 1.472760000000000069, -1.117072560896706479 ) ) ;
#2703 = CARTESIAN_POINT ( 'NONE',  ( 1.242000000000003990, 1.472760000000000069, -0.4384253323412780623 ) ) ;
#2704 =( GEOMETRIC_REPRESENTATION_CONTEXT ( 3 ) GLOBAL_UNCERTAINTY_ASSIGNED_CONTEXT ( ( #3867 ) ) GLOBAL_UNIT_ASSIGNED_CONTEXT ( ( #164, #4418, #2594 ) ) REPRESENTATION_CONTEXT ( 'NONE', 'WORKASPACE' ) );
#2705 = EDGE_LOOP ( 'NONE', ( #780, #4241, #2050 ) ) ;
#2706 = ORIENTED_EDGE ( 'NONE', *, *, #224, .T. ) ;
#2707 = CARTESIAN_POINT ( 'NONE',  ( 2.299999999999999822, 0.03223999999999999783, 0.000000000000000000 ) ) ;
#2708 = ORIENTED_EDGE ( 'NONE', *, *, #2432, .F. ) ;
#2709 =( LENGTH_UNIT ( ) NAMED_UNIT ( * ) SI_UNIT ( .MILLI., .METRE. ) );
#2710 = SURFACE_SIDE_STYLE ('',( #1639 ) ) ;
#2711 = CARTESIAN_POINT ( 'NONE',  ( 1.550192720806161661, 1.464240128372769734, -1.500168270418436034 ) ) ;
#2712 = EDGE_CURVE ( 'NONE', #1783, #2624, #936, .T. ) ;
#2713 = ADVANCED_FACE ( 'NONE', ( #1990 ), #3386, .F. ) ;
#2714 = LINE ( 'NONE', #3459, #794 ) ;
#2715 =( NAMED_UNIT ( * ) SI_UNIT ( $, .STERADIAN. ) SOLID_ANGLE_UNIT ( ) );
#2716 = AXIS2_PLACEMENT_3D ( 'NONE', #1527, #140, #4350 ) ;
#2717 = CARTESIAN_POINT ( 'NONE',  ( 1.242000000000003990, 1.467759999999999954, -0.6839081761791220293 ) ) ;
#2718 = DIRECTION ( 'NONE',  ( -1.000000000000000000, 0.000000000000000000, 0.000000000000000000 ) ) ;
#2719 = DIRECTION ( 'NONE',  ( -0.000000000000000000, -1.000000000000000000, -0.000000000000000000 ) ) ;
#2720 = CARTESIAN_POINT ( 'NONE',  ( 1.014132956314515166, 1.472760000000000069, -0.2592350482359317976 ) ) ;
#2721 = PRESENTATION_LAYER_ASSIGNMENT (  '', '', ( #57 ) ) ;
#2722 = AXIS2_PLACEMENT_3D ( 'NONE', #105, #2969, #4059 ) ;
#2723 = VECTOR ( 'NONE', #2515, 1000.000000000000000 ) ;
#2724 = CARTESIAN_POINT ( 'NONE',  ( 1.550697797675425704, 1.455979483112765704, -0.03934523786185678551 ) ) ;
#2725 =( NAMED_UNIT ( * ) SI_UNIT ( $, .STERADIAN. ) SOLID_ANGLE_UNIT ( ) );
#2726 = EDGE_LOOP ( 'NONE', ( #2991, #958, #522, #531 ) ) ;
#2727 = CARTESIAN_POINT ( 'NONE',  ( 1.550000000000000044, 0.000000000000000000, -1.517759999999999998 ) ) ;
#2728 = VECTOR ( 'NONE', #586, 1000.000000000000000 ) ;
#2729 = DIRECTION ( 'NONE',  ( 1.000000000000000000, -0.000000000000000000, 0.000000000000000000 ) ) ;
#2730 = CARTESIAN_POINT ( 'NONE',  ( 1.242000000000003990, 1.467759999999999954, -0.4384253323412780623 ) ) ;
#2731 = EDGE_LOOP ( 'NONE', ( #3151, #2146, #1487 ) ) ;
#2732 = ORIENTED_EDGE ( 'NONE', *, *, #279, .F. ) ;
#2733 = DIRECTION ( 'NONE',  ( 0.000000000000000000, 0.000000000000000000, 1.000000000000000000 ) ) ;
#2734 = CARTESIAN_POINT ( 'NONE',  ( 2.267759999999999998, 1.467759999999999954, 0.000000000000000000 ) ) ;
#2735 = SURFACE_SIDE_STYLE ('',( #3091 ) ) ;
#2736 = DIRECTION ( 'NONE',  ( 1.000000000000000000, -0.000000000000000000, 0.000000000000000000 ) ) ;
#2737 = CARTESIAN_POINT ( 'NONE',  ( 1.242000000000003990, 1.467759999999999954, -0.6433485324851828668 ) ) ;
#2738 =( NAMED_UNIT ( * ) SI_UNIT ( $, .STERADIAN. ) SOLID_ANGLE_UNIT ( ) );
#2739 = EDGE_CURVE ( 'NONE', #1197, #4089, #4220, .T. ) ;
#2740 = EDGE_CURVE ( 'NONE', #83, #2116, #1400, .T. ) ;
#2741 = SURFACE_SIDE_STYLE ('',( #944 ) ) ;
#2742 = DIRECTION ( 'NONE',  ( 0.8843386665637650301, 0.000000000000000000, 0.4668459304955137057 ) ) ;
#2743 = LINE ( 'NONE', #989, #1039 ) ;
#2744 = CARTESIAN_POINT ( 'NONE',  ( 1.099889512155283189, 1.472760000000000069, -0.5438665490579562833 ) ) ;
#2745 = UNCERTAINTY_MEASURE_WITH_UNIT (LENGTH_MEASURE( 1.000000000000000082E-05 ), #3876, 'distance_accuracy_value', 'NONE');
#2746 = EDGE_CURVE ( 'NONE', #2533, #1836, #1533, .T. ) ;
#2747 = SURFACE_STYLE_FILL_AREA ( #4425 ) ;
#2748 = ORIENTED_EDGE ( 'NONE', *, *, #2085, .T. ) ;
#2749 = CARTESIAN_POINT ( 'NONE',  ( 1.551143600089036845, 1.457434797855136077, -1.509199447395922933 ) ) ;
#2750 = ORIENTED_EDGE ( 'NONE', *, *, #2002, .T. ) ;
#2751 = SURFACE_SIDE_STYLE ('',( #3469 ) ) ;
#2752 = FACE_OUTER_BOUND ( 'NONE', #825, .T. ) ;
#2753 =( NAMED_UNIT ( * ) SI_UNIT ( $, .STERADIAN. ) SOLID_ANGLE_UNIT ( ) );
#2754 = ORIENTED_EDGE ( 'NONE', *, *, #993, .T. ) ;
#2755 = FILL_AREA_STYLE_COLOUR ( '', #3593 ) ;
#2756 = DIRECTION ( 'NONE',  ( 1.000000000000000000, 0.000000000000000000, -2.101818727678164320E-16 ) ) ;
#2757 = LINE ( 'NONE', #657, #3744 ) ;
#2758 = FACE_OUTER_BOUND ( 'NONE', #1478, .T. ) ;
#2759 = CARTESIAN_POINT ( 'NONE',  ( 1.118274379689101039, 1.467759999999999954, -0.2940072864894035520 ) ) ;
#2760 = CARTESIAN_POINT ( 'NONE',  ( 0.7499999999999998890, 1.464553721409445286, -1.514553721409445330 ) ) ;
#2761 = MECHANICAL_DESIGN_GEOMETRIC_PRESENTATION_REPRESENTATION (  '', ( #1723 ), #1497 ) ;
#2762 = CARTESIAN_POINT ( 'NONE',  ( 1.550008869355398167, 1.443881615621346759, -0.03316123822313014891 ) ) ;
#2763 = PRESENTATION_LAYER_ASSIGNMENT (  '', '', ( #96 ) ) ;
#2764 = MECHANICAL_DESIGN_GEOMETRIC_PRESENTATION_REPRESENTATION (  '', ( #4524 ), #1436 ) ;
#2765 = EDGE_CURVE ( 'NONE', #2937, #1836, #1171, .T. ) ;
#2766 = EDGE_CURVE ( 'NONE', #2256, #2096, #1394, .T. ) ;
#2767 = B_SPLINE_CURVE_WITH_KNOTS ( 'NONE', 3,
 ( #1722, #2406, #2772, #4216, #1021, #4240, #1059, #669, #3854, #2071 ),
 .UNSPECIFIED., .F., .F.,
 ( 4, 3, 3, 4 ),
 ( 4.201283418381329200E-19, 1.072885282551930676E-05, 2.147986152936599071E-05, 2.526070755705997546E-05 ),
 .UNSPECIFIED. ) ;
#2768 = ORIENTED_EDGE ( 'NONE', *, *, #2648, .T. ) ;
#2769 = VECTOR ( 'NONE', #3551, 1000.000000000000114 ) ;
#2770 = AXIS2_PLACEMENT_3D ( 'NONE', #4373, #1284, #4073 ) ;
#2771 = ORIENTED_EDGE ( 'NONE', *, *, #366, .T. ) ;
#2772 = CARTESIAN_POINT ( 'NONE',  ( 1.549984392782217224, 1.467148181907071081, -0.05727852204434739219 ) ) ;
#2773 = AXIS2_PLACEMENT_3D ( 'NONE', #3772, #609, #3041 ) ;
#2774 = AXIS2_PLACEMENT_3D ( 'NONE', #1513, #2929, #3280 ) ;
#2775 = CARTESIAN_POINT ( 'NONE',  ( 1.198648156714193780, 1.472760000000000069, -0.6420286467557699828 ) ) ;
#2776 = ORIENTED_EDGE ( 'NONE', *, *, #1381, .F. ) ;
#2777 = DIRECTION ( 'NONE',  ( 0.000000000000000000, 0.000000000000000000, -1.000000000000000000 ) ) ;
#2778 = COLOUR_RGB ( '',0.7686274509803920907, 0.7686274509803920907, 0.7686274509803920907 ) ;
#2779 = FILL_AREA_STYLE ('',( #1347 ) ) ;
#2780 = DIRECTION ( 'NONE',  ( -0.000000000000000000, -1.000000000000000000, 0.000000000000000000 ) ) ;
#2781 =( NAMED_UNIT ( * ) SI_UNIT ( $, .STERADIAN. ) SOLID_ANGLE_UNIT ( ) );
#2782 = DIRECTION ( 'NONE',  ( -1.000000000000000000, 0.000000000000000000, 0.000000000000000000 ) ) ;
#2783 = PRESENTATION_STYLE_ASSIGNMENT (( #1694 ) ) ;
#2784 = LINE ( 'NONE', #351, #2203 ) ;
#2785 = SURFACE_STYLE_USAGE ( .BOTH. , #4492 ) ;
#2786 = DIRECTION ( 'NONE',  ( 0.000000000000000000, 1.000000000000000000, 0.000000000000000000 ) ) ;
#2787 = UNCERTAINTY_MEASURE_WITH_UNIT (LENGTH_MEASURE( 1.000000000000000082E-05 ), #3320, 'distance_accuracy_value', 'NONE');
#2788 = MECHANICAL_DESIGN_GEOMETRIC_PRESENTATION_REPRESENTATION (  '', ( #646 ), #491 ) ;
#2789 = DIRECTION ( 'NONE',  ( 5.943634068010692500E-14, 0.000000000000000000, -1.000000000000000000 ) ) ;
#2790 = MECHANICAL_DESIGN_GEOMETRIC_PRESENTATION_REPRESENTATION (  '', ( #2995 ), #493 ) ;
#2791 = ORIENTED_EDGE ( 'NONE', *, *, #1660, .F. ) ;
#2792 = DIRECTION ( 'NONE',  ( 0.000000000000000000, 0.000000000000000000, -1.000000000000000000 ) ) ;
#2793 = EDGE_CURVE ( 'NONE', #1589, #40, #388, .T. ) ;
#2794 = ORIENTED_EDGE ( 'NONE', *, *, #1180, .T. ) ;
#2795 = ADVANCED_FACE ( 'NONE', ( #1790 ), #3903, .T. ) ;
#2796 = CARTESIAN_POINT ( 'NONE',  ( 1.099897133544127215, 1.472760000000000069, -1.129104654719558010 ) ) ;
#2797 =( GEOMETRIC_REPRESENTATION_CONTEXT ( 3 ) GLOBAL_UNCERTAINTY_ASSIGNED_CONTEXT ( ( #887 ) ) GLOBAL_UNIT_ASSIGNED_CONTEXT ( ( #4066, #256, #1638 ) ) REPRESENTATION_CONTEXT ( 'NONE', 'WORKASPACE' ) );
#2798 = DIRECTION ( 'NONE',  ( 0.9610992334305259455, 0.000000000000000000, 0.2762033010288897916 ) ) ;
#2799 = ORIENTED_EDGE ( 'NONE', *, *, #2983, .T. ) ;
#2800 = SPHERICAL_SURFACE ( 'NONE', #4259, 0.03223999999999999783 ) ;
#2801 = VECTOR ( 'NONE', #1029, 1000.000000000000227 ) ;
#2802 = ORIENTED_EDGE ( 'NONE', *, *, #1186, .F. ) ;
#2803 = CARTESIAN_POINT ( 'NONE',  ( 0.03223999999999999783, 0.03223999999999999783, -0.03223999999999999783 ) ) ;
#2804 = DIRECTION ( 'NONE',  ( 0.9237839814038673047, 0.000000000000000000, -0.3829140317376986125 ) ) ;
#2805 = CARTESIAN_POINT ( 'NONE',  ( 1.014132956314515166, 1.472760000000000069, -0.9640226091935145680 ) ) ;
#2806 = MECHANICAL_DESIGN_GEOMETRIC_PRESENTATION_REPRESENTATION (  '', ( #808 ), #3222 ) ;
#2807 = FACE_OUTER_BOUND ( 'NONE', #2731, .T. ) ;
#2808 = CARTESIAN_POINT ( 'NONE',  ( 1.058129846206199876, 1.472760000000000069, -1.282240520256154648 ) ) ;
#2809 = UNCERTAINTY_MEASURE_WITH_UNIT (LENGTH_MEASURE( 1.000000000000000082E-05 ), #918, 'distance_accuracy_value', 'NONE');
#2810 =( BOUNDED_CURVE ( )  B_SPLINE_CURVE ( 3, ( #1933, #2635, #1545, #832 ),
 .UNSPECIFIED., .F., .F. ) 
 B_SPLINE_CURVE_WITH_KNOTS ( ( 4, 4 ),
 ( 4.712388980384689674, 5.009640341705890343 ),
 .UNSPECIFIED. ) 
 CURVE ( )  GEOMETRIC_REPRESENTATION_ITEM ( )  RATIONAL_B_SPLINE_CURVE ( ( 1.000000000000000000, 0.9926503465430341899, 0.9926503465430341899, 1.000000000000000000 ) ) 
 REPRESENTATION_ITEM ( '' )  );
#2811 = ORIENTED_EDGE ( 'NONE', *, *, #3225, .T. ) ;
#2812 =( NAMED_UNIT ( * ) SI_UNIT ( $, .STERADIAN. ) SOLID_ANGLE_UNIT ( ) );
#2813 = ORIENTED_EDGE ( 'NONE', *, *, #2452, .T. ) ;
#2814 = ORIENTED_EDGE ( 'NONE', *, *, #653, .T. ) ;
#2815 = CARTESIAN_POINT ( 'NONE',  ( 1.176924100055729561, 1.472760000000000069, -0.7833425935635931481 ) ) ;
#2816 = ORIENTED_EDGE ( 'NONE', *, *, #1300, .T. ) ;
#2817 = EDGE_CURVE ( 'NONE', #73, #2232, #3812, .T. ) ;
#2818 = DIRECTION ( 'NONE',  ( 0.000000000000000000, 0.000000000000000000, 1.000000000000000000 ) ) ;
#2819 = EDGE_CURVE ( 'NONE', #2531, #3940, #4270, .T. ) ;
#2820 = EDGE_LOOP ( 'NONE', ( #2118, #3789, #2148, #3283 ) ) ;
#2821 = CARTESIAN_POINT ( 'NONE',  ( 1.549999999999999822, 1.464553721409445286, -1.514553721409445330 ) ) ;
#2822 = FACE_OUTER_BOUND ( 'NONE', #407, .T. ) ;
#2823 = ADVANCED_FACE ( 'NONE', ( #853 ), #2262, .F. ) ;
#2824 = DIRECTION ( 'NONE',  ( 0.3829140317376986125, 0.000000000000000000, 0.9237839814038673047 ) ) ;
#2825 = ADVANCED_FACE ( 'NONE', ( #104 ), #4290, .T. ) ;
#2826 = PRESENTATION_STYLE_ASSIGNMENT (( #3479 ) ) ;
#2827 = LINE ( 'NONE', #3883, #3936 ) ;
#2828 =( NAMED_UNIT ( * ) PLANE_ANGLE_UNIT ( ) SI_UNIT ( $, .RADIAN. ) );
#2829 = DIRECTION ( 'NONE',  ( 0.9610992334315860974, 0.000000000000000000, 0.2762033010252007426 ) ) ;
#2830 = FILL_AREA_STYLE ('',( #2522 ) ) ;
#2831 = ORIENTED_EDGE ( 'NONE', *, *, #4281, .T. ) ;
#2832 =( LENGTH_UNIT ( ) NAMED_UNIT ( * ) SI_UNIT ( .MILLI., .METRE. ) );
#2833 = VERTEX_POINT ( 'NONE', #3987 ) ;
#2834 = CARTESIAN_POINT ( 'NONE',  ( 2.299999999999999822, 0.03223999999999999783, -0.03223999999999999783 ) ) ;
#2835 = ORIENTED_EDGE ( 'NONE', *, *, #3968, .F. ) ;
#2836 = ORIENTED_EDGE ( 'NONE', *, *, #1602, .F. ) ;
#2837 = ORIENTED_EDGE ( 'NONE', *, *, #4229, .T. ) ;
#2838 = DIRECTION ( 'NONE',  ( -0.9985542843760948362, 0.000000000000000000, -0.05375259206908061110 ) ) ;
#2839 = PRESENTATION_LAYER_ASSIGNMENT (  '', '', ( #3339 ) ) ;
#2840 = VECTOR ( 'NONE', #2789, 1000.000000000000000 ) ;
#2841 = AXIS2_PLACEMENT_3D ( 'NONE', #4525, #3073, #264 ) ;
#2842 = ORIENTED_EDGE ( 'NONE', *, *, #3199, .T. ) ;
#2843 = DIRECTION ( 'NONE',  ( -0.000000000000000000, -1.000000000000000000, 0.000000000000000000 ) ) ;
#2844 = DIRECTION ( 'NONE',  ( 0.000000000000000000, 0.000000000000000000, 1.000000000000000000 ) ) ;
#2845 = PRESENTATION_LAYER_ASSIGNMENT (  '', '', ( #2542 ) ) ;
#2846 = VECTOR ( 'NONE', #4545, 1000.000000000000000 ) ;
#2847 =( NAMED_UNIT ( * ) SI_UNIT ( $, .STERADIAN. ) SOLID_ANGLE_UNIT ( ) );
#2848 = AXIS2_PLACEMENT_3D ( 'NONE', #1782, #3955, #800 ) ;
#2849 = DIRECTION ( 'NONE',  ( 0.000000000000000000, 0.000000000000000000, 1.000000000000000000 ) ) ;
#2850 = CARTESIAN_POINT ( 'NONE',  ( 1.242000000000003990, 1.472760000000000069, -1.098092532209430150 ) ) ;
#2851 = EDGE_CURVE ( 'NONE', #4040, #1589, #3678, .T. ) ;
#2852 =( LENGTH_UNIT ( ) NAMED_UNIT ( * ) SI_UNIT ( .MILLI., .METRE. ) );
#2853 = ADVANCED_FACE ( 'NONE', ( #2535 ), #2952, .F. ) ;
#2854 = AXIS2_PLACEMENT_3D ( 'NONE', #2304, #518, #3011 ) ;
#2855 = DIRECTION ( 'NONE',  ( 0.000000000000000000, 1.000000000000000000, -0.000000000000000000 ) ) ;
#2856 = CARTESIAN_POINT ( 'NONE',  ( 1.550000000000000044, 0.06448000000000000953, -0.03223999999999956761 ) ) ;
#2857 = AXIS2_PLACEMENT_3D ( 'NONE', #3110, #1003, #2756 ) ;
#2858 = VECTOR ( 'NONE', #4067, 1000.000000000000114 ) ;
#2859 = ORIENTED_EDGE ( 'NONE', *, *, #1903, .T. ) ;
#2860 = VECTOR ( 'NONE', #1093, 1000.000000000000000 ) ;
#2861 = COLOUR_RGB ( '',0.7686274509803920907, 0.7686274509803920907, 0.7686274509803920907 ) ;
#2862 = ORIENTED_EDGE ( 'NONE', *, *, #4444, .T. ) ;
#2863 =( LENGTH_UNIT ( ) NAMED_UNIT ( * ) SI_UNIT ( .MILLI., .METRE. ) );
#2864 = VECTOR ( 'NONE', #3089, 1000.000000000000000 ) ;
#2865 = EDGE_LOOP ( 'NONE', ( #3333, #4312, #1982, #3084 ) ) ;
#2866 = VECTOR ( 'NONE', #3788, 1000.000000000000000 ) ;
#2867 = DIRECTION ( 'NONE',  ( -0.000000000000000000, -1.000000000000000000, 0.000000000000000000 ) ) ;
#2868 = VERTEX_POINT ( 'NONE', #4359 ) ;
#2869 = COLOUR_RGB ( '',0.7686274509803920907, 0.7686274509803920907, 0.7686274509803920907 ) ;
#2870 = ORIENTED_EDGE ( 'NONE', *, *, #2590, .T. ) ;
#2871 = DIRECTION ( 'NONE',  ( -0.9601763114327565019, 0.000000000000000000, -0.2793947940878393488 ) ) ;
#2872 =( LENGTH_UNIT ( ) NAMED_UNIT ( * ) SI_UNIT ( .MILLI., .METRE. ) );
#2873 = COLOUR_RGB ( '',0.7686274509803920907, 0.7686274509803920907, 0.7686274509803920907 ) ;
#2874 = EDGE_LOOP ( 'NONE', ( #1063, #2579, #320, #1345, #1, #429 ) ) ;
#2875 = DIRECTION ( 'NONE',  ( 0.000000000000000000, 0.000000000000000000, 1.000000000000000000 ) ) ;
#2876 = PRESENTATION_STYLE_ASSIGNMENT (( #3482 ) ) ;
#2877 = VECTOR ( 'NONE', #2602, 1000.000000000000000 ) ;
#2878 = SURFACE_STYLE_USAGE ( .BOTH. , #2084 ) ;
#2879 = STYLED_ITEM ( 'NONE', ( #2527 ), #3101 ) ;
#2880 = EDGE_CURVE ( 'NONE', #899, #304, #2191, .T. ) ;
#2881 = ADVANCED_FACE ( 'NONE', ( #3615 ), #4009, .F. ) ;
#2882 = SURFACE_STYLE_USAGE ( .BOTH. , #3580 ) ;
#2883 = DIRECTION ( 'NONE',  ( 1.000000000000000000, 0.000000000000000000, 0.000000000000000000 ) ) ;
#2884 = ORIENTED_EDGE ( 'NONE', *, *, #3573, .T. ) ;
#2885 = ADVANCED_FACE ( 'NONE', ( #3787 ), #3085, .F. ) ;
#2886 = VERTEX_POINT ( 'NONE', #3019 ) ;
#2887 = DIRECTION ( 'NONE',  ( 0.000000000000000000, 0.000000000000000000, -1.000000000000000000 ) ) ;
#2888 = ORIENTED_EDGE ( 'NONE', *, *, #816, .F. ) ;
#2889 = ORIENTED_EDGE ( 'NONE', *, *, #754, .F. ) ;
#2890 = DIRECTION ( 'NONE',  ( 0.000000000000000000, 0.000000000000000000, -1.000000000000000000 ) ) ;
#2891 = SURFACE_SIDE_STYLE ('',( #3190 ) ) ;
#2892 = CARTESIAN_POINT ( 'NONE',  ( 1.242000000000003990, 1.472760000000000069, -0.7915325740813675681 ) ) ;
#2893 = CARTESIAN_POINT ( 'NONE',  ( 0.7495252171373382177, 1.461382790373681351, -0.03861720962631846193 ) ) ;
#2894 = FACE_OUTER_BOUND ( 'NONE', #1112, .T. ) ;
#2895 = DIRECTION ( 'NONE',  ( 0.000000000000000000, 0.000000000000000000, 1.000000000000000000 ) ) ;
#2896 = DIRECTION ( 'NONE',  ( 0.2762517575166369976, 0.000000000000000000, -0.9610853065513847993 ) ) ;
#2897 = CARTESIAN_POINT ( 'NONE',  ( 1.111304273511819707, 1.472760000000000069, -0.2962625248033944891 ) ) ;
#2898 = SURFACE_SIDE_STYLE ('',( #1848 ) ) ;
#2899 = CARTESIAN_POINT ( 'NONE',  ( 1.550000000000000044, 0.06448000000000000953, -1.517759999999999998 ) ) ;
#2900 = VERTEX_POINT ( 'NONE', #4139 ) ;
#2901 = EDGE_CURVE ( 'NONE', #1807, #2564, #1981, .T. ) ;
#2902 = ADVANCED_FACE ( 'NONE', ( #1653 ), #3403, .F. ) ;
#2903 = ORIENTED_EDGE ( 'NONE', *, *, #619, .T. ) ;
#2904 = CARTESIAN_POINT ( 'NONE',  ( 1.582239999999999869, 0.000000000000000000, -1.517759999999999998 ) ) ;
#2905 = ORIENTED_EDGE ( 'NONE', *, *, #1648, .F. ) ;
#2906 = STYLED_ITEM ( 'NONE', ( #1352 ), #2419 ) ;
#2907 = ORIENTED_EDGE ( 'NONE', *, *, #1187, .F. ) ;
#2908 = CARTESIAN_POINT ( 'NONE',  ( 1.582239999999999869, 0.000000000000000000, 0.000000000000000000 ) ) ;
#2909 = VECTOR ( 'NONE', #13, 1000.000000000000000 ) ;
#2910 = DIRECTION ( 'NONE',  ( 0.000000000000000000, 0.000000000000000000, -1.000000000000000000 ) ) ;
#2911 = VERTEX_POINT ( 'NONE', #1954 ) ;
#2912 = DIRECTION ( 'NONE',  ( 0.2762033010252008536, 0.000000000000000000, -0.9610992334315860974 ) ) ;
#2913 = MECHANICAL_DESIGN_GEOMETRIC_PRESENTATION_REPRESENTATION (  '', ( #2099 ), #703 ) ;
#2914 = AXIS2_PLACEMENT_3D ( 'NONE', #310, #2080, #3390 ) ;
#2915 = SURFACE_STYLE_FILL_AREA ( #4365 ) ;
#2916 =( GEOMETRIC_REPRESENTATION_CONTEXT ( 3 ) GLOBAL_UNCERTAINTY_ASSIGNED_CONTEXT ( ( #672 ) ) GLOBAL_UNIT_ASSIGNED_CONTEXT ( ( #4437, #640, #2715 ) ) REPRESENTATION_CONTEXT ( 'NONE', 'WORKASPACE' ) );
#2917 = CARTESIAN_POINT ( 'NONE',  ( 0.7496386876498465357, 1.453177810663318414, -1.512705157540814804 ) ) ;
#2918 = DIRECTION ( 'NONE',  ( 0.000000000000000000, -1.000000000000000000, 0.000000000000000000 ) ) ;
#2919 =( NAMED_UNIT ( * ) SI_UNIT ( $, .STERADIAN. ) SOLID_ANGLE_UNIT ( ) );
#2920 = LINE ( 'NONE', #1166, #4466 ) ;
#2921 =( NAMED_UNIT ( * ) SI_UNIT ( $, .STERADIAN. ) SOLID_ANGLE_UNIT ( ) );
#2922 = VECTOR ( 'NONE', #3103, 1000.000000000000114 ) ;
#2923 = FACE_OUTER_BOUND ( 'NONE', #3128, .T. ) ;
#2924 = EDGE_LOOP ( 'NONE', ( #4518, #2816, #2680 ) ) ;
#2925 = AXIS2_PLACEMENT_3D ( 'NONE', #3863, #2896, #395 ) ;
#2926 = CYLINDRICAL_SURFACE ( 'NONE', #1433, 0.03224000000000000477 ) ;
#2927 = ORIENTED_EDGE ( 'NONE', *, *, #3629, .T. ) ;
#2928 = EDGE_CURVE ( 'NONE', #4482, #2951, #2029, .T. ) ;
#2929 = DIRECTION ( 'NONE',  ( -0.2763139702539095244, 0.000000000000000000, 0.9610674221107079473 ) ) ;
#2930 = EDGE_CURVE ( 'NONE', #2656, #3922, #4476, .T. ) ;
#2931 =( BOUNDED_CURVE ( )  B_SPLINE_CURVE ( 3, ( #1398, #682, #2079, #743 ),
 .UNSPECIFIED., .F., .F. ) 
 B_SPLINE_CURVE_WITH_KNOTS ( ( 4, 4 ),
 ( 1.570796326794896780, 1.868047688116104554 ),
 .UNSPECIFIED. ) 
 CURVE ( )  GEOMETRIC_REPRESENTATION_ITEM ( )  RATIONAL_B_SPLINE_CURVE ( ( 1.000000000000000000, 0.9926503465430337458, 0.9926503465430337458, 1.000000000000000000 ) ) 
 REPRESENTATION_ITEM ( '' )  );
#2932 = VERTEX_POINT ( 'NONE', #3058 ) ;
#2933 = VECTOR ( 'NONE', #1050, 1000.000000000000000 ) ;
#2934 = COLOUR_RGB ( '',0.6470588235294117974, 0.5176470588235293491, 0.000000000000000000 ) ;
#2935 = PRESENTATION_STYLE_ASSIGNMENT (( #1131 ) ) ;
#2936 =( GEOMETRIC_REPRESENTATION_CONTEXT ( 3 ) GLOBAL_UNCERTAINTY_ASSIGNED_CONTEXT ( ( #1654 ) ) GLOBAL_UNIT_ASSIGNED_CONTEXT ( ( #2409, #4141, #206 ) ) REPRESENTATION_CONTEXT ( 'NONE', 'WORKASPACE' ) );
#2937 = VERTEX_POINT ( 'NONE', #3356 ) ;
#2938 = SURFACE_STYLE_USAGE ( .BOTH. , #1521 ) ;
#2939 = DIRECTION ( 'NONE',  ( -0.000000000000000000, -1.000000000000000000, 0.000000000000000000 ) ) ;
#2940 = LINE ( 'NONE', #2587, #3508 ) ;
#2941 = CARTESIAN_POINT ( 'NONE',  ( 0.7500000000000000000, 1.467759999999999954, -1.485519999999999952 ) ) ;
#2942 = VECTOR ( 'NONE', #3947, 1000.000000000000000 ) ;
#2943 = CARTESIAN_POINT ( 'NONE',  ( 0.7499999999999998890, 0.03544627859055456132, -0.03544627859055456132 ) ) ;
#2944 =( GEOMETRIC_REPRESENTATION_CONTEXT ( 3 ) GLOBAL_UNCERTAINTY_ASSIGNED_CONTEXT ( ( #3696 ) ) GLOBAL_UNIT_ASSIGNED_CONTEXT ( ( #3475, #1090, #1728 ) ) REPRESENTATION_CONTEXT ( 'NONE', 'WORKASPACE' ) );
#2945 = FACE_OUTER_BOUND ( 'NONE', #2184, .T. ) ;
#2946 = CARTESIAN_POINT ( 'NONE',  ( 0.7500007972317055405, 1.467627491154662511, -0.06110994398145921935 ) ) ;
#2947 = ORIENTED_EDGE ( 'NONE', *, *, #3571, .F. ) ;
#2948 = CARTESIAN_POINT ( 'NONE',  ( 1.550474782862661938, 1.461382790373681351, -0.03861720962631848969 ) ) ;
#2949 = ORIENTED_EDGE ( 'NONE', *, *, #1569, .T. ) ;
#2950 = DIRECTION ( 'NONE',  ( 0.000000000000000000, 0.000000000000000000, 1.000000000000000000 ) ) ;
#2951 = VERTEX_POINT ( 'NONE', #603 ) ;
#2952 = PLANE ( 'NONE',  #3521 ) ;
#2953 = FACE_OUTER_BOUND ( 'NONE', #3915, .T. ) ;
#2954 = VERTEX_POINT ( 'NONE', #1222 ) ;
#2955 = ADVANCED_FACE ( 'NONE', ( #3428 ), #249, .F. ) ;
#2956 = CARTESIAN_POINT ( 'NONE',  ( 1.118274379689098152, 1.467759999999999954, -0.3617177801565755191 ) ) ;
#2957 = CARTESIAN_POINT ( 'NONE',  ( 1.142014311898065015, 1.472760000000000069, -0.5318483123047624828 ) ) ;
#2958 = DIRECTION ( 'NONE',  ( 0.8958676361826827250, 0.000000000000000000, 0.4443210308329466618 ) ) ;
#2959 = EDGE_CURVE ( 'NONE', #996, #2384, #3449, .T. ) ;
#2960 = ADVANCED_FACE ( 'NONE', ( #2678 ), #4082, .F. ) ;
#2961 = DIRECTION ( 'NONE',  ( 7.938847109757214563E-05, 0.000000000000000000, -0.9999999968487351953 ) ) ;
#2962 = DIRECTION ( 'NONE',  ( 1.000000000000000000, 0.000000000000000000, 0.000000000000000000 ) ) ;
#2963 =( NAMED_UNIT ( * ) PLANE_ANGLE_UNIT ( ) SI_UNIT ( $, .RADIAN. ) );
#2964 = SURFACE_STYLE_USAGE ( .BOTH. , #2254 ) ;
#2965 = CARTESIAN_POINT ( 'NONE',  ( 1.550000000000000044, 1.467759999999999954, -0.03223999999999956761 ) ) ;
#2966 = VERTEX_POINT ( 'NONE', #3692 ) ;
#2967 = ORIENTED_EDGE ( 'NONE', *, *, #1846, .T. ) ;
#2968 = DIRECTION ( 'NONE',  ( 1.000000000000000000, 0.000000000000000000, 0.000000000000000000 ) ) ;
#2969 = DIRECTION ( 'NONE',  ( -1.000000000000000000, 0.000000000000000000, 0.000000000000000000 ) ) ;
#2970 = CARTESIAN_POINT ( 'NONE',  ( 1.549999202768294282, 0.03237250884533737771, -0.06110994398145929568 ) ) ;
#2971 = ORIENTED_EDGE ( 'NONE', *, *, #2353, .T. ) ;
#2972 = ORIENTED_EDGE ( 'NONE', *, *, #2618, .F. ) ;
#2973 = CARTESIAN_POINT ( 'NONE',  ( 0.7490724855106605240, 0.03995946282462998350, -0.04350951867870302137 ) ) ;
#2974 = FACE_OUTER_BOUND ( 'NONE', #4273, .T. ) ;
#2975 = DIRECTION ( 'NONE',  ( 0.000000000000000000, 0.000000000000000000, -1.000000000000000000 ) ) ;
#2976 = VECTOR ( 'NONE', #1119, 1000.000000000000000 ) ;
#2977 = FILL_AREA_STYLE ('',( #4016 ) ) ;
#2978 = COLOUR_RGB ( '',0.7686274509803920907, 0.7686274509803920907, 0.7686274509803920907 ) ;
#2979 = CARTESIAN_POINT ( 'NONE',  ( 0.03223999999999978272, 1.467759999999999954, -1.550000000000000044 ) ) ;
#2980 = VECTOR ( 'NONE', #91, 1000.000000000000114 ) ;
#2981 = ADVANCED_FACE ( 'NONE', ( #926 ), #3712, .F. ) ;
#2982 = DIRECTION ( 'NONE',  ( 0.000000000000000000, 0.000000000000000000, -1.000000000000000000 ) ) ;
#2983 = EDGE_CURVE ( 'NONE', #2564, #3691, #523, .T. ) ;
#2984 = FACE_OUTER_BOUND ( 'NONE', #1854, .T. ) ;
#2985 = LINE ( 'NONE', #1552, #1006 ) ;
#2986 = EDGE_LOOP ( 'NONE', ( #2306, #1509, #1617, #2405 ) ) ;
#2987 = MECHANICAL_DESIGN_GEOMETRIC_PRESENTATION_REPRESENTATION (  '', ( #1373 ), #4237 ) ;
#2988 = DIRECTION ( 'NONE',  ( -1.000000000000000000, 0.000000000000000000, 0.000000000000000000 ) ) ;
#2989 = VECTOR ( 'NONE', #1290, 1000.000000000000000 ) ;
#2990 = EDGE_CURVE ( 'NONE', #4081, #321, #216, .T. ) ;
#2991 = ORIENTED_EDGE ( 'NONE', *, *, #820, .T. ) ;
#2992 = ORIENTED_EDGE ( 'NONE', *, *, #4305, .F. ) ;
#2993 = DIRECTION ( 'NONE',  ( 0.000000000000000000, 0.000000000000000000, -1.000000000000000000 ) ) ;
#2994 = PRESENTATION_STYLE_ASSIGNMENT (( #505 ) ) ;
#2995 = STYLED_ITEM ( 'NONE', ( #835 ), #3623 ) ;
#2996 = CARTESIAN_POINT ( 'NONE',  ( 0.7497293457339450073, 0.04728652062090053093, -1.513022448610047199 ) ) ;
#2997 = UNCERTAINTY_MEASURE_WITH_UNIT (LENGTH_MEASURE( 1.000000000000000082E-05 ), #1129, 'distance_accuracy_value', 'NONE');
#2998 = ORIENTED_EDGE ( 'NONE', *, *, #2345, .T. ) ;
#2999 = CIRCLE ( 'NONE', #1456, 0.03224000000000000477 ) ;
#3000 = ORIENTED_EDGE ( 'NONE', *, *, #1381, .T. ) ;
#3001 = CARTESIAN_POINT ( 'NONE',  ( 1.242000000000003990, 1.472760000000000069, -0.6433485324851828668 ) ) ;
#3002 = SURFACE_STYLE_FILL_AREA ( #3336 ) ;
#3003 = CIRCLE ( 'NONE', #1028, 0.03224000000000000477 ) ;
#3004 = CARTESIAN_POINT ( 'NONE',  ( 1.550000000000000044, 1.467759999999999954, -0.03223999999999956761 ) ) ;
#3005 =( LENGTH_UNIT ( ) NAMED_UNIT ( * ) SI_UNIT ( .MILLI., .METRE. ) );
#3006 = CARTESIAN_POINT ( 'NONE',  ( 1.550000000000000044, 0.03224000000000000477, -0.03224000000000000477 ) ) ;
#3007 = PRESENTATION_STYLE_ASSIGNMENT (( #194 ) ) ;
#3008 = ADVANCED_FACE ( 'NONE', ( #2338 ), #3737, .F. ) ;
#3009 = EDGE_CURVE ( 'NONE', #4177, #689, #2007, .T. ) ;
#3010 = COLOUR_RGB ( '',0.7686274509803920907, 0.7686274509803920907, 0.7686274509803920907 ) ;
#3011 = DIRECTION ( 'NONE',  ( 0.000000000000000000, 0.000000000000000000, 1.000000000000000000 ) ) ;
#3012 = STYLED_ITEM ( 'NONE', ( #3007 ), #3142 ) ;
#3013 = ADVANCED_FACE ( 'NONE', ( #904 ), #3382, .T. ) ;
#3014 = CARTESIAN_POINT ( 'NONE',  ( 1.014132956314515166, 1.467759999999999954, -0.3931040437378230390 ) ) ;
#3015 = EDGE_LOOP ( 'NONE', ( #2188, #3240, #2238, #2427 ) ) ;
#3016 = CIRCLE ( 'NONE', #4421, 0.03224000000000000477 ) ;
#3017 = DIRECTION ( 'NONE',  ( -1.000000000000000000, 0.000000000000000000, 0.000000000000000000 ) ) ;
#3018 = EDGE_LOOP ( 'NONE', ( #3205, #3557, #857, #3614 ) ) ;
#3019 = CARTESIAN_POINT ( 'NONE',  ( 1.242000000000003990, 1.467759999999999954, -0.8985091539642460212 ) ) ;
#3020 = ORIENTED_EDGE ( 'NONE', *, *, #1768, .F. ) ;
#3021 = CARTESIAN_POINT ( 'NONE',  ( 1.099889512155283189, 1.472760000000000069, -0.5438665490579562833 ) ) ;
#3022 = EDGE_LOOP ( 'NONE', ( #3811, #1474, #925 ) ) ;
#3023 = CARTESIAN_POINT ( 'NONE',  ( 1.242000000000003990, 1.472760000000000069, -0.8406046158351553332 ) ) ;
#3024 = FACE_OUTER_BOUND ( 'NONE', #2874, .T. ) ;
#3025 = LINE ( 'NONE', #4093, #4251 ) ;
#3026 = DIRECTION ( 'NONE',  ( -0.9610348236706638403, 0.000000000000000000, -0.2764273280489755735 ) ) ;
#3027 = CARTESIAN_POINT ( 'NONE',  ( 0.7499975789351752686, 1.467364899508546872, -0.05944810420511820181 ) ) ;
#3028 = CARTESIAN_POINT ( 'NONE',  ( 1.014132956314515166, 1.467759999999999954, -0.3931040437378230390 ) ) ;
#3029 = CARTESIAN_POINT ( 'NONE',  ( 0.03223999999999978272, 1.467759999999999954, 0.000000000000000000 ) ) ;
#3030 = CARTESIAN_POINT ( 'NONE',  ( 1.142014311898065015, 1.472760000000000069, -0.5318483123047624828 ) ) ;
#3031 = VERTEX_POINT ( 'NONE', #1363 ) ;
#3032 =( NAMED_UNIT ( * ) SI_UNIT ( $, .STERADIAN. ) SOLID_ANGLE_UNIT ( ) );
#3033 = EDGE_CURVE ( 'NONE', #3544, #1807, #1387, .T. ) ;
#3034 = ORIENTED_EDGE ( 'NONE', *, *, #1743, .T. ) ;
#3035 = EDGE_CURVE ( 'NONE', #1362, #1323, #2767, .T. ) ;
#3036 = DIRECTION ( 'NONE',  ( 0.000000000000000000, 0.000000000000000000, -1.000000000000000000 ) ) ;
#3037 = UNCERTAINTY_MEASURE_WITH_UNIT (LENGTH_MEASURE( 1.000000000000000082E-05 ), #1511, 'distance_accuracy_value', 'NONE');
#3038 = DIRECTION ( 'NONE',  ( -0.2745159998572559990, 0.000000000000000000, 0.9615825319869174548 ) ) ;
#3039 = CARTESIAN_POINT ( 'NONE',  ( 0.000000000000000000, 0.03223999999999999783, -0.03223999999999999783 ) ) ;
#3040 = ORIENTED_EDGE ( 'NONE', *, *, #1845, .F. ) ;
#3041 = DIRECTION ( 'NONE',  ( 1.000000000000000000, 0.000000000000000000, 0.000000000000000000 ) ) ;
#3042 = FILL_AREA_STYLE ('',( #3410 ) ) ;
#3043 = DIRECTION ( 'NONE',  ( 0.000000000000000000, 0.000000000000000000, -1.000000000000000000 ) ) ;
#3044 = FACE_OUTER_BOUND ( 'NONE', #4115, .T. ) ;
#3045 = FACE_OUTER_BOUND ( 'NONE', #478, .T. ) ;
#3046 = DIRECTION ( 'NONE',  ( 0.000000000000000000, 0.000000000000000000, 1.000000000000000000 ) ) ;
#3047 = CARTESIAN_POINT ( 'NONE',  ( 1.039135960447848950, 1.467759999999999954, -0.7421563696426072276 ) ) ;
#3048 = AXIS2_PLACEMENT_3D ( 'NONE', #1078, #31, #2477 ) ;
#3049 = LINE ( 'NONE', #3779, #2211 ) ;
#3050 = CARTESIAN_POINT ( 'NONE',  ( 0.7177600000000000646, 0.000000000000000000, -1.550000000000000044 ) ) ;
#3051 = VECTOR ( 'NONE', #1341, 1000.000000000000000 ) ;
#3052 = CARTESIAN_POINT ( 'NONE',  ( 1.551413880119462130, 1.458317122625454543, -0.04168287737454549197 ) ) ;
#3053 = STYLED_ITEM ( 'NONE', ( #744 ), #1968 ) ;
#3054 = VECTOR ( 'NONE', #3882, 1000.000000000000000 ) ;
#3055 = ORIENTED_EDGE ( 'NONE', *, *, #3035, .F. ) ;
#3056 = DIRECTION ( 'NONE',  ( 0.000000000000000000, 1.000000000000000000, 0.000000000000000000 ) ) ;
#3057 = ORIENTED_EDGE ( 'NONE', *, *, #4305, .T. ) ;
#3058 = CARTESIAN_POINT ( 'NONE',  ( 0.7177600000000000646, 0.000000000000000000, -0.03223999999999999783 ) ) ;
#3059 = SURFACE_STYLE_FILL_AREA ( #1655 ) ;
#3060 = AXIS2_PLACEMENT_3D ( 'NONE', #4134, #3781, #1674 ) ;
#3061 = ORIENTED_EDGE ( 'NONE', *, *, #1361, .T. ) ;
#3062 = ADVANCED_FACE ( 'NONE', ( #365 ), #340, .T. ) ;
#3063 = EDGE_CURVE ( 'NONE', #2868, #3544, #3898, .T. ) ;
#3064 = CARTESIAN_POINT ( 'NONE',  ( 1.198639842472818851, 1.467759999999999954, -1.003132803372474902 ) ) ;
#3065 = CARTESIAN_POINT ( 'NONE',  ( 1.014132956314515166, 1.472760000000000069, -0.4680929633873127660 ) ) ;
#3066 = SURFACE_STYLE_USAGE ( .BOTH. , #213 ) ;
#3067 = CLOSED_SHELL ( 'NONE', ( #160, #1601, #1820, #3008, #2960, #3782, #54, #2885, #3722, #843, #2525, #288, #596, #902, #312, #2588, #1543, #1508, #2955 ) ) ;
#3068 = CARTESIAN_POINT ( 'NONE',  ( 1.198648156714193780, 1.472760000000000069, -0.6420286467557699828 ) ) ;
#3069 = EDGE_CURVE ( 'NONE', #39, #3900, #999, .T. ) ;
#3070 = LINE ( 'NONE', #3795, #777 ) ;
#3071 = CARTESIAN_POINT ( 'NONE',  ( 1.099897133544127215, 1.467759999999999954, -1.031316697909258950 ) ) ;
#3072 = FILL_AREA_STYLE ('',( #240 ) ) ;
#3073 = DIRECTION ( 'NONE',  ( -0.000000000000000000, 1.000000000000000000, 0.000000000000000000 ) ) ;
#3074 = FACE_OUTER_BOUND ( 'NONE', #3018, .T. ) ;
#3075 = PRESENTATION_LAYER_ASSIGNMENT (  '', '', ( #2995 ) ) ;
#3076 = AXIS2_PLACEMENT_3D ( 'NONE', #579, #229, #1632 ) ;
#3077 = VECTOR ( 'NONE', #2267, 1000.000000000000000 ) ;
#3078 = CARTESIAN_POINT ( 'NONE',  ( 1.142014311898542189, 1.467759999999999954, -1.117072560896706479 ) ) ;
#3079 = VERTEX_POINT ( 'NONE', #3451 ) ;
#3080 =( NAMED_UNIT ( * ) PLANE_ANGLE_UNIT ( ) SI_UNIT ( $, .RADIAN. ) );
#3081 = ORIENTED_EDGE ( 'NONE', *, *, #1380, .F. ) ;
#3082 =( LENGTH_UNIT ( ) NAMED_UNIT ( * ) SI_UNIT ( .MILLI., .METRE. ) );
#3083 = AXIS2_PLACEMENT_3D ( 'NONE', #4340, #3567, #2890 ) ;
#3084 = ORIENTED_EDGE ( 'NONE', *, *, #279, .T. ) ;
#3085 = PLANE ( 'NONE',  #2207 ) ;
#3086 = B_SPLINE_CURVE_WITH_KNOTS ( 'NONE', 3,
 ( #3294, #136, #3719, #2711, #1666, #4161, #983, #236, #3456, #2346 ),
 .UNSPECIFIED., .F., .F.,
 ( 4, 3, 3, 4 ),
 ( 0.000000000000000000, 1.014775933115376742E-05, 2.024199515298748933E-05, 2.523223766968288618E-05 ),
 .UNSPECIFIED. ) ;
#3087 = ORIENTED_EDGE ( 'NONE', *, *, #2195, .F. ) ;
#3088 = VECTOR ( 'NONE', #173, 1000.000000000000000 ) ;
#3089 = DIRECTION ( 'NONE',  ( -0.6995643972270459976, 0.000000000000000000, -0.7145695586381775044 ) ) ;
#3090 = ORIENTED_EDGE ( 'NONE', *, *, #124, .F. ) ;
#3091 = SURFACE_STYLE_FILL_AREA ( #4091 ) ;
#3092 = CARTESIAN_POINT ( 'NONE',  ( 2.299999999999999822, 0.03223999999999999783, -1.550000000000000044 ) ) ;
#3093 = FILL_AREA_STYLE_COLOUR ( '', #3661 ) ;
#3094 = FACE_OUTER_BOUND ( 'NONE', #4339, .T. ) ;
#3095 =( LENGTH_UNIT ( ) NAMED_UNIT ( * ) SI_UNIT ( .MILLI., .METRE. ) );
#3096 = PLANE ( 'NONE',  #1731 ) ;
#3097 = DIRECTION ( 'NONE',  ( -0.9610029908221285888, 0.000000000000000000, -0.2765379750249931101 ) ) ;
#3098 = CARTESIAN_POINT ( 'NONE',  ( 1.242000000000003990, 1.472760000000000069, -0.6839081761791220293 ) ) ;
#3099 = EDGE_CURVE ( 'NONE', #2966, #1453, #2651, .T. ) ;
#3100 = SPHERICAL_SURFACE ( 'NONE', #966, 0.03223999999999999783 ) ;
#3101 = ADVANCED_FACE ( 'NONE', ( #1830 ), #3560, .T. ) ;
#3102 = UNCERTAINTY_MEASURE_WITH_UNIT (LENGTH_MEASURE( 1.000000000000000082E-05 ), #3224, 'distance_accuracy_value', 'NONE');
#3103 = DIRECTION ( 'NONE',  ( 0.9610664548998939516, 0.000000000000000000, 0.2763173343569854667 ) ) ;
#3104 = ORIENTED_EDGE ( 'NONE', *, *, #527, .F. ) ;
#3105 = SURFACE_SIDE_STYLE ('',( #976 ) ) ;
#3106 = UNCERTAINTY_MEASURE_WITH_UNIT (LENGTH_MEASURE( 1.000000000000000082E-05 ), #1192, 'distance_accuracy_value', 'NONE');
#3107 = ORIENTED_EDGE ( 'NONE', *, *, #2819, .T. ) ;
#3108 = DIRECTION ( 'NONE',  ( -0.000000000000000000, 1.000000000000000000, 0.000000000000000000 ) ) ;
#3109 = DIRECTION ( 'NONE',  ( 0.000000000000000000, 1.000000000000000000, 0.000000000000000000 ) ) ;
#3110 = CARTESIAN_POINT ( 'NONE',  ( 0.7177600000000000646, 0.03223999999999999783, -0.03223999999999999783 ) ) ;
#3111 = SURFACE_SIDE_STYLE ('',( #612 ) ) ;
#3112 = CARTESIAN_POINT ( 'NONE',  ( 1.242000000000003990, 1.472760000000000069, -0.3436703322758215551 ) ) ;
#3113 = SURFACE_SIDE_STYLE ('',( #3796 ) ) ;
#3114 = CARTESIAN_POINT ( 'NONE',  ( -0.2871923135456275200, 1.467759999999999954, 0.003507179810070972133 ) ) ;
#3115 = FILL_AREA_STYLE ('',( #2396 ) ) ;
#3116 = LINE ( 'NONE', #4510, #3379 ) ;
#3117 = EDGE_CURVE ( 'NONE', #3569, #2833, #2644, .T. ) ;
#3118 = ADVANCED_FACE ( 'NONE', ( #1808 ), #3706, .T. ) ;
#3119 =( GEOMETRIC_REPRESENTATION_CONTEXT ( 3 ) GLOBAL_UNCERTAINTY_ASSIGNED_CONTEXT ( ( #1715 ) ) GLOBAL_UNIT_ASSIGNED_CONTEXT ( ( #3757, #2377, #4491 ) ) REPRESENTATION_CONTEXT ( 'NONE', 'WORKASPACE' ) );
#3120 = PLANE ( 'NONE',  #3060 ) ;
#3121 = COLOUR_RGB ( '',0.7686274509803920907, 0.7686274509803920907, 0.7686274509803920907 ) ;
#3122 = ORIENTED_EDGE ( 'NONE', *, *, #1717, .F. ) ;
#3123 = CARTESIAN_POINT ( 'NONE',  ( 1.550927514489339742, 1.456490481321296881, -1.510040537175369790 ) ) ;
#3124 = MECHANICAL_DESIGN_GEOMETRIC_PRESENTATION_REPRESENTATION (  '', ( #3053 ), #1578 ) ;
#3125 = STYLED_ITEM ( 'NONE', ( #3220 ), #844 ) ;
#3126 = ORIENTED_EDGE ( 'NONE', *, *, #1124, .F. ) ;
#3127 = DIRECTION ( 'NONE',  ( 0.000000000000000000, 0.000000000000000000, -1.000000000000000000 ) ) ;
#3128 = EDGE_LOOP ( 'NONE', ( #2842, #502, #4289, #4385 ) ) ;
#3129 = DIRECTION ( 'NONE',  ( 1.000000000000000000, -0.000000000000000000, 0.000000000000000000 ) ) ;
#3130 = CARTESIAN_POINT ( 'NONE',  ( 2.299999999999999822, 0.000000000000000000, 0.000000000000000000 ) ) ;
#3131 = STYLED_ITEM ( 'NONE', ( #60 ), #1793 ) ;
#3132 = DIRECTION ( 'NONE',  ( -0.000000000000000000, -1.000000000000000000, 0.000000000000000000 ) ) ;
#3133 = CARTESIAN_POINT ( 'NONE',  ( 1.014132956314515166, 1.472760000000000069, -0.9640226091935145680 ) ) ;
#3134 = CARTESIAN_POINT ( 'NONE',  ( 0.000000000000000000, 0.000000000000000000, -1.517759999999999998 ) ) ;
#3135 = CARTESIAN_POINT ( 'NONE',  ( 2.267759999999999998, 1.467759999999999954, -0.03223999999999999783 ) ) ;
#3136 = DIRECTION ( 'NONE',  ( 0.000000000000000000, 0.000000000000000000, -1.000000000000000000 ) ) ;
#3137 = CARTESIAN_POINT ( 'NONE',  ( 0.03223999999999999783, 1.467759999999999954, -0.03223999999999999783 ) ) ;
#3138 = PRESENTATION_LAYER_ASSIGNMENT (  '', '', ( #1383 ) ) ;
#3139 = PRESENTATION_STYLE_ASSIGNMENT (( #447 ) ) ;
#3140 = CARTESIAN_POINT ( 'NONE',  ( 1.242000000000003990, 1.472760000000000069, -0.2585449659703213943 ) ) ;
#3141 = AXIS2_PLACEMENT_3D ( 'NONE', #1164, #3676, #512 ) ;
#3142 = ADVANCED_FACE ( 'NONE', ( #1599 ), #3100, .T. ) ;
#3143 = EDGE_CURVE ( 'NONE', #599, #2701, #4194, .T. ) ;
#3144 = PRESENTATION_LAYER_ASSIGNMENT (  '', '', ( #956 ) ) ;
#3145 = ORIENTED_EDGE ( 'NONE', *, *, #416, .F. ) ;
#3146 = FILL_AREA_STYLE_COLOUR ( '', #4105 ) ;
#3147 = ORIENTED_EDGE ( 'NONE', *, *, #820, .F. ) ;
#3148 =( LENGTH_UNIT ( ) NAMED_UNIT ( * ) SI_UNIT ( .MILLI., .METRE. ) );
#3149 = PRESENTATION_LAYER_ASSIGNMENT (  '', '', ( #500 ) ) ;
#3150 = EDGE_CURVE ( 'NONE', #1083, #410, #602, .T. ) ;
#3151 = ORIENTED_EDGE ( 'NONE', *, *, #1602, .T. ) ;
#3152 = CYLINDRICAL_SURFACE ( 'NONE', #3893, 0.03223999999999999783 ) ;
#3153 = FILL_AREA_STYLE ('',( #3547 ) ) ;
#3154 = COLOUR_RGB ( '',0.7686274509803920907, 0.7686274509803920907, 0.7686274509803920907 ) ;
#3155 = SURFACE_STYLE_USAGE ( .BOTH. , #681 ) ;
#3156 = SURFACE_STYLE_FILL_AREA ( #2497 ) ;
#3157 = CARTESIAN_POINT ( 'NONE',  ( 1.039135960447848950, 1.467759999999999954, -0.7421563696426072276 ) ) ;
#3158 = LINE ( 'NONE', #2456, #3758 ) ;
#3159 = FACE_OUTER_BOUND ( 'NONE', #272, .T. ) ;
#3160 = CARTESIAN_POINT ( 'NONE',  ( 2.299999999999999822, 0.03223999999999999783, 0.000000000000000000 ) ) ;
#3161 = CYLINDRICAL_SURFACE ( 'NONE', #4534, 0.03224000000000000477 ) ;
#3162 = EDGE_LOOP ( 'NONE', ( #3828, #3589, #1106, #1444 ) ) ;
#3163 = SPHERICAL_SURFACE ( 'NONE', #1223, 0.03223999999999999783 ) ;
#3164 = ORIENTED_EDGE ( 'NONE', *, *, #4000, .T. ) ;
#3165 = LINE ( 'NONE', #409, #2047 ) ;
#3166 = EDGE_CURVE ( 'NONE', #99, #1453, #2209, .T. ) ;
#3167 = EDGE_CURVE ( 'NONE', #2685, #2181, #615, .T. ) ;
#3168 = ORIENTED_EDGE ( 'NONE', *, *, #2739, .T. ) ;
#3169 = DIRECTION ( 'NONE',  ( 1.000000000000000000, 0.000000000000000000, 0.000000000000000000 ) ) ;
#3170 = LINE ( 'NONE', #1457, #3892 ) ;
#3171 = DIRECTION ( 'NONE',  ( -0.000000000000000000, -1.000000000000000000, 0.000000000000000000 ) ) ;
#3172 = CARTESIAN_POINT ( 'NONE',  ( 1.550927514489339520, 0.04350951867870326423, -0.03995946282462971288 ) ) ;
#3173 = FACE_OUTER_BOUND ( 'NONE', #546, .T. ) ;
#3174 = DIRECTION ( 'NONE',  ( 0.000000000000000000, -1.000000000000000000, 0.000000000000000000 ) ) ;
#3175 = SURFACE_STYLE_USAGE ( .BOTH. , #3506 ) ;
#3176 =( NAMED_UNIT ( * ) PLANE_ANGLE_UNIT ( ) SI_UNIT ( $, .RADIAN. ) );
#3177 =( LENGTH_UNIT ( ) NAMED_UNIT ( * ) SI_UNIT ( .MILLI., .METRE. ) );
#3178 = VERTEX_POINT ( 'NONE', #3028 ) ;
#3179 = CARTESIAN_POINT ( 'NONE',  ( 1.014132956314515166, 1.467759999999999954, -0.6950651962186354949 ) ) ;
#3180 = ORIENTED_EDGE ( 'NONE', *, *, #4508, .F. ) ;
#3181 = SURFACE_SIDE_STYLE ('',( #569 ) ) ;
#3182 = COLOUR_RGB ( '',0.7686274509803920907, 0.7686274509803920907, 0.7686274509803920907 ) ;
#3183 = VERTEX_POINT ( 'NONE', #1313 ) ;
#3184 = SURFACE_STYLE_FILL_AREA ( #343 ) ;
#3185 =( GEOMETRIC_REPRESENTATION_CONTEXT ( 3 ) GLOBAL_UNCERTAINTY_ASSIGNED_CONTEXT ( ( #1354 ) ) GLOBAL_UNIT_ASSIGNED_CONTEXT ( ( #4146, #3440, #1669 ) ) REPRESENTATION_CONTEXT ( 'NONE', 'WORKASPACE' ) );
#3186 = UNCERTAINTY_MEASURE_WITH_UNIT (LENGTH_MEASURE( 1.000000000000000082E-05 ), #795, 'distance_accuracy_value', 'NONE');
#3187 = EDGE_LOOP ( 'NONE', ( #4030, #1855, #1813, #3467 ) ) ;
#3188 = COLOUR_RGB ( '',0.7686274509803920907, 0.7686274509803920907, 0.7686274509803920907 ) ;
#3189 = ORIENTED_EDGE ( 'NONE', *, *, #1355, .F. ) ;
#3190 = SURFACE_STYLE_FILL_AREA ( #3153 ) ;
#3191 = VECTOR ( 'NONE', #2849, 1000.000000000000000 ) ;
#3192 = EDGE_CURVE ( 'NONE', #344, #3522, #2, .T. ) ;
#3193 = EDGE_CURVE ( 'NONE', #1956, #2868, #3415, .T. ) ;
#3194 = DIRECTION ( 'NONE',  ( 0.000000000000000000, 0.000000000000000000, -1.000000000000000000 ) ) ;
#3195 = VECTOR ( 'NONE', #2114, 1000.000000000000000 ) ;
#3196 = FACE_OUTER_BOUND ( 'NONE', #35, .T. ) ;
#3197 = DIRECTION ( 'NONE',  ( 0.004650693823668812857, 0.000000000000000000, -0.9999891854650021505 ) ) ;
#3198 = DIRECTION ( 'NONE',  ( 0.000000000000000000, 0.000000000000000000, -1.000000000000000000 ) ) ;
#3199 = EDGE_CURVE ( 'NONE', #2161, #2886, #2743, .T. ) ;
#3200 = DIRECTION ( 'NONE',  ( 0.000000000000000000, 0.000000000000000000, 1.000000000000000000 ) ) ;
#3201 = FACE_OUTER_BOUND ( 'NONE', #2444, .T. ) ;
#3202 = CARTESIAN_POINT ( 'NONE',  ( 0.7500000000000000000, 1.435520000000000129, -1.485519999999999952 ) ) ;
#3203 = MECHANICAL_DESIGN_GEOMETRIC_PRESENTATION_REPRESENTATION (  '', ( #2629 ), #1315 ) ;
#3204 = COLOUR_RGB ( '',0.7686274509803920907, 0.7686274509803920907, 0.7686274509803920907 ) ;
#3205 = ORIENTED_EDGE ( 'NONE', *, *, #1046, .T. ) ;
#3206 = VECTOR ( 'NONE', #2591, 1000.000000000000000 ) ;
#3207 = DIRECTION ( 'NONE',  ( -0.000000000000000000, -0.000000000000000000, 1.000000000000000000 ) ) ;
#3208 = AXIS2_PLACEMENT_3D ( 'NONE', #4205, #763, #3596 ) ;
#3209 = DIRECTION ( 'NONE',  ( 0.000000000000000000, 0.000000000000000000, 1.000000000000000000 ) ) ;
#3210 = AXIS2_PLACEMENT_3D ( 'NONE', #1861, #3239, #2910 ) ;
#3211 = LINE ( 'NONE', #123, #1169 ) ;
#3212 = PRESENTATION_LAYER_ASSIGNMENT (  '', '', ( #2359 ) ) ;
#3213 = ORIENTED_EDGE ( 'NONE', *, *, #1966, .T. ) ;
#3214 = DIRECTION ( 'NONE',  ( 0.000000000000000000, -0.000000000000000000, 1.000000000000000000 ) ) ;
#3215 = STYLED_ITEM ( 'NONE', ( #1178 ), #2823 ) ;
#3216 = DIRECTION ( 'NONE',  ( -0.000000000000000000, -1.000000000000000000, 0.000000000000000000 ) ) ;
#3217 = VERTEX_POINT ( 'NONE', #4130 ) ;
#3218 = DIRECTION ( 'NONE',  ( 1.000000000000000000, 0.000000000000000000, 0.000000000000000000 ) ) ;
#3219 =( GEOMETRIC_REPRESENTATION_CONTEXT ( 3 ) GLOBAL_UNCERTAINTY_ASSIGNED_CONTEXT ( ( #4432 ) ) GLOBAL_UNIT_ASSIGNED_CONTEXT ( ( #3230, #778, #3322 ) ) REPRESENTATION_CONTEXT ( 'NONE', 'WORKASPACE' ) );
#3220 = PRESENTATION_STYLE_ASSIGNMENT (( #2222 ) ) ;
#3221 = LINE ( 'NONE', #2154, #346 ) ;
#3222 =( GEOMETRIC_REPRESENTATION_CONTEXT ( 3 ) GLOBAL_UNCERTAINTY_ASSIGNED_CONTEXT ( ( #179 ) ) GLOBAL_UNIT_ASSIGNED_CONTEXT ( ( #2130, #4228, #3908 ) ) REPRESENTATION_CONTEXT ( 'NONE', 'WORKASPACE' ) );
#3223 = SURFACE_STYLE_FILL_AREA ( #424 ) ;
#3224 =( LENGTH_UNIT ( ) NAMED_UNIT ( * ) SI_UNIT ( .MILLI., .METRE. ) );
#3225 = EDGE_CURVE ( 'NONE', #387, #3490, #3116, .T. ) ;
#3226 = CARTESIAN_POINT ( 'NONE',  ( 1.242000000000003990, 1.472760000000000069, -0.9259322953616510032 ) ) ;
#3227 = ADVANCED_FACE ( 'NONE', ( #3463 ), #4189, .F. ) ;
#3228 = DIRECTION ( 'NONE',  ( -0.9999960426590096541, 0.000000000000000000, -0.002813301676014988602 ) ) ;
#3229 = DIRECTION ( 'NONE',  ( -0.9615825319869173438, 0.000000000000000000, -0.2745159998572558879 ) ) ;
#3230 =( LENGTH_UNIT ( ) NAMED_UNIT ( * ) SI_UNIT ( .MILLI., .METRE. ) );
#3231 = VERTEX_POINT ( 'NONE', #2379 ) ;
#3232 = EDGE_LOOP ( 'NONE', ( #2768, #245, #2332, #1173 ) ) ;
#3233 =( BOUNDED_CURVE ( )  B_SPLINE_CURVE ( 3, ( #2570, #4068, #1890, #4349 ),
 .UNSPECIFIED., .F., .F. ) 
 B_SPLINE_CURVE_WITH_KNOTS ( ( 4, 4 ),
 ( 1.570796326794896780, 1.868047688116104554 ),
 .UNSPECIFIED. ) 
 CURVE ( )  GEOMETRIC_REPRESENTATION_ITEM ( )  RATIONAL_B_SPLINE_CURVE ( ( 1.000000000000000000, 0.9926503465430337458, 0.9926503465430337458, 1.000000000000000000 ) ) 
 REPRESENTATION_ITEM ( '' )  );
#3234 = ORIENTED_EDGE ( 'NONE', *, *, #2712, .F. ) ;
#3235 = EDGE_LOOP ( 'NONE', ( #4286, #1276, #530 ) ) ;
#3236 = SURFACE_SIDE_STYLE ('',( #2166 ) ) ;
#3237 = CARTESIAN_POINT ( 'NONE',  ( 1.242000000000003990, 1.467759999999999954, -0.7915325740813675681 ) ) ;
#3238 = PLANE ( 'NONE',  #2716 ) ;
#3239 = DIRECTION ( 'NONE',  ( 0.000000000000000000, -1.000000000000000000, 0.000000000000000000 ) ) ;
#3240 = ORIENTED_EDGE ( 'NONE', *, *, #2478, .T. ) ;
#3241 = SURFACE_STYLE_FILL_AREA ( #420 ) ;
#3242 = CARTESIAN_POINT ( 'NONE',  ( 0.7500000000000000000, 0.06448000000000000953, -1.517759999999999998 ) ) ;
#3243 = DIRECTION ( 'NONE',  ( 1.000000000000000000, 0.000000000000000000, 0.000000000000000000 ) ) ;
#3244 = LINE ( 'NONE', #1229, #196 ) ;
#3245 = CARTESIAN_POINT ( 'NONE',  ( 2.299999999999999822, 0.000000000000000000, -1.517759999999999998 ) ) ;
#3246 = FILL_AREA_STYLE_COLOUR ( '', #3797 ) ;
#3247 = EDGE_CURVE ( 'NONE', #1197, #3669, #3016, .T. ) ;
#3248 = EDGE_CURVE ( 'NONE', #1956, #40, #1619, .T. ) ;
#3249 = FACE_OUTER_BOUND ( 'NONE', #666, .T. ) ;
#3250 = ORIENTED_EDGE ( 'NONE', *, *, #78, .T. ) ;
#3251 = EDGE_CURVE ( 'NONE', #608, #2911, #3760, .T. ) ;
#3252 = LINE ( 'NONE', #1856, #3588 ) ;
#3253 = ORIENTED_EDGE ( 'NONE', *, *, #529, .T. ) ;
#3254 =( GEOMETRIC_REPRESENTATION_CONTEXT ( 3 ) GLOBAL_UNCERTAINTY_ASSIGNED_CONTEXT ( ( #2787 ) ) GLOBAL_UNIT_ASSIGNED_CONTEXT ( ( #3320, #840, #4394 ) ) REPRESENTATION_CONTEXT ( 'NONE', 'WORKASPACE' ) );
#3255 = VERTEX_POINT ( 'NONE', #242 ) ;
#3256 = EDGE_LOOP ( 'NONE', ( #1414, #3361, #2446, #107 ) ) ;
#3257 = SURFACE_STYLE_USAGE ( .BOTH. , #3941 ) ;
#3258 = FACE_OUTER_BOUND ( 'NONE', #3378, .T. ) ;
#3259 = MECHANICAL_DESIGN_GEOMETRIC_PRESENTATION_REPRESENTATION (  '', ( #697 ), #469 ) ;
#3260 = COLOUR_RGB ( '',0.7686274509803920907, 0.7686274509803920907, 0.7686274509803920907 ) ;
#3261 = VECTOR ( 'NONE', #374, 1000.000000000000000 ) ;
#3262 = CARTESIAN_POINT ( 'NONE',  ( 0.7500000000000514033, 0.06279753865652908107, -0.03223999999999670879 ) ) ;
#3263 = ORIENTED_EDGE ( 'NONE', *, *, #3480, .T. ) ;
#3264 = DIRECTION ( 'NONE',  ( -0.2740217765953967821, 0.000000000000000000, 0.9617234872620624708 ) ) ;
#3265 = AXIS2_PLACEMENT_3D ( 'NONE', #463, #3679, #2982 ) ;
#3266 = MECHANICAL_DESIGN_GEOMETRIC_PRESENTATION_REPRESENTATION (  '', ( #551 ), #1009 ) ;
#3267 = CARTESIAN_POINT ( 'NONE',  ( 1.014132956314515166, 1.467759999999999954, -0.9640226091935145680 ) ) ;
#3268 = VECTOR ( 'NONE', #2362, 1000.000000000000114 ) ;
#3269 = DIRECTION ( 'NONE',  ( -0.9611638845408968512, 0.000000000000000000, -0.2759782365590690012 ) ) ;
#3270 = CARTESIAN_POINT ( 'NONE',  ( 0.03223999999999978272, 0.03223999999999999783, 0.000000000000000000 ) ) ;
#3271 = SURFACE_STYLE_FILL_AREA ( #538 ) ;
#3272 = AXIS2_PLACEMENT_3D ( 'NONE', #3030, #2988, #4399 ) ;
#3273 = EDGE_CURVE ( 'NONE', #608, #2514, #3049, .T. ) ;
#3274 = ADVANCED_FACE ( 'NONE', ( #3074 ), #4493, .F. ) ;
#3275 = EDGE_LOOP ( 'NONE', ( #1906, #2905, #1249, #3330 ) ) ;
#3276 = CLOSED_SHELL ( 'NONE', ( #2028, #385, #2083, #1018, #3274, #3895, #335, #4172, #4087, #1466, #3227, #2853, #1850 ) ) ;
#3277 = ORIENTED_EDGE ( 'NONE', *, *, #4201, .T. ) ;
#3278 = FILL_AREA_STYLE_COLOUR ( '', #1791 ) ;
#3279 = CLOSED_SHELL ( 'NONE', ( #1795, #3481, #422, #3783, #246, #994, #2713, #2823, #4367, #1874, #4506, #844, #223, #3282, #3512, #1937, #1428, #1968, #2381, #2657, #2142, #4369, #1822, #1468, #3938, #2347, #79, #2287, #680, #1182, #1340, #761, #4129, #695, #3062, #3458, #3013, #1207, #3101, #4344, #2683, #2795, #2163, #3118, #626, #2253, #2196, #1020, #2526, #2825, #3397, #1793, #561, #1851, #495, #4224, #4397, #367, #3142, #3623, #4055, #707, #1770, #465 ) ) ;
#3280 = DIRECTION ( 'NONE',  ( 0.9610674221107078363, 0.000000000000000000, 0.2763139702539094689 ) ) ;
#3281 = VERTEX_POINT ( 'NONE', #1821 ) ;
#3282 = ADVANCED_FACE ( 'NONE', ( #1136 ), #1074, .F. ) ;
#3283 = ORIENTED_EDGE ( 'NONE', *, *, #3698, .T. ) ;
#3284 = EDGE_CURVE ( 'NONE', #45, #88, #3221, .T. ) ;
#3285 = DIRECTION ( 'NONE',  ( 0.000000000000000000, 0.000000000000000000, -1.000000000000000000 ) ) ;
#3286 = VECTOR ( 'NONE', #638, 1000.000000000000000 ) ;
#3287 = VECTOR ( 'NONE', #962, 1000.000000000000000 ) ;
#3288 = CARTESIAN_POINT ( 'NONE',  ( 1.550000000000000044, 0.03224000000000000477, -0.06448000000000000953 ) ) ;
#3289 = STYLED_ITEM ( 'NONE', ( #305 ), #4055 ) ;
#3290 = ORIENTED_EDGE ( 'NONE', *, *, #3166, .T. ) ;
#3291 = LINE ( 'NONE', #3991, #332 ) ;
#3292 = DIRECTION ( 'NONE',  ( -0.9237839814038673047, 0.000000000000000000, 0.3829140317376986125 ) ) ;
#3293 = SURFACE_STYLE_FILL_AREA ( #911 ) ;
#3294 = CARTESIAN_POINT ( 'NONE',  ( 1.551413880119462130, 1.458317122625454321, -1.508317122625454143 ) ) ;
#3295 = VECTOR ( 'NONE', #2499, 1000.000000000000000 ) ;
#3296 = CARTESIAN_POINT ( 'NONE',  ( 1.582239999999999869, 1.500000000000000000, -1.517759999999999998 ) ) ;
#3297 = SHAPE_DEFINITION_REPRESENTATION ( #3982, #2053 ) ;
#3298 = CARTESIAN_POINT ( 'NONE',  ( 0.7495252171373382177, 0.03861720962631853132, -0.03861720962631853132 ) ) ;
#3299 = PRESENTATION_LAYER_ASSIGNMENT (  '', '', ( #3215 ) ) ;
#3300 = DIRECTION ( 'NONE',  ( -0.9617234872620624708, 0.000000000000000000, -0.2740217765953968376 ) ) ;
#3301 = FILL_AREA_STYLE_COLOUR ( '', #3188 ) ;
#3302 = LINE ( 'NONE', #3656, #4470 ) ;
#3303 = ORIENTED_EDGE ( 'NONE', *, *, #3069, .T. ) ;
#3304 = FACE_OUTER_BOUND ( 'NONE', #3305, .T. ) ;
#3305 = EDGE_LOOP ( 'NONE', ( #1216, #4157, #735 ) ) ;
#3306 = SURFACE_SIDE_STYLE ('',( #2307 ) ) ;
#3307 = ORIENTED_EDGE ( 'NONE', *, *, #3840, .F. ) ;
#3308 = CARTESIAN_POINT ( 'NONE',  ( 0.7177600000000000646, 1.467759999999999954, -1.517759999999999998 ) ) ;
#3309 = SPHERICAL_SURFACE ( 'NONE', #3076, 0.03223999999999999783 ) ;
#3310 = ORIENTED_EDGE ( 'NONE', *, *, #1239, .F. ) ;
#3311 = CYLINDRICAL_SURFACE ( 'NONE', #1232, 0.03224000000000000477 ) ;
#3312 = EDGE_CURVE ( 'NONE', #369, #4263, #1482, .T. ) ;
#3313 = CARTESIAN_POINT ( 'NONE',  ( 1.242000000000003990, 1.472760000000000069, -0.7307852580555117550 ) ) ;
#3314 = ADVANCED_FACE ( 'NONE', ( #3159 ), #3554, .F. ) ;
#3315 = ORIENTED_EDGE ( 'NONE', *, *, #2990, .F. ) ;
#3316 = DIRECTION ( 'NONE',  ( 0.9617234872620624708, 0.000000000000000000, 0.2740217765953967821 ) ) ;
#3317 = DIRECTION ( 'NONE',  ( -1.000000000000000000, 0.000000000000000000, -0.000000000000000000 ) ) ;
#3318 = SURFACE_STYLE_USAGE ( .BOTH. , #1843 ) ;
#3319 = APPLICATION_PROTOCOL_DEFINITION ( 'draft international standard', 'automotive_design', 1998, #2494 ) ;
#3320 =( LENGTH_UNIT ( ) NAMED_UNIT ( * ) SI_UNIT ( .MILLI., .METRE. ) );
#3321 = DIRECTION ( 'NONE',  ( 0.9280290862136694185, 0.000000000000000000, -0.3725077383644825324 ) ) ;
#3322 =( NAMED_UNIT ( * ) SI_UNIT ( $, .STERADIAN. ) SOLID_ANGLE_UNIT ( ) );
#3323 =( NAMED_UNIT ( * ) PLANE_ANGLE_UNIT ( ) SI_UNIT ( $, .RADIAN. ) );
#3324 = DIRECTION ( 'NONE',  ( -0.000000000000000000, -1.000000000000000000, 0.000000000000000000 ) ) ;
#3325 = ORIENTED_EDGE ( 'NONE', *, *, #4248, .F. ) ;
#3326 = FILL_AREA_STYLE ('',( #2005 ) ) ;
#3327 = EDGE_LOOP ( 'NONE', ( #2650, #3122, #1177, #4138 ) ) ;
#3328 = CARTESIAN_POINT ( 'NONE',  ( 0.000000000000000000, 1.467759999999999954, -1.550000000000000044 ) ) ;
#3329 =( NAMED_UNIT ( * ) SI_UNIT ( $, .STERADIAN. ) SOLID_ANGLE_UNIT ( ) );
#3330 = ORIENTED_EDGE ( 'NONE', *, *, #819, .T. ) ;
#3331 = ORIENTED_EDGE ( 'NONE', *, *, #4398, .F. ) ;
#3332 = CARTESIAN_POINT ( 'NONE',  ( 0.7500000000000000000, 0.06090371572482904117, -1.517759999999999998 ) ) ;
#3333 = ORIENTED_EDGE ( 'NONE', *, *, #2766, .T. ) ;
#3334 = ORIENTED_EDGE ( 'NONE', *, *, #4281, .F. ) ;
#3335 = CARTESIAN_POINT ( 'NONE',  ( 1.241999999999999993, 1.472760000000000069, -0.1937500000000000056 ) ) ;
#3336 = FILL_AREA_STYLE ('',( #1864 ) ) ;
#3337 = EDGE_CURVE ( 'NONE', #1158, #1911, #12, .T. ) ;
#3338 = CARTESIAN_POINT ( 'NONE',  ( 0.7488563999109630887, 1.459199447395922888, -1.507434797855135677 ) ) ;
#3339 = STYLED_ITEM ( 'NONE', ( #2305 ), #4369 ) ;
#3340 = EDGE_CURVE ( 'NONE', #2116, #99, #1802, .T. ) ;
#3341 = COLOUR_RGB ( '',0.6470588235294117974, 0.5176470588235293491, 0.000000000000000000 ) ;
#3342 = CARTESIAN_POINT ( 'NONE',  ( 0.000000000000000000, 0.000000000000000000, 0.000000000000000000 ) ) ;
#3343 = VECTOR ( 'NONE', #1419, 1000.000000000000000 ) ;
#3344 = FACE_OUTER_BOUND ( 'NONE', #1925, .T. ) ;
#3345 = PRESENTATION_STYLE_ASSIGNMENT (( #142 ) ) ;
#3346 = SURFACE_SIDE_STYLE ('',( #1943 ) ) ;
#3347 = EDGE_CURVE ( 'NONE', #180, #3636, #1739, .T. ) ;
#3348 = CIRCLE ( 'NONE', #1374, 0.03223999999999999783 ) ;
#3349 = VECTOR ( 'NONE', #1175, 1000.000000000000000 ) ;
#3350 = DIRECTION ( 'NONE',  ( 0.000000000000000000, 0.000000000000000000, 1.000000000000000000 ) ) ;
#3351 = AXIS2_PLACEMENT_3D ( 'NONE', #3516, #2792, #2049 ) ;
#3352 = EDGE_LOOP ( 'NONE', ( #1559, #209, #1324, #301 ) ) ;
#3353 =( LENGTH_UNIT ( ) NAMED_UNIT ( * ) SI_UNIT ( .MILLI., .METRE. ) );
#3354 = ORIENTED_EDGE ( 'NONE', *, *, #973, .F. ) ;
#3355 = ORIENTED_EDGE ( 'NONE', *, *, #1338, .T. ) ;
#3356 = CARTESIAN_POINT ( 'NONE',  ( 1.582239999999999869, 0.000000000000000000, -0.03223999999999999783 ) ) ;
#3357 = SURFACE_SIDE_STYLE ('',( #2603 ) ) ;
#3358 = VECTOR ( 'NONE', #2474, 1000.000000000000114 ) ;
#3359 = UNCERTAINTY_MEASURE_WITH_UNIT (LENGTH_MEASURE( 1.000000000000000082E-05 ), #4050, 'distance_accuracy_value', 'NONE');
#3360 = ORIENTED_EDGE ( 'NONE', *, *, #4375, .F. ) ;
#3361 = ORIENTED_EDGE ( 'NONE', *, *, #4423, .F. ) ;
#3362 = LINE ( 'NONE', #255, #4170 ) ;
#3363 = SURFACE_SIDE_STYLE ('',( #3002 ) ) ;
#3364 = VECTOR ( 'NONE', #1688, 1000.000000000000000 ) ;
#3365 =( NAMED_UNIT ( * ) PLANE_ANGLE_UNIT ( ) SI_UNIT ( $, .RADIAN. ) );
#3366 = VECTOR ( 'NONE', #2342, 1000.000000000000000 ) ;
#3367 = FILL_AREA_STYLE_COLOUR ( '', #261 ) ;
#3368 = DIRECTION ( 'NONE',  ( 0.000000000000000000, 0.000000000000000000, -1.000000000000000000 ) ) ;
#3369 = CARTESIAN_POINT ( 'NONE',  ( 1.058129846205634106, 1.472760000000000069, -1.217345090345971270 ) ) ;
#3370 = CARTESIAN_POINT ( 'NONE',  ( 0.7177600000000000646, 0.03223999999999999783, -1.517759999999999998 ) ) ;
#3371 = AXIS2_PLACEMENT_3D ( 'NONE', #1591, #3747, #1329 ) ;
#3372 = EDGE_CURVE ( 'NONE', #1154, #3631, #3578, .T. ) ;
#3373 = EDGE_CURVE ( 'NONE', #1834, #1473, #331, .T. ) ;
#3374 = LINE ( 'NONE', #222, #564 ) ;
#3375 = MECHANICAL_DESIGN_GEOMETRIC_PRESENTATION_REPRESENTATION (  '', ( #1827 ), #511 ) ;
#3376 = VERTEX_POINT ( 'NONE', #4211 ) ;
#3377 = DIRECTION ( 'NONE',  ( -0.000000000000000000, 0.000000000000000000, 1.000000000000000000 ) ) ;
#3378 = EDGE_LOOP ( 'NONE', ( #3290, #2553, #1225, #671 ) ) ;
#3379 = VECTOR ( 'NONE', #294, 1000.000000000000227 ) ;
#3380 = FACE_OUTER_BOUND ( 'NONE', #1555, .T. ) ;
#3381 = ORIENTED_EDGE ( 'NONE', *, *, #618, .F. ) ;
#3382 = CYLINDRICAL_SURFACE ( 'NONE', #891, 0.03224000000000000477 ) ;
#3383 = DIRECTION ( 'NONE',  ( -0.000000000000000000, -1.000000000000000000, 0.000000000000000000 ) ) ;
#3384 = VERTEX_POINT ( 'NONE', #4547 ) ;
#3385 = FACE_OUTER_BOUND ( 'NONE', #1927, .T. ) ;
#3386 = PLANE ( 'NONE',  #1825 ) ;
#3387 = DIRECTION ( 'NONE',  ( 1.000000000000000000, 0.000000000000000000, 0.000000000000000000 ) ) ;
#3388 = LINE ( 'NONE', #1031, #2264 ) ;
#3389 = DIRECTION ( 'NONE',  ( 1.000000000000000000, -0.000000000000000000, -0.000000000000000000 ) ) ;
#3390 = DIRECTION ( 'NONE',  ( 0.000000000000000000, 0.000000000000000000, -1.000000000000000000 ) ) ;
#3391 =( BOUNDED_CURVE ( )  B_SPLINE_CURVE ( 3, ( #3923, #2455, #2893, #3503 ),
 .UNSPECIFIED., .F., .F. ) 
 B_SPLINE_CURVE_WITH_KNOTS ( ( 4, 4 ),
 ( 4.712388980384682569, 5.009640341705890343 ),
 .UNSPECIFIED. ) 
 CURVE ( )  GEOMETRIC_REPRESENTATION_ITEM ( )  RATIONAL_B_SPLINE_CURVE ( ( 1.000000000000000000, 0.9926503465430337458, 0.9926503465430337458, 1.000000000000000000 ) ) 
 REPRESENTATION_ITEM ( '' )  );
#3392 = CARTESIAN_POINT ( 'NONE',  ( 1.550754844051468018, 0.03917560054332813041, -1.505497611672499181 ) ) ;
#3393 = FACE_OUTER_BOUND ( 'NONE', #783, .T. ) ;
#3394 = DIRECTION ( 'NONE',  ( 1.000000000000000000, 0.000000000000000000, -0.000000000000000000 ) ) ;
#3395 = LINE ( 'NONE', #4132, #1965 ) ;
#3396 = DIRECTION ( 'NONE',  ( 0.000000000000000000, 0.000000000000000000, -1.000000000000000000 ) ) ;
#3397 = ADVANCED_FACE ( 'NONE', ( #2807 ), #1842, .T. ) ;
#3398 = EDGE_CURVE ( 'NONE', #2932, #2116, #1054, .T. ) ;
#3399 = VERTEX_POINT ( 'NONE', #444 ) ;
#3400 = SPHERICAL_SURFACE ( 'NONE', #171, 0.03223999999999999783 ) ;
#3401 = ORIENTED_EDGE ( 'NONE', *, *, #3698, .F. ) ;
#3402 = VERTEX_POINT ( 'NONE', #793 ) ;
#3403 = PLANE ( 'NONE',  #4552 ) ;
#3404 = UNCERTAINTY_MEASURE_WITH_UNIT (LENGTH_MEASURE( 1.000000000000000082E-05 ), #1033, 'distance_accuracy_value', 'NONE');
#3405 = FILL_AREA_STYLE_COLOUR ( '', #299 ) ;
#3406 = EDGE_CURVE ( 'NONE', #175, #410, #3465, .T. ) ;
#3407 = ORIENTED_EDGE ( 'NONE', *, *, #4486, .T. ) ;
#3408 = ORIENTED_EDGE ( 'NONE', *, *, #1412, .T. ) ;
#3409 = ORIENTED_EDGE ( 'NONE', *, *, #1302, .F. ) ;
#3410 = FILL_AREA_STYLE_COLOUR ( '', #728 ) ;
#3411 = SURFACE_STYLE_USAGE ( .BOTH. , #2710 ) ;
#3412 = FACE_OUTER_BOUND ( 'NONE', #383, .T. ) ;
#3413 = CARTESIAN_POINT ( 'NONE',  ( 0.000000000000000000, 0.000000000000000000, 0.000000000000000000 ) ) ;
#3414 = SURFACE_STYLE_FILL_AREA ( #4167 ) ;
#3415 = LINE ( 'NONE', #4103, #1829 ) ;
#3416 = DIRECTION ( 'NONE',  ( 1.000000000000000000, -0.000000000000000000, 0.000000000000000000 ) ) ;
#3417 = MECHANICAL_DESIGN_GEOMETRIC_PRESENTATION_REPRESENTATION (  '', ( #96 ), #1575 ) ;
#3418 = PRESENTATION_LAYER_ASSIGNMENT (  '', '', ( #1868 ) ) ;
#3419 = AXIS2_PLACEMENT_3D ( 'NONE', #3483, #3442, #1312 ) ;
#3420 = CARTESIAN_POINT ( 'NONE',  ( 1.176924100055729561, 1.472760000000000069, -0.7833425935635931481 ) ) ;
#3421 = UNCERTAINTY_MEASURE_WITH_UNIT (LENGTH_MEASURE( 1.000000000000000082E-05 ), #2076, 'distance_accuracy_value', 'NONE');
#3422 =( GEOMETRIC_REPRESENTATION_CONTEXT ( 3 ) GLOBAL_UNCERTAINTY_ASSIGNED_CONTEXT ( ( #1087 ) ) GLOBAL_UNIT_ASSIGNED_CONTEXT ( ( #1231, #138, #836 ) ) REPRESENTATION_CONTEXT ( 'NONE', 'WORKASPACE' ) );
#3423 = VECTOR ( 'NONE', #986, 1000.000000000000000 ) ;
#3424 = LINE ( 'NONE', #1677, #328 ) ;
#3425 = ORIENTED_EDGE ( 'NONE', *, *, #314, .T. ) ;
#3426 = PRESENTATION_LAYER_ASSIGNMENT (  '', '', ( #2547 ) ) ;
#3427 = EDGE_LOOP ( 'NONE', ( #1985, #3334, #668, #779, #1089, #3663 ) ) ;
#3428 = FACE_OUTER_BOUND ( 'NONE', #21, .T. ) ;
#3429 = COLOUR_RGB ( '',0.6470588235294117974, 0.5176470588235293491, 0.000000000000000000 ) ;
#3430 = UNCERTAINTY_MEASURE_WITH_UNIT (LENGTH_MEASURE( 1.000000000000000082E-05 ), #1759, 'distance_accuracy_value', 'NONE');
#3431 = EDGE_LOOP ( 'NONE', ( #1635, #3540, #827, #2290 ) ) ;
#3432 = EDGE_CURVE ( 'NONE', #304, #2868, #3739, .T. ) ;
#3433 = EDGE_CURVE ( 'NONE', #2402, #1382, #2202, .T. ) ;
#3434 = PRESENTATION_STYLE_ASSIGNMENT (( #4433 ) ) ;
#3435 = VECTOR ( 'NONE', #678, 1000.000000000000000 ) ;
#3436 = LINE ( 'NONE', #3092, #3287 ) ;
#3437 = AXIS2_PLACEMENT_3D ( 'NONE', #2272, #1914, #1566 ) ;
#3438 = CARTESIAN_POINT ( 'NONE',  ( 1.014132956314515166, 1.472760000000000069, -0.9914748506207977652 ) ) ;
#3439 =( NAMED_UNIT ( * ) PLANE_ANGLE_UNIT ( ) SI_UNIT ( $, .RADIAN. ) );
#3440 =( NAMED_UNIT ( * ) PLANE_ANGLE_UNIT ( ) SI_UNIT ( $, .RADIAN. ) );
#3441 = CARTESIAN_POINT ( 'NONE',  ( 1.198648156714193780, 1.467759999999999954, -0.5157117543673824800 ) ) ;
#3442 = DIRECTION ( 'NONE',  ( 0.000000000000000000, -2.101818727678164567E-16, 1.000000000000000000 ) ) ;
#3443 = DIRECTION ( 'NONE',  ( 1.000000000000000000, 0.000000000000000000, 0.000000000000000000 ) ) ;
#3444 = VECTOR ( 'NONE', #456, 1000.000000000000000 ) ;
#3445 = MECHANICAL_DESIGN_GEOMETRIC_PRESENTATION_REPRESENTATION (  '', ( #1686 ), #2797 ) ;
#3446 = CARTESIAN_POINT ( 'NONE',  ( 1.550361312350153398, 1.453177810663318859, -0.03729484245918497642 ) ) ;
#3447 = CARTESIAN_POINT ( 'NONE',  ( 2.299999999999999822, 0.000000000000000000, 0.000000000000000000 ) ) ;
#3448 = ORIENTED_EDGE ( 'NONE', *, *, #2062, .F. ) ;
#3449 = CIRCLE ( 'NONE', #2645, 0.03224000000000000477 ) ;
#3450 = ORIENTED_EDGE ( 'NONE', *, *, #3432, .T. ) ;
#3451 = CARTESIAN_POINT ( 'NONE',  ( 1.242000000000003990, 1.472760000000000069, -0.8985091539642460212 ) ) ;
#3452 = STYLED_ITEM ( 'NONE', ( #4196 ), #3062 ) ;
#3453 = LINE ( 'NONE', #278, #1974 ) ;
#3454 = CARTESIAN_POINT ( 'NONE',  ( 1.039135960447848950, 1.472760000000000069, -0.7421563696426072276 ) ) ;
#3455 = LINE ( 'NONE', #284, #1391 ) ;
#3456 = CARTESIAN_POINT ( 'NONE',  ( 1.549999999999948530, 1.467760000000002840, -1.487202461343470450 ) ) ;
#3457 = EDGE_CURVE ( 'NONE', #3631, #4155, #3244, .T. ) ;
#3458 = ADVANCED_FACE ( 'NONE', ( #4368 ), #1865, .T. ) ;
#3459 = CARTESIAN_POINT ( 'NONE',  ( 2.267759999999999998, 0.000000000000000000, 0.000000000000000000 ) ) ;
#3460 = FILL_AREA_STYLE_COLOUR ( '', #3872 ) ;
#3461 = FILL_AREA_STYLE_COLOUR ( '', #2978 ) ;
#3462 = PRESENTATION_STYLE_ASSIGNMENT (( #2326 ) ) ;
#3463 = FACE_OUTER_BOUND ( 'NONE', #555, .T. ) ;
#3464 = UNCERTAINTY_MEASURE_WITH_UNIT (LENGTH_MEASURE( 1.000000000000000082E-05 ), #3643, 'distance_accuracy_value', 'NONE');
#3465 = B_SPLINE_CURVE_WITH_KNOTS ( 'NONE', 3,
 ( #2941, #864, #158, #3949, #534, #1936, #2589, #2274, #3338, #1915 ),
 .UNSPECIFIED., .F., .F.,
 ( 4, 3, 3, 4 ),
 ( 0.000000000000000000, 1.072885282551940840E-05, 2.147986152936616350E-05, 2.526070755706019230E-05 ),
 .UNSPECIFIED. ) ;
#3466 = CARTESIAN_POINT ( 'NONE',  ( 0.7500000000000000000, 1.467759999999999954, -1.550000000000000044 ) ) ;
#3467 = ORIENTED_EDGE ( 'NONE', *, *, #1240, .T. ) ;
#3468 = ORIENTED_EDGE ( 'NONE', *, *, #4202, .F. ) ;
#3469 = SURFACE_STYLE_FILL_AREA ( #547 ) ;
#3470 = LINE ( 'NONE', #319, #488 ) ;
#3471 = VERTEX_POINT ( 'NONE', #484 ) ;
#3472 = ORIENTED_EDGE ( 'NONE', *, *, #248, .T. ) ;
#3473 = DIRECTION ( 'NONE',  ( -0.9601763114346048011, 0.000000000000000000, -0.2793947940814874298 ) ) ;
#3474 = VERTEX_POINT ( 'NONE', #1888 ) ;
#3475 =( LENGTH_UNIT ( ) NAMED_UNIT ( * ) SI_UNIT ( .MILLI., .METRE. ) );
#3476 = CARTESIAN_POINT ( 'NONE',  ( 1.582239999999999869, 1.467759999999999954, 0.000000000000000000 ) ) ;
#3477 = LINE ( 'NONE', #2276, #4328 ) ;
#3478 = CARTESIAN_POINT ( 'NONE',  ( 1.014132956314515166, 1.472760000000000069, -0.4680929633873127660 ) ) ;
#3479 = SURFACE_STYLE_USAGE ( .BOTH. , #8 ) ;
#3480 = EDGE_CURVE ( 'NONE', #4089, #2954, #3086, .T. ) ;
#3481 = ADVANCED_FACE ( 'NONE', ( #2037 ), #4143, .T. ) ;
#3482 = SURFACE_STYLE_USAGE ( .BOTH. , #746 ) ;
#3483 = CARTESIAN_POINT ( 'NONE',  ( 0.7177600000000000646, 1.467759999999999954, -0.03224000000000000477 ) ) ;
#3484 = DIRECTION ( 'NONE',  ( 0.000000000000000000, 0.000000000000000000, 1.000000000000000000 ) ) ;
#3485 = VECTOR ( 'NONE', #3174, 1000.000000000000000 ) ;
#3486 = EDGE_CURVE ( 'NONE', #4040, #2932, #3813, .T. ) ;
#3487 = CARTESIAN_POINT ( 'NONE',  ( 1.099889512155283189, 1.472760000000000069, -0.6416697486451697907 ) ) ;
#3488 = CIRCLE ( 'NONE', #1500, 0.03224000000000000477 ) ;
#3489 = VECTOR ( 'NONE', #2567, 1000.000000000000000 ) ;
#3490 = VERTEX_POINT ( 'NONE', #963 ) ;
#3491 = DIRECTION ( 'NONE',  ( -1.000000000000000000, 0.000000000000000000, 0.000000000000000000 ) ) ;
#3492 = AXIS2_PLACEMENT_3D ( 'NONE', #3335, #2912, #1564 ) ;
#3493 = PRESENTATION_LAYER_ASSIGNMENT (  '', '', ( #1373 ) ) ;
#3494 = ORIENTED_EDGE ( 'NONE', *, *, #3337, .F. ) ;
#3495 = ORIENTED_EDGE ( 'NONE', *, *, #789, .F. ) ;
#3496 = VECTOR ( 'NONE', #1532, 1000.000000000000227 ) ;
#3497 = CARTESIAN_POINT ( 'NONE',  ( 1.550000000000000044, 1.467759999999999954, -1.550000000000000044 ) ) ;
#3498 = CARTESIAN_POINT ( 'NONE',  ( 1.142014311898065015, 1.467759999999999954, -0.5318483123047624828 ) ) ;
#3499 = AXIS2_PLACEMENT_3D ( 'NONE', #378, #1806, #2883 ) ;
#3500 = FILL_AREA_STYLE ('',( #4271 ) ) ;
#3501 = CARTESIAN_POINT ( 'NONE',  ( 1.242000000000003990, 1.472760000000000069, -0.4130027959786720659 ) ) ;
#3502 = CARTESIAN_POINT ( 'NONE',  ( 0.7500000000000000000, 0.06448000000000000953, -0.03223999999999956761 ) ) ;
#3503 = CARTESIAN_POINT ( 'NONE',  ( 0.7485861198805380257, 1.458317122625454543, -0.04168287737454549891 ) ) ;
#3504 = LINE ( 'NONE', #1758, #3295 ) ;
#3505 = FACE_OUTER_BOUND ( 'NONE', #580, .T. ) ;
#3506 = SURFACE_SIDE_STYLE ('',( #1777 ) ) ;
#3507 = MECHANICAL_DESIGN_GEOMETRIC_PRESENTATION_REPRESENTATION (  '', ( #4541 ), #1016 ) ;
#3508 = VECTOR ( 'NONE', #3993, 1000.000000000000000 ) ;
#3509 = DIRECTION ( 'NONE',  ( 0.000000000000000000, 1.000000000000000000, 0.000000000000000000 ) ) ;
#3510 = MECHANICAL_DESIGN_GEOMETRIC_PRESENTATION_REPRESENTATION (  '', ( #4401 ), #4481 ) ;
#3511 = CIRCLE ( 'NONE', #2119, 0.03223999999999999783 ) ;
#3512 = ADVANCED_FACE ( 'NONE', ( #3044 ), #912, .F. ) ;
#3513 = EDGE_CURVE ( 'NONE', #1637, #1878, #3025, .T. ) ;
#3514 = VECTOR ( 'NONE', #3839, 1000.000000000000114 ) ;
#3515 = EDGE_LOOP ( 'NONE', ( #1274, #2509, #1490 ) ) ;
#3516 = CARTESIAN_POINT ( 'NONE',  ( 2.267759999999999998, 1.467759999999999954, -1.517759999999999998 ) ) ;
#3517 = ORIENTED_EDGE ( 'NONE', *, *, #4454, .F. ) ;
#3518 = AXIS2_PLACEMENT_3D ( 'NONE', #3114, #765, #4523 ) ;
#3519 = CARTESIAN_POINT ( 'NONE',  ( 1.038159037018030917, 1.467759999999999954, -0.8991410363531673333 ) ) ;
#3520 = UNCERTAINTY_MEASURE_WITH_UNIT (LENGTH_MEASURE( 1.000000000000000082E-05 ), #1891, 'distance_accuracy_value', 'NONE');
#3521 = AXIS2_PLACEMENT_3D ( 'NONE', #784, #828, #3285 ) ;
#3522 = VERTEX_POINT ( 'NONE', #1993 ) ;
#3523 = CARTESIAN_POINT ( 'NONE',  ( 1.551413880119462130, 1.458317122625454321, -1.508317122625454143 ) ) ;
#3524 = DIRECTION ( 'NONE',  ( -1.000000000000000000, 0.000000000000000000, 0.000000000000000000 ) ) ;
#3525 = AXIS2_PLACEMENT_3D ( 'NONE', #3682, #218, #3443 ) ;
#3526 = VECTOR ( 'NONE', #3768, 1000.000000000000000 ) ;
#3527 = FILL_AREA_STYLE ('',( #2437 ) ) ;
#3528 =( LENGTH_UNIT ( ) NAMED_UNIT ( * ) SI_UNIT ( .MILLI., .METRE. ) );
#3529 = CARTESIAN_POINT ( 'NONE',  ( 2.267759999999999998, 1.500000000000000000, -0.03223999999999999783 ) ) ;
#3530 = CARTESIAN_POINT ( 'NONE',  ( 0.7499975789351752686, 1.440551895794881299, -1.517364899508546916 ) ) ;
#3531 = DIRECTION ( 'NONE',  ( 0.000000000000000000, 0.000000000000000000, 1.000000000000000000 ) ) ;
#3532 = LINE ( 'NONE', #3245, #2021 ) ;
#3533 = FILL_AREA_STYLE ('',( #59 ) ) ;
#3534 = CYLINDRICAL_SURFACE ( 'NONE', #4244, 0.03224000000000000477 ) ;
#3535 = VERTEX_POINT ( 'NONE', #588 ) ;
#3536 = PLANE ( 'NONE',  #2848 ) ;
#3537 = EDGE_CURVE ( 'NONE', #2911, #1616, #3388, .T. ) ;
#3538 = ORIENTED_EDGE ( 'NONE', *, *, #2471, .T. ) ;
#3539 = EDGE_CURVE ( 'NONE', #1154, #2140, #324, .T. ) ;
#3540 = ORIENTED_EDGE ( 'NONE', *, *, #4256, .F. ) ;
#3541 = ORIENTED_EDGE ( 'NONE', *, *, #366, .F. ) ;
#3542 = DIRECTION ( 'NONE',  ( -0.000000000000000000, -1.000000000000000000, 0.000000000000000000 ) ) ;
#3543 = ORIENTED_EDGE ( 'NONE', *, *, #3340, .T. ) ;
#3544 = VERTEX_POINT ( 'NONE', #1730 ) ;
#3545 = ORIENTED_EDGE ( 'NONE', *, *, #1332, .F. ) ;
#3546 = EDGE_CURVE ( 'NONE', #3636, #3178, #1372, .T. ) ;
#3547 = FILL_AREA_STYLE_COLOUR ( '', #2934 ) ;
#3548 = CARTESIAN_POINT ( 'NONE',  ( 1.142014311898542189, 1.467759999999999954, -1.117072560896706479 ) ) ;
#3549 = VERTEX_POINT ( 'NONE', #4184 ) ;
#3550 = CARTESIAN_POINT ( 'NONE',  ( 1.550270654266054926, 0.04728652062090052399, -0.03697755138995239416 ) ) ;
#3551 = DIRECTION ( 'NONE',  ( 0.9280290862136694185, 0.000000000000000000, -0.3725077383644825324 ) ) ;
#3552 = DIRECTION ( 'NONE',  ( -0.9610992334305258344, 0.000000000000000000, -0.2762033010288897361 ) ) ;
#3553 = CARTESIAN_POINT ( 'NONE',  ( 1.142014311898065015, 1.472760000000000069, -0.6296376548220525837 ) ) ;
#3554 = PLANE ( 'NONE',  #2925 ) ;
#3555 = CARTESIAN_POINT ( 'NONE',  ( 1.057506278058297111, 1.467759999999999954, -0.5561993412986168117 ) ) ;
#3556 = CARTESIAN_POINT ( 'NONE',  ( 0.03223999999999978272, 0.03223999999999999783, -0.03223999999999999783 ) ) ;
#3557 = ORIENTED_EDGE ( 'NONE', *, *, #3891, .F. ) ;
#3558 = CARTESIAN_POINT ( 'NONE',  ( 0.7500156072177827093, 1.442721477955652309, -0.03285181809292841981 ) ) ;
#3559 = ORIENTED_EDGE ( 'NONE', *, *, #837, .T. ) ;
#3560 = SPHERICAL_SURFACE ( 'NONE', #806, 0.03223999999999999783 ) ;
#3561 = AXIS2_PLACEMENT_3D ( 'NONE', #2248, #165, #3653 ) ;
#3562 = ORIENTED_EDGE ( 'NONE', *, *, #2001, .T. ) ;
#3563 = ORIENTED_EDGE ( 'NONE', *, *, #159, .F. ) ;
#3564 = CARTESIAN_POINT ( 'NONE',  ( 0.03223999999999978272, 0.000000000000000000, 0.000000000000000000 ) ) ;
#3565 = VECTOR ( 'NONE', #3300, 1000.000000000000114 ) ;
#3566 = ORIENTED_EDGE ( 'NONE', *, *, #3248, .T. ) ;
#3567 = DIRECTION ( 'NONE',  ( 0.000000000000000000, -1.000000000000000000, 0.000000000000000000 ) ) ;
#3568 = SURFACE_STYLE_FILL_AREA ( #3500 ) ;
#3569 = VERTEX_POINT ( 'NONE', #3843 ) ;
#3570 = COLOUR_RGB ( '',0.7921568627450980005, 0.8196078431372548767, 0.9333333333333333481 ) ;
#3571 = EDGE_CURVE ( 'NONE', #344, #2533, #3477, .T. ) ;
#3572 = DIRECTION ( 'NONE',  ( -1.000000000000000000, 0.000000000000000000, 0.000000000000000000 ) ) ;
#3573 = EDGE_CURVE ( 'NONE', #4005, #2900, #1260, .T. ) ;
#3574 = ORIENTED_EDGE ( 'NONE', *, *, #3406, .F. ) ;
#3575 =( GEOMETRIC_REPRESENTATION_CONTEXT ( 3 ) GLOBAL_UNCERTAINTY_ASSIGNED_CONTEXT ( ( #2536 ) ) GLOBAL_UNIT_ASSIGNED_CONTEXT ( ( #3710, #2700, #3032 ) ) REPRESENTATION_CONTEXT ( 'NONE', 'WORKASPACE' ) );
#3576 =( LENGTH_UNIT ( ) NAMED_UNIT ( * ) SI_UNIT ( .MILLI., .METRE. ) );
#3577 = SURFACE_SIDE_STYLE ('',( #28 ) ) ;
#3578 = LINE ( 'NONE', #55, #1884 ) ;
#3579 = CARTESIAN_POINT ( 'NONE',  ( 0.7177600000000000646, 0.03223999999999999783, -1.550000000000000044 ) ) ;
#3580 = SURFACE_SIDE_STYLE ('',( #3607 ) ) ;
#3581 = PRESENTATION_STYLE_ASSIGNMENT (( #2179 ) ) ;
#3582 = VECTOR ( 'NONE', #375, 1000.000000000000114 ) ;
#3583 = VECTOR ( 'NONE', #4238, 1000.000000000000000 ) ;
#3584 = EDGE_LOOP ( 'NONE', ( #2967, #1299, #3911, #2870 ) ) ;
#3585 = AXIS2_PLACEMENT_3D ( 'NONE', #260, #984, #2015 ) ;
#3586 = DIRECTION ( 'NONE',  ( 0.000000000000000000, 0.000000000000000000, 1.000000000000000000 ) ) ;
#3587 = ORIENTED_EDGE ( 'NONE', *, *, #2228, .F. ) ;
#3588 = VECTOR ( 'NONE', #145, 1000.000000000000000 ) ;
#3589 = ORIENTED_EDGE ( 'NONE', *, *, #2561, .F. ) ;
#3590 = B_SPLINE_CURVE_WITH_KNOTS ( 'NONE', 3,
 ( #390, #1794, #4037, #1224, #108, #810, #1838, #2970, #1542, #3288 ),
 .UNSPECIFIED., .F., .F.,
 ( 4, 3, 3, 4 ),
 ( 0.000000000000000000, 1.014775933115384366E-05, 2.024199515298790269E-05, 2.523223766968298105E-05 ),
 .UNSPECIFIED. ) ;
#3591 = PLANE ( 'NONE',  #4011 ) ;
#3592 = ORIENTED_EDGE ( 'NONE', *, *, #1125, .T. ) ;
#3593 = COLOUR_RGB ( '',0.7686274509803920907, 0.7686274509803920907, 0.7686274509803920907 ) ;
#3594 = EDGE_LOOP ( 'NONE', ( #673, #4235, #1832, #2401 ) ) ;
#3595 = CARTESIAN_POINT ( 'NONE',  ( 1.242000000000003990, 1.472760000000000069, -0.7307852580555117550 ) ) ;
#3596 = DIRECTION ( 'NONE',  ( -5.943634068010693762E-14, 0.000000000000000000, 1.000000000000000000 ) ) ;
#3597 = UNCERTAINTY_MEASURE_WITH_UNIT (LENGTH_MEASURE( 1.000000000000000082E-05 ), #2832, 'distance_accuracy_value', 'NONE');
#3598 = CARTESIAN_POINT ( 'NONE',  ( 0.7485861198805380257, 0.04168287737454549197, -0.04168287737454550584 ) ) ;
#3599 = FILL_AREA_STYLE_COLOUR ( '', #2250 ) ;
#3600 = CARTESIAN_POINT ( 'NONE',  ( 1.057506278058297111, 1.472760000000000069, -0.6600178949437544018 ) ) ;
#3601 = CARTESIAN_POINT ( 'NONE',  ( 2.299999999999999822, 0.000000000000000000, -0.03223999999999999783 ) ) ;
#3602 = EDGE_CURVE ( 'NONE', #981, #83, #4400, .T. ) ;
#3603 = CARTESIAN_POINT ( 'NONE',  ( 1.014132956314515166, 1.472760000000000069, -1.357273782712564048 ) ) ;
#3604 = EDGE_CURVE ( 'NONE', #3900, #1878, #4324, .T. ) ;
#3605 = AXIS2_PLACEMENT_3D ( 'NONE', #2720, #1339, #971 ) ;
#3606 = LINE ( 'NONE', #446, #2537 ) ;
#3607 = SURFACE_STYLE_FILL_AREA ( #3533 ) ;
#3608 = DIRECTION ( 'NONE',  ( -0.9610674221107078363, 0.000000000000000000, -0.2763139702539095244 ) ) ;
#3609 = CARTESIAN_POINT ( 'NONE',  ( 1.058129846205634106, 1.472760000000000069, -1.217345090345971270 ) ) ;
#3610 = VERTEX_POINT ( 'NONE', #3995 ) ;
#3611 = VERTEX_POINT ( 'NONE', #3004 ) ;
#3612 = CARTESIAN_POINT ( 'NONE',  ( 1.549999999999999822, 1.464553721409445508, -0.03544627859055443642 ) ) ;
#3613 = ORIENTED_EDGE ( 'NONE', *, *, #78, .F. ) ;
#3614 = ORIENTED_EDGE ( 'NONE', *, *, #3756, .T. ) ;
#3615 = FACE_OUTER_BOUND ( 'NONE', #550, .T. ) ;
#3616 = LINE ( 'NONE', #3965, #1165 ) ;
#3617 = CARTESIAN_POINT ( 'NONE',  ( 0.7499975789351752686, 0.05944810420511802140, -0.03263510049145269820 ) ) ;
#3618 = ORIENTED_EDGE ( 'NONE', *, *, #4303, .F. ) ;
#3619 = CYLINDRICAL_SURFACE ( 'NONE', #3803, 0.03223999999999978272 ) ;
#3620 = FILL_AREA_STYLE ('',( #1480 ) ) ;
#3621 =( LENGTH_UNIT ( ) NAMED_UNIT ( * ) SI_UNIT ( .MILLI., .METRE. ) );
#3622 = CARTESIAN_POINT ( 'NONE',  ( 1.099897133544127215, 1.472760000000000069, -1.031316697909258950 ) ) ;
#3623 = ADVANCED_FACE ( 'NONE', ( #113 ), #893, .T. ) ;
#3624 = EDGE_CURVE ( 'NONE', #4195, #2308, #2297, .T. ) ;
#3625 = DIRECTION ( 'NONE',  ( 0.9611542233438712390, 0.000000000000000000, 0.2760118818968482213 ) ) ;
#3626 = FACE_OUTER_BOUND ( 'NONE', #2660, .T. ) ;
#3627 = CARTESIAN_POINT ( 'NONE',  ( 1.550000000000000044, 0.03224000000000000477, -1.485519999999999952 ) ) ;
#3628 = EDGE_CURVE ( 'NONE', #3850, #387, #188, .T. ) ;
#3629 = EDGE_CURVE ( 'NONE', #996, #3031, #3233, .T. ) ;
#3630 = SURFACE_SIDE_STYLE ('',( #17 ) ) ;
#3631 = VERTEX_POINT ( 'NONE', #3649 ) ;
#3632 = DIRECTION ( 'NONE',  ( -0.000000000000000000, -1.000000000000000000, 0.000000000000000000 ) ) ;
#3633 = EDGE_LOOP ( 'NONE', ( #200, #4008, #3325 ) ) ;
#3634 = LINE ( 'NONE', #3502, #931 ) ;
#3635 = MECHANICAL_DESIGN_GEOMETRIC_PRESENTATION_REPRESENTATION (  '', ( #4232 ), #3254 ) ;
#3636 = VERTEX_POINT ( 'NONE', #485 ) ;
#3637 = DIRECTION ( 'NONE',  ( 0.000000000000000000, 0.000000000000000000, 1.000000000000000000 ) ) ;
#3638 = VECTOR ( 'NONE', #2155, 1000.000000000000000 ) ;
#3639 = VECTOR ( 'NONE', #1897, 1000.000000000000000 ) ;
#3640 = ORIENTED_EDGE ( 'NONE', *, *, #3864, .F. ) ;
#3641 = PRESENTATION_LAYER_ASSIGNMENT (  '', '', ( #2538 ) ) ;
#3642 = FACE_OUTER_BOUND ( 'NONE', #1184, .T. ) ;
#3643 =( LENGTH_UNIT ( ) NAMED_UNIT ( * ) SI_UNIT ( .MILLI., .METRE. ) );
#3644 = STYLED_ITEM ( 'NONE', ( #4490 ), #1851 ) ;
#3645 = CARTESIAN_POINT ( 'NONE',  ( 1.242000000000003990, 1.467759999999999954, -0.2585449659703213943 ) ) ;
#3646 = PRESENTATION_LAYER_ASSIGNMENT (  '', '', ( #551 ) ) ;
#3647 = LINE ( 'NONE', #533, #2858 ) ;
#3648 = DIRECTION ( 'NONE',  ( 0.000000000000000000, 0.000000000000000000, 1.000000000000000000 ) ) ;
#3649 = CARTESIAN_POINT ( 'NONE',  ( 1.014132956314515166, 1.472760000000000069, -0.8640816736198583259 ) ) ;
#3650 = VECTOR ( 'NONE', #1017, 1000.000000000000000 ) ;
#3651 = CARTESIAN_POINT ( 'NONE',  ( 1.142014311898542189, 1.472760000000000069, -1.019298461156342261 ) ) ;
#3652 = CARTESIAN_POINT ( 'NONE',  ( 2.267759999999999998, 1.467759999999999954, -1.517759999999999998 ) ) ;
#3653 = DIRECTION ( 'NONE',  ( 0.000000000000000000, 0.000000000000000000, 1.000000000000000000 ) ) ;
#3654 = CARTESIAN_POINT ( 'NONE',  ( 0.7498072791938382720, 1.464240128372769734, -0.04983172958156357329 ) ) ;
#3655 = MECHANICAL_DESIGN_GEOMETRIC_PRESENTATION_REPRESENTATION (  '', ( #1510 ), #2704 ) ;
#3656 = CARTESIAN_POINT ( 'NONE',  ( 1.014132956314515166, 1.472760000000000069, -1.357273782712564048 ) ) ;
#3657 =( GEOMETRIC_REPRESENTATION_CONTEXT ( 3 ) GLOBAL_UNCERTAINTY_ASSIGNED_CONTEXT ( ( #2745 ) ) GLOBAL_UNIT_ASSIGNED_CONTEXT ( ( #3876, #66, #1273 ) ) REPRESENTATION_CONTEXT ( 'NONE', 'WORKASPACE' ) );
#3658 = EDGE_CURVE ( 'NONE', #3920, #2216, #1593, .T. ) ;
#3659 = EDGE_CURVE ( 'NONE', #2656, #39, #445, .T. ) ;
#3660 = ORIENTED_EDGE ( 'NONE', *, *, #4096, .T. ) ;
#3661 = COLOUR_RGB ( '',0.7686274509803920907, 0.7686274509803920907, 0.7686274509803920907 ) ;
#3662 = LINE ( 'NONE', #4029, #1603 ) ;
#3663 = ORIENTED_EDGE ( 'NONE', *, *, #3966, .F. ) ;
#3664 =( GEOMETRIC_REPRESENTATION_CONTEXT ( 3 ) GLOBAL_UNCERTAINTY_ASSIGNED_CONTEXT ( ( #298 ) ) GLOBAL_UNIT_ASSIGNED_CONTEXT ( ( #86, #2193, #436 ) ) REPRESENTATION_CONTEXT ( 'NONE', 'WORKASPACE' ) );
#3665 = CARTESIAN_POINT ( 'NONE',  ( 0.7499975789351752686, 0.03263510049145307290, -1.490551895794881565 ) ) ;
#3666 = VERTEX_POINT ( 'NONE', #2224 ) ;
#3667 = DIRECTION ( 'NONE',  ( -0.000000000000000000, 1.000000000000000000, 0.000000000000000000 ) ) ;
#3668 = AXIS2_PLACEMENT_3D ( 'NONE', #927, #3038, #957 ) ;
#3669 = VERTEX_POINT ( 'NONE', #3296 ) ;
#3670 = CARTESIAN_POINT ( 'NONE',  ( 1.198648156714193780, 1.472760000000000069, -0.6420286467557699828 ) ) ;
#3671 = ORIENTED_EDGE ( 'NONE', *, *, #1338, .F. ) ;
#3672 =( NAMED_UNIT ( * ) PLANE_ANGLE_UNIT ( ) SI_UNIT ( $, .RADIAN. ) );
#3673 = CARTESIAN_POINT ( 'NONE',  ( 1.014132956314515166, 1.472760000000000069, -0.7921057084777192170 ) ) ;
#3674 = UNCERTAINTY_MEASURE_WITH_UNIT (LENGTH_MEASURE( 1.000000000000000082E-05 ), #2465, 'distance_accuracy_value', 'NONE');
#3675 = MECHANICAL_DESIGN_GEOMETRIC_PRESENTATION_REPRESENTATION (  '', ( #500 ), #1531 ) ;
#3676 = DIRECTION ( 'NONE',  ( 0.000000000000000000, 0.000000000000000000, 1.000000000000000000 ) ) ;
#3677 = DIRECTION ( 'NONE',  ( 0.000000000000000000, 0.000000000000000000, -1.000000000000000000 ) ) ;
#3678 = CIRCLE ( 'NONE', #3083, 0.03224000000000000477 ) ;
#3679 = DIRECTION ( 'NONE',  ( 0.000000000000000000, -1.000000000000000000, 0.000000000000000000 ) ) ;
#3680 = FACE_OUTER_BOUND ( 'NONE', #144, .T. ) ;
#3681 = CARTESIAN_POINT ( 'NONE',  ( 0.7496386876498465357, 1.462705157540814982, -0.04682218933668131494 ) ) ;
#3682 = CARTESIAN_POINT ( 'NONE',  ( 2.267759999999999998, 0.03223999999999999783, -0.03223999999999999783 ) ) ;
#3683 = AXIS2_PLACEMENT_3D ( 'NONE', #1700, #428, #1921 ) ;
#3684 = FACE_OUTER_BOUND ( 'NONE', #2865, .T. ) ;
#3685 = VERTEX_POINT ( 'NONE', #461 ) ;
#3686 = LINE ( 'NONE', #3960, #1751 ) ;
#3687 = ORIENTED_EDGE ( 'NONE', *, *, #1302, .T. ) ;
#3688 = EDGE_CURVE ( 'NONE', #2140, #2087, #1866, .T. ) ;
#3689 = CARTESIAN_POINT ( 'NONE',  ( 1.582239999999999869, 0.03223999999999999783, -0.03223999999999999783 ) ) ;
#3690 = EDGE_CURVE ( 'NONE', #3940, #3850, #1548, .T. ) ;
#3691 = VERTEX_POINT ( 'NONE', #1621 ) ;
#3692 = CARTESIAN_POINT ( 'NONE',  ( 0.000000000000000000, 0.03223999999999999783, -1.517759999999999998 ) ) ;
#3693 = DIRECTION ( 'NONE',  ( -0.9985542843760948362, 0.000000000000000000, -0.05375259206908061110 ) ) ;
#3694 = CARTESIAN_POINT ( 'NONE',  ( 1.014132956314515166, 1.472760000000000069, -0.6950651962186354949 ) ) ;
#3695 = FILL_AREA_STYLE ('',( #886 ) ) ;
#3696 = UNCERTAINTY_MEASURE_WITH_UNIT (LENGTH_MEASURE( 1.000000000000000082E-05 ), #3475, 'distance_accuracy_value', 'NONE');
#3697 = VERTEX_POINT ( 'NONE', #3068 ) ;
#3698 = EDGE_CURVE ( 'NONE', #369, #3471, #3752, .T. ) ;
#3699 = CARTESIAN_POINT ( 'NONE',  ( 0.7499505401423434137, 0.03402514014692923500, -0.05390081707645496406 ) ) ;
#3700 = CARTESIAN_POINT ( 'NONE',  ( 0.000000000000000000, 1.467759999999999954, -0.03223999999999999783 ) ) ;
#3701 = CARTESIAN_POINT ( 'NONE',  ( 1.198648156714193780, 1.467759999999999954, -0.5157117543673824800 ) ) ;
#3702 = DIRECTION ( 'NONE',  ( 1.000000000000000000, -0.000000000000000000, 0.000000000000000000 ) ) ;
#3703 = DIRECTION ( 'NONE',  ( 0.004650693823668812857, 0.000000000000000000, -0.9999891854650021505 ) ) ;
#3704 = CARTESIAN_POINT ( 'NONE',  ( 0.7485861198805380257, 0.04168287737454549197, -0.04168287737454550584 ) ) ;
#3705 =( NAMED_UNIT ( * ) PLANE_ANGLE_UNIT ( ) SI_UNIT ( $, .RADIAN. ) );
#3706 = CYLINDRICAL_SURFACE ( 'NONE', #1403, 0.03224000000000000477 ) ;
#3707 = DIRECTION ( 'NONE',  ( -0.000000000000000000, -1.000000000000000000, 0.000000000000000000 ) ) ;
#3708 = FILL_AREA_STYLE_COLOUR ( '', #846 ) ;
#3709 = ORIENTED_EDGE ( 'NONE', *, *, #1101, .F. ) ;
#3710 =( LENGTH_UNIT ( ) NAMED_UNIT ( * ) SI_UNIT ( .MILLI., .METRE. ) );
#3711 = ORIENTED_EDGE ( 'NONE', *, *, #2471, .F. ) ;
#3712 = PLANE ( 'NONE',  #2131 ) ;
#3713 = CARTESIAN_POINT ( 'NONE',  ( 1.242000000000003990, 1.472760000000000069, -0.9259322953616510032 ) ) ;
#3714 = DIRECTION ( 'NONE',  ( -0.000000000000000000, -1.000000000000000000, 0.000000000000000000 ) ) ;
#3715 = AXIS2_PLACEMENT_3D ( 'NONE', #641, #987, #217 ) ;
#3716 = ORIENTED_EDGE ( 'NONE', *, *, #2619, .F. ) ;
#3717 = VERTEX_POINT ( 'NONE', #4504 ) ;
#3718 = PLANE ( 'NONE',  #3492 ) ;
#3719 = CARTESIAN_POINT ( 'NONE',  ( 1.550361312350153398, 1.462705157540814982, -1.503177810663318237 ) ) ;
#3720 = CIRCLE ( 'NONE', #3868, 0.03223999999999978272 ) ;
#3721 = EDGE_CURVE ( 'NONE', #3666, #3735, #2714, .T. ) ;
#3722 = ADVANCED_FACE ( 'NONE', ( #1334 ), #4185, .F. ) ;
#3723 = CARTESIAN_POINT ( 'NONE',  ( 0.03223999999999978272, 1.467759999999999954, -1.517759999999999998 ) ) ;
#3724 = CARTESIAN_POINT ( 'NONE',  ( 1.242000000000003990, 1.472760000000000069, -0.6839081761791220293 ) ) ;
#3725 = SURFACE_STYLE_USAGE ( .BOTH. , #1940 ) ;
#3726 = VECTOR ( 'NONE', #2950, 1000.000000000000000 ) ;
#3727 = PLANE ( 'NONE',  #467 ) ;
#3728 = SURFACE_STYLE_FILL_AREA ( #2328 ) ;
#3729 = CARTESIAN_POINT ( 'NONE',  ( 1.014132956314515166, 1.467759999999999954, -0.4680929633873127660 ) ) ;
#3730 = AXIS2_PLACEMENT_3D ( 'NONE', #2182, #1470, #3586 ) ;
#3731 = DIRECTION ( 'NONE',  ( -0.2793947940814875408, 0.000000000000000000, 0.9601763114346048011 ) ) ;
#3732 = VECTOR ( 'NONE', #4469, 1000.000000000000000 ) ;
#3733 = ORIENTED_EDGE ( 'NONE', *, *, #529, .F. ) ;
#3734 = FACE_OUTER_BOUND ( 'NONE', #4556, .T. ) ;
#3735 = VERTEX_POINT ( 'NONE', #2411 ) ;
#3736 = ORIENTED_EDGE ( 'NONE', *, *, #358, .F. ) ;
#3737 = PLANE ( 'NONE',  #1537 ) ;
#3738 = CARTESIAN_POINT ( 'NONE',  ( 1.242000000000003990, 1.472760000000000069, -1.098092532209430150 ) ) ;
#3739 = CIRCLE ( 'NONE', #949, 0.03224000000000000477 ) ;
#3740 = ORIENTED_EDGE ( 'NONE', *, *, #3069, .F. ) ;
#3741 = MECHANICAL_DESIGN_GEOMETRIC_PRESENTATION_REPRESENTATION (  '', ( #1747 ), #197 ) ;
#3742 = CARTESIAN_POINT ( 'NONE',  ( 0.7490724855106604130, 0.04350951867870337525, -1.510040537175370012 ) ) ;
#3743 = PRESENTATION_STYLE_ASSIGNMENT (( #960 ) ) ;
#3744 = VECTOR ( 'NONE', #2150, 1000.000000000000000 ) ;
#3745 = ORIENTED_EDGE ( 'NONE', *, *, #24, .F. ) ;
#3746 = DIRECTION ( 'NONE',  ( 0.000000000000000000, 0.000000000000000000, 1.000000000000000000 ) ) ;
#3747 = DIRECTION ( 'NONE',  ( 0.000000000000000000, 0.000000000000000000, -1.000000000000000000 ) ) ;
#3748 = DIRECTION ( 'NONE',  ( -0.000000000000000000, -1.000000000000000000, -0.000000000000000000 ) ) ;
#3749 = VECTOR ( 'NONE', #1492, 1000.000000000000000 ) ;
#3750 =( NAMED_UNIT ( * ) PLANE_ANGLE_UNIT ( ) SI_UNIT ( $, .RADIAN. ) );
#3751 = VECTOR ( 'NONE', #1451, 1000.000000000000000 ) ;
#3752 = LINE ( 'NONE', #4095, #4257 ) ;
#3753 = CARTESIAN_POINT ( 'NONE',  ( 1.242000000000003990, 1.472760000000000069, -0.7915325740813675681 ) ) ;
#3754 = EDGE_CURVE ( 'NONE', #899, #3544, #1971, .T. ) ;
#3755 = SURFACE_STYLE_USAGE ( .BOTH. , #4467 ) ;
#3756 = EDGE_CURVE ( 'NONE', #3549, #3957, #563, .T. ) ;
#3757 =( LENGTH_UNIT ( ) NAMED_UNIT ( * ) SI_UNIT ( .MILLI., .METRE. ) );
#3758 = VECTOR ( 'NONE', #1117, 1000.000000000000000 ) ;
#3759 = FILL_AREA_STYLE ('',( #1920 ) ) ;
#3760 = LINE ( 'NONE', #1997, #1405 ) ;
#3761 = COLOUR_RGB ( '',0.7686274509803920907, 0.7686274509803920907, 0.7686274509803920907 ) ;
#3762 = PLANE ( 'NONE',  #2247 ) ;
#3763 =( NAMED_UNIT ( * ) PLANE_ANGLE_UNIT ( ) SI_UNIT ( $, .RADIAN. ) );
#3764 = ORIENTED_EDGE ( 'NONE', *, *, #730, .F. ) ;
#3765 = DIRECTION ( 'NONE',  ( -0.000000000000000000, -1.000000000000000000, 0.000000000000000000 ) ) ;
#3766 = VERTEX_POINT ( 'NONE', #4521 ) ;
#3767 = CARTESIAN_POINT ( 'NONE',  ( 2.267759999999999998, 0.03223999999999999783, -1.517759999999999998 ) ) ;
#3768 = DIRECTION ( 'NONE',  ( 0.000000000000000000, 0.000000000000000000, 1.000000000000000000 ) ) ;
#3769 = VERTEX_POINT ( 'NONE', #941 ) ;
#3770 = ORIENTED_EDGE ( 'NONE', *, *, #2684, .F. ) ;
#3771 = VERTEX_POINT ( 'NONE', #1640 ) ;
#3772 = CARTESIAN_POINT ( 'NONE',  ( 0.03223999999999999783, 1.467759999999999954, -0.03223999999999999783 ) ) ;
#3773 = PRESENTATION_STYLE_ASSIGNMENT (( #2372 ) ) ;
#3774 = CARTESIAN_POINT ( 'NONE',  ( 1.550000000000000044, 0.06448000000000000953, -1.517759999999999998 ) ) ;
#3775 =( LENGTH_UNIT ( ) NAMED_UNIT ( * ) SI_UNIT ( .MILLI., .METRE. ) );
#3776 = LINE ( 'NONE', #2737, #1889 ) ;
#3777 = FACE_OUTER_BOUND ( 'NONE', #3945, .T. ) ;
#3778 = SURFACE_STYLE_FILL_AREA ( #3072 ) ;
#3779 = CARTESIAN_POINT ( 'NONE',  ( 0.7500000000000000000, 0.03224000000000000477, -1.550000000000000044 ) ) ;
#3780 = EDGE_CURVE ( 'NONE', #607, #1910, #3776, .T. ) ;
#3781 = DIRECTION ( 'NONE',  ( -0.9999891854650022616, 0.000000000000000000, -0.004650693823668812857 ) ) ;
#3782 = ADVANCED_FACE ( 'NONE', ( #3045 ), #2689, .F. ) ;
#3783 = ADVANCED_FACE ( 'NONE', ( #3094 ), #4436, .T. ) ;
#3784 = DIRECTION ( 'NONE',  ( 0.000000000000000000, 0.000000000000000000, 1.000000000000000000 ) ) ;
#3785 = LINE ( 'NONE', #622, #1951 ) ;
#3786 = ORIENTED_EDGE ( 'NONE', *, *, #1437, .T. ) ;
#3787 = FACE_OUTER_BOUND ( 'NONE', #782, .T. ) ;
#3788 = DIRECTION ( 'NONE',  ( -0.000000000000000000, -1.000000000000000000, 0.000000000000000000 ) ) ;
#3789 = ORIENTED_EDGE ( 'NONE', *, *, #819, .F. ) ;
#3790 = LINE ( 'NONE', #4266, #4548 ) ;
#3791 = LINE ( 'NONE', #2320, #4415 ) ;
#3792 = CARTESIAN_POINT ( 'NONE',  ( 1.142014311898542189, 1.472760000000000069, -1.117072560896706479 ) ) ;
#3793 = FILL_AREA_STYLE ('',( #258 ) ) ;
#3794 = CARTESIAN_POINT ( 'NONE',  ( 1.057513899447020567, 1.472760000000000069, -1.043649490149650694 ) ) ;
#3795 = CARTESIAN_POINT ( 'NONE',  ( 0.7500000000000000000, 1.467759999999999954, -1.550000000000000044 ) ) ;
#3796 = SURFACE_STYLE_FILL_AREA ( #1710 ) ;
#3797 = COLOUR_RGB ( '',0.7686274509803920907, 0.7686274509803920907, 0.7686274509803920907 ) ;
#3798 = CARTESIAN_POINT ( 'NONE',  ( 1.242000000000003990, 1.472760000000000069, -0.4130027959786720659 ) ) ;
#3799 = UNCERTAINTY_MEASURE_WITH_UNIT (LENGTH_MEASURE( 1.000000000000000082E-05 ), #1551, 'distance_accuracy_value', 'NONE');
#3800 = VECTOR ( 'NONE', #2278, 1000.000000000000000 ) ;
#3801 = VECTOR ( 'NONE', #4148, 1000.000000000000000 ) ;
#3802 = CARTESIAN_POINT ( 'NONE',  ( 0.7500000000000000000, 1.435520000000000129, -0.03223999999999956761 ) ) ;
#3803 = AXIS2_PLACEMENT_3D ( 'NONE', #2734, #935, #1328 ) ;
#3804 = VECTOR ( 'NONE', #2412, 1000.000000000000227 ) ;
#3805 = ORIENTED_EDGE ( 'NONE', *, *, #1709, .F. ) ;
#3806 = ORIENTED_EDGE ( 'NONE', *, *, #619, .F. ) ;
#3807 = EDGE_CURVE ( 'NONE', #3940, #3255, #3817, .T. ) ;
#3808 = ORIENTED_EDGE ( 'NONE', *, *, #729, .F. ) ;
#3809 = EDGE_CURVE ( 'NONE', #67, #2448, #4489, .T. ) ;
#3810 =( NAMED_UNIT ( * ) SI_UNIT ( $, .STERADIAN. ) SOLID_ANGLE_UNIT ( ) );
#3811 = ORIENTED_EDGE ( 'NONE', *, *, #3602, .T. ) ;
#3812 = LINE ( 'NONE', #4183, #661 ) ;
#3813 = CIRCLE ( 'NONE', #2857, 0.03224000000000000477 ) ;
#3814 = SPHERICAL_SURFACE ( 'NONE', #1525, 0.03223999999999999783 ) ;
#3815 = PRESENTATION_STYLE_ASSIGNMENT (( #1620 ) ) ;
#3816 = VECTOR ( 'NONE', #438, 1000.000000000000000 ) ;
#3817 = LINE ( 'NONE', #1280, #1237 ) ;
#3818 = AXIS2_PLACEMENT_3D ( 'NONE', #1397, #2824, #2804 ) ;
#3819 = MECHANICAL_DESIGN_GEOMETRIC_PRESENTATION_REPRESENTATION (  '', ( #575 ), #3664 ) ;
#3820 = LINE ( 'NONE', #3047, #1439 ) ;
#3821 = DIRECTION ( 'NONE',  ( 0.2765379750249931656, 0.000000000000000000, -0.9610029908221286998 ) ) ;
#3822 =( NAMED_UNIT ( * ) SI_UNIT ( $, .STERADIAN. ) SOLID_ANGLE_UNIT ( ) );
#3823 = CARTESIAN_POINT ( 'NONE',  ( 0.7177600000000000646, 0.03223999999999999783, -0.03223999999999999783 ) ) ;
#3824 = CIRCLE ( 'NONE', #3210, 0.03223999999999999783 ) ;
#3825 = VECTOR ( 'NONE', #1912, 1000.000000000000000 ) ;
#3826 = CARTESIAN_POINT ( 'NONE',  ( 1.550000000000000044, 0.03223999999999999783, 0.000000000000000000 ) ) ;
#3827 = MECHANICAL_DESIGN_GEOMETRIC_PRESENTATION_REPRESENTATION (  '', ( #4042 ), #2363 ) ;
#3828 = ORIENTED_EDGE ( 'NONE', *, *, #4223, .T. ) ;
#3829 = CARTESIAN_POINT ( 'NONE',  ( 1.550270654266055148, 1.452713479379099670, -1.513022448610046977 ) ) ;
#3830 = PRESENTATION_LAYER_ASSIGNMENT (  '', '', ( #2879 ) ) ;
#3831 = EDGE_LOOP ( 'NONE', ( #4174, #18, #1628, #380 ) ) ;
#3832 = DIRECTION ( 'NONE',  ( 0.000000000000000000, 0.000000000000000000, 1.000000000000000000 ) ) ;
#3833 = VERTEX_POINT ( 'NONE', #2038 ) ;
#3834 = CARTESIAN_POINT ( 'NONE',  ( 1.057513899447020567, 1.472760000000000069, -1.043649490149650694 ) ) ;
#3835 = ORIENTED_EDGE ( 'NONE', *, *, #4173, .F. ) ;
#3836 = ORIENTED_EDGE ( 'NONE', *, *, #2433, .T. ) ;
#3837 = COLOUR_RGB ( '',0.7686274509803920907, 0.7686274509803920907, 0.7686274509803920907 ) ;
#3838 = EDGE_CURVE ( 'NONE', #2232, #4513, #2757, .T. ) ;
#3839 = DIRECTION ( 'NONE',  ( -0.9601763114327565019, 0.000000000000000000, -0.2793947940878393488 ) ) ;
#3840 = EDGE_CURVE ( 'NONE', #2937, #2533, #2275, .T. ) ;
#3841 = ORIENTED_EDGE ( 'NONE', *, *, #3398, .T. ) ;
#3842 = CARTESIAN_POINT ( 'NONE',  ( 1.242000000000003990, 1.472760000000000069, -1.164480368551513267 ) ) ;
#3843 = CARTESIAN_POINT ( 'NONE',  ( 1.014132956314515166, 1.472760000000000069, -0.6723368301145032921 ) ) ;
#3844 = LINE ( 'NONE', #2101, #2933 ) ;
#3845 = EDGE_CURVE ( 'NONE', #3691, #2966, #1733, .T. ) ;
#3846 = CARTESIAN_POINT ( 'NONE',  ( 0.7500000000000000000, 1.467759999999999954, -1.517759999999999998 ) ) ;
#3847 = LINE ( 'NONE', #721, #1976 ) ;
#3848 = DIRECTION ( 'NONE',  ( 0.000000000000000000, 0.000000000000000000, -1.000000000000000000 ) ) ;
#3849 = DIRECTION ( 'NONE',  ( 0.000000000000000000, 0.000000000000000000, 1.000000000000000000 ) ) ;
#3850 = VERTEX_POINT ( 'NONE', #2892 ) ;
#3851 = DIRECTION ( 'NONE',  ( -0.9610992334305258344, 0.000000000000000000, -0.2762033010288897361 ) ) ;
#3852 = APPLICATION_CONTEXT ( 'automotive_design' ) ;
#3853 = ORIENTED_EDGE ( 'NONE', *, *, #1239, .T. ) ;
#3854 = CARTESIAN_POINT ( 'NONE',  ( 1.551143600089036623, 1.459199447395923110, -0.04256520214486389508 ) ) ;
#3855 = SURFACE_STYLE_USAGE ( .BOTH. , #1043 ) ;
#3856 = VERTEX_POINT ( 'NONE', #4272 ) ;
#3857 =( NAMED_UNIT ( * ) PLANE_ANGLE_UNIT ( ) SI_UNIT ( $, .RADIAN. ) );
#3858 = CARTESIAN_POINT ( 'NONE',  ( 1.582239999999999869, 0.03223999999999999783, -0.03224000000000000477 ) ) ;
#3859 = DIRECTION ( 'NONE',  ( -0.000000000000000000, -1.000000000000000000, 0.000000000000000000 ) ) ;
#3860 = CYLINDRICAL_SURFACE ( 'NONE', #62, 0.03224000000000000477 ) ;
#3861 = LINE ( 'NONE', #1738, #3870 ) ;
#3862 = EDGE_CURVE ( 'NONE', #180, #88, #1115, .T. ) ;
#3863 = CARTESIAN_POINT ( 'NONE',  ( 1.014132956314515166, 1.472760000000000069, -0.6950651962186354949 ) ) ;
#3864 = EDGE_CURVE ( 'NONE', #4039, #689, #2999, .T. ) ;
#3865 = MECHANICAL_DESIGN_GEOMETRIC_PRESENTATION_REPRESENTATION (  '', ( #1288 ), #1792 ) ;
#3866 = PLANE ( 'NONE',  #1081 ) ;
#3867 = UNCERTAINTY_MEASURE_WITH_UNIT (LENGTH_MEASURE( 1.000000000000000082E-05 ), #164, 'distance_accuracy_value', 'NONE');
#3868 = AXIS2_PLACEMENT_3D ( 'NONE', #3888, #355, #725 ) ;
#3869 = CIRCLE ( 'NONE', #710, 0.03223999999999999783 ) ;
#3870 = VECTOR ( 'NONE', #970, 1000.000000000000000 ) ;
#3871 = CARTESIAN_POINT ( 'NONE',  ( 1.242000000000003990, 1.467759999999999954, -1.098092532209430150 ) ) ;
#3872 = COLOUR_RGB ( '',0.7686274509803920907, 0.7686274509803920907, 0.7686274509803920907 ) ;
#3873 = ORIENTED_EDGE ( 'NONE', *, *, #224, .F. ) ;
#3874 =( BOUNDED_CURVE ( )  B_SPLINE_CURVE ( 3, ( #914, #2943, #3298, #3704 ),
 .UNSPECIFIED., .F., .F. ) 
 B_SPLINE_CURVE_WITH_KNOTS ( ( 4, 4 ),
 ( 1.570796326794896558, 1.868047688116096339 ),
 .UNSPECIFIED. ) 
 CURVE ( )  GEOMETRIC_REPRESENTATION_ITEM ( )  RATIONAL_B_SPLINE_CURVE ( ( 1.000000000000000000, 0.9926503465430341899, 0.9926503465430341899, 1.000000000000000000 ) ) 
 REPRESENTATION_ITEM ( '' )  );
#3875 = SURFACE_SIDE_STYLE ('',( #1342 ) ) ;
#3876 =( LENGTH_UNIT ( ) NAMED_UNIT ( * ) SI_UNIT ( .MILLI., .METRE. ) );
#3877 = MECHANICAL_DESIGN_GEOMETRIC_PRESENTATION_REPRESENTATION (  '', ( #3946 ), #266 ) ;
#3878 = DIRECTION ( 'NONE',  ( 0.000000000000000000, 0.000000000000000000, 1.000000000000000000 ) ) ;
#3879 = AXIS2_PLACEMENT_3D ( 'NONE', #3420, #665, #4529 ) ;
#3880 = CYLINDRICAL_SURFACE ( 'NONE', #2722, 0.03223999999999999783 ) ;
#3881 = PLANE ( 'NONE',  #1023 ) ;
#3882 = DIRECTION ( 'NONE',  ( 0.000000000000000000, 0.000000000000000000, -1.000000000000000000 ) ) ;
#3883 = CARTESIAN_POINT ( 'NONE',  ( 2.299999999999999822, 1.500000000000000000, -1.517759999999999998 ) ) ;
#3884 = DIRECTION ( 'NONE',  ( 0.9610664548998939516, 0.000000000000000000, 0.2763173343569854667 ) ) ;
#3885 = AXIS2_PLACEMENT_3D ( 'NONE', #1972, #4104, #1644 ) ;
#3886 = CARTESIAN_POINT ( 'NONE',  ( 1.014132956314515166, 1.472760000000000069, -0.3241166210762970179 ) ) ;
#3887 = VECTOR ( 'NONE', #2177, 1000.000000000000000 ) ;
#3888 = CARTESIAN_POINT ( 'NONE',  ( 2.267759999999999998, 0.03223999999999999783, -1.517759999999999998 ) ) ;
#3889 = AXIS2_PLACEMENT_3D ( 'NONE', #4036, #1881, #548 ) ;
#3890 = EDGE_CURVE ( 'NONE', #1764, #4482, #3844, .T. ) ;
#3891 = EDGE_CURVE ( 'NONE', #3717, #339, #1815, .T. ) ;
#3892 = VECTOR ( 'NONE', #2844, 1000.000000000000000 ) ;
#3893 = AXIS2_PLACEMENT_3D ( 'NONE', #3, #1787, #2818 ) ;
#3894 = ORIENTED_EDGE ( 'NONE', *, *, #3312, .T. ) ;
#3895 = ADVANCED_FACE ( 'NONE', ( #4225 ), #2469, .F. ) ;
#3896 = CARTESIAN_POINT ( 'NONE',  ( 0.7488563999109631997, 1.457434797855136077, -0.04080055260407670220 ) ) ;
#3897 = ORIENTED_EDGE ( 'NONE', *, *, #1380, .T. ) ;
#3898 = LINE ( 'NONE', #1784, #1902 ) ;
#3899 = VECTOR ( 'NONE', #3992, 1000.000000000000000 ) ;
#3900 = VERTEX_POINT ( 'NONE', #4206 ) ;
#3901 = VERTEX_POINT ( 'NONE', #1417 ) ;
#3902 = AXIS2_PLACEMENT_3D ( 'NONE', #3858, #2435, #1455 ) ;
#3903 = SPHERICAL_SURFACE ( 'NONE', #2061, 0.03223999999999999783 ) ;
#3904 = CARTESIAN_POINT ( 'NONE',  ( 1.014132956314515166, 1.472760000000000069, -0.6723368301145032921 ) ) ;
#3905 = DIRECTION ( 'NONE',  ( 0.000000000000000000, 0.000000000000000000, 1.000000000000000000 ) ) ;
#3906 = DIRECTION ( 'NONE',  ( 0.000000000000000000, 0.000000000000000000, 1.000000000000000000 ) ) ;
#3907 = LINE ( 'NONE', #443, #1292 ) ;
#3908 =( NAMED_UNIT ( * ) SI_UNIT ( $, .STERADIAN. ) SOLID_ANGLE_UNIT ( ) );
#3909 = DIRECTION ( 'NONE',  ( 0.000000000000000000, 0.000000000000000000, 1.000000000000000000 ) ) ;
#3910 = CARTESIAN_POINT ( 'NONE',  ( 1.550000000000000044, 1.467759999999999954, -0.06447999999999956544 ) ) ;
#3911 = ORIENTED_EDGE ( 'NONE', *, *, #1691, .F. ) ;
#3912 = PLANE ( 'NONE',  #3730 ) ;
#3913 = ORIENTED_EDGE ( 'NONE', *, *, #875, .T. ) ;
#3914 = FILL_AREA_STYLE ('',( #517 ) ) ;
#3915 = EDGE_LOOP ( 'NONE', ( #4533, #3566, #2835 ) ) ;
#3916 = EDGE_CURVE ( 'NONE', #3178, #1158, #72, .T. ) ;
#3917 = ADVANCED_FACE ( 'NONE', ( #764 ), #3881, .F. ) ;
#3918 = ORIENTED_EDGE ( 'NONE', *, *, #2001, .F. ) ;
#3919 = CARTESIAN_POINT ( 'NONE',  ( 1.014132956314515166, 1.472760000000000069, -0.5039962945937563887 ) ) ;
#3920 = VERTEX_POINT ( 'NONE', #4293 ) ;
#3921 = CARTESIAN_POINT ( 'NONE',  ( 2.267759999999999998, 0.000000000000000000, -0.03223999999999999783 ) ) ;
#3922 = VERTEX_POINT ( 'NONE', #3548 ) ;
#3923 = CARTESIAN_POINT ( 'NONE',  ( 0.7500000000000000000, 1.467759999999999954, -0.03223999999999956761 ) ) ;
#3924 = PLANE ( 'NONE',  #3518 ) ;
#3925 = LINE ( 'NONE', #2175, #3583 ) ;
#3926 = DIRECTION ( 'NONE',  ( 1.000000000000000000, 0.000000000000000000, -0.000000000000000000 ) ) ;
#3927 = LINE ( 'NONE', #3160, #2909 ) ;
#3928 = FILL_AREA_STYLE_COLOUR ( '', #3182 ) ;
#3929 =( NAMED_UNIT ( * ) PLANE_ANGLE_UNIT ( ) SI_UNIT ( $, .RADIAN. ) );
#3930 = COLOUR_RGB ( '',0.7686274509803920907, 0.7686274509803920907, 0.7686274509803920907 ) ;
#3931 = VERTEX_POINT ( 'NONE', #347 ) ;
#3932 = CARTESIAN_POINT ( 'NONE',  ( 1.550361312350153398, 0.04682218933668144678, -1.512705157540814582 ) ) ;
#3933 = ORIENTED_EDGE ( 'NONE', *, *, #4057, .F. ) ;
#3934 = ORIENTED_EDGE ( 'NONE', *, *, #752, .F. ) ;
#3935 = SURFACE_STYLE_FILL_AREA ( #2598 ) ;
#3936 = VECTOR ( 'NONE', #2126, 1000.000000000000000 ) ;
#3937 = ORIENTED_EDGE ( 'NONE', *, *, #4022, .F. ) ;
#3938 = ADVANCED_FACE ( 'NONE', ( #25 ), #1755, .T. ) ;
#3939 = EDGE_CURVE ( 'NONE', #753, #1616, #3590, .T. ) ;
#3940 = VERTEX_POINT ( 'NONE', #3313 ) ;
#3941 = SURFACE_SIDE_STYLE ('',( #85 ) ) ;
#3942 = COLOUR_RGB ( '',0.7686274509803920907, 0.7686274509803920907, 0.7686274509803920907 ) ;
#3943 = MECHANICAL_DESIGN_GEOMETRIC_PRESENTATION_REPRESENTATION (  '', ( #2335 ), #3575 ) ;
#3944 = CARTESIAN_POINT ( 'NONE',  ( 0.7485861198805380257, 1.458317122625454543, -0.04168287737454549891 ) ) ;
#3945 = EDGE_LOOP ( 'NONE', ( #1950, #1534, #1767, #1536 ) ) ;
#3946 = STYLED_ITEM ( 'NONE', ( #1108 ), #1428 ) ;
#3947 = DIRECTION ( 'NONE',  ( -0.000000000000000000, -1.000000000000000000, 0.000000000000000000 ) ) ;
#3948 = FILL_AREA_STYLE_COLOUR ( '', #2467 ) ;
#3949 = CARTESIAN_POINT ( 'NONE',  ( 0.7499505401423434137, 1.465974859853070855, -1.496099182923544602 ) ) ;
#3950 = CARTESIAN_POINT ( 'NONE',  ( 1.014132956314515166, 1.467759999999999954, -0.6723368301145032921 ) ) ;
#3951 = VECTOR ( 'NONE', #3198, 1000.000000000000000 ) ;
#3952 = COLOUR_RGB ( '',0.7686274509803920907, 0.7686274509803920907, 0.7686274509803920907 ) ;
#3953 = PRESENTATION_LAYER_ASSIGNMENT (  '', '', ( #1600 ) ) ;
#3954 = MANIFOLD_SOLID_BREP ( 'Scale1[3]', #3276 ) ;
#3955 = DIRECTION ( 'NONE',  ( -0.2755520632520512270, 0.000000000000000000, 0.9612861490927337993 ) ) ;
#3956 = VECTOR ( 'NONE', #905, 1000.000000000000000 ) ;
#3957 = VERTEX_POINT ( 'NONE', #4343 ) ;
#3958 = AXIS2_PLACEMENT_3D ( 'NONE', #439, #1587, #2539 ) ;
#3959 = ORIENTED_EDGE ( 'NONE', *, *, #1356, .T. ) ;
#3960 = CARTESIAN_POINT ( 'NONE',  ( 1.014132956314515166, 1.472760000000000069, -0.3241166210762970179 ) ) ;
#3961 = EDGE_LOOP ( 'NONE', ( #2429, #3034, #2199, #3057 ) ) ;
#3962 = AXIS2_PLACEMENT_3D ( 'NONE', #482, #2608, #1818 ) ;
#3963 = ORIENTED_EDGE ( 'NONE', *, *, #1107, .T. ) ;
#3964 =( NAMED_UNIT ( * ) SI_UNIT ( $, .STERADIAN. ) SOLID_ANGLE_UNIT ( ) );
#3965 = CARTESIAN_POINT ( 'NONE',  ( 1.176924100055729561, 1.472760000000000069, -0.7833425935635931481 ) ) ;
#3966 = EDGE_CURVE ( 'NONE', #2334, #4430, #1719, .T. ) ;
#3967 = EDGE_LOOP ( 'NONE', ( #3574, #3618, #364, #4214, #2972, #1647 ) ) ;
#3968 = EDGE_CURVE ( 'NONE', #1859, #40, #4035, .T. ) ;
#3969 = AXIS2_PLACEMENT_3D ( 'NONE', #3308, #148, #2968 ) ;
#3970 = DIRECTION ( 'NONE',  ( 0.000000000000000000, 0.000000000000000000, 1.000000000000000000 ) ) ;
#3971 = EDGE_LOOP ( 'NONE', ( #432, #1058, #606, #1839 ) ) ;
#3972 = DIRECTION ( 'NONE',  ( -0.2755265765475047313, 0.000000000000000000, 0.9612934544747571142 ) ) ;
#3973 = CARTESIAN_POINT ( 'NONE',  ( 1.242000000000003990, 1.472760000000000069, -0.9259322953616510032 ) ) ;
#3974 = DIRECTION ( 'NONE',  ( 1.000000000000000000, 0.000000000000000000, 0.000000000000000000 ) ) ;
#3975 = EDGE_CURVE ( 'NONE', #1589, #2932, #876, .T. ) ;
#3976 = CARTESIAN_POINT ( 'NONE',  ( 1.142014311898542189, 1.472760000000000069, -1.117072560896706479 ) ) ;
#3977 = PRODUCT_CONTEXT ( 'NONE', #3852, 'mechanical' ) ;
#3978 = CARTESIAN_POINT ( 'NONE',  ( 1.038159037018030917, 1.472760000000000069, -0.8991410363531673333 ) ) ;
#3979 = CARTESIAN_POINT ( 'NONE',  ( 1.198648156714193780, 1.472760000000000069, -0.5157117543673824800 ) ) ;
#3980 = CARTESIAN_POINT ( 'NONE',  ( 1.014132956314515166, 1.467759999999999954, -0.6950651962186354949 ) ) ;
#3981 = FACE_OUTER_BOUND ( 'NONE', #227, .T. ) ;
#3982 = PRODUCT_DEFINITION_SHAPE ( 'NONE', 'NONE',  #4099 ) ;
#3983 = VERTEX_POINT ( 'NONE', #3944 ) ;
#3984 =( NAMED_UNIT ( * ) SI_UNIT ( $, .STERADIAN. ) SOLID_ANGLE_UNIT ( ) );
#3985 = ORIENTED_EDGE ( 'NONE', *, *, #2055, .T. ) ;
#3986 = ORIENTED_EDGE ( 'NONE', *, *, #4173, .T. ) ;
#3987 = CARTESIAN_POINT ( 'NONE',  ( 1.014132956314515166, 1.472760000000000069, -0.5039962945937563887 ) ) ;
#3988 = ORIENTED_EDGE ( 'NONE', *, *, #1633, .F. ) ;
#3989 = LINE ( 'NONE', #788, #1895 ) ;
#3990 = ORIENTED_EDGE ( 'NONE', *, *, #3602, .F. ) ;
#3991 = CARTESIAN_POINT ( 'NONE',  ( 1.198639842472818851, 1.472760000000000069, -1.110396224602928417 ) ) ;
#3992 = DIRECTION ( 'NONE',  ( -0.9619530280415479195, 0.000000000000000000, -0.2732148821746301914 ) ) ;
#3993 = DIRECTION ( 'NONE',  ( -0.000000000000000000, -0.000000000000000000, 1.000000000000000000 ) ) ;
#3994 = SURFACE_STYLE_USAGE ( .BOTH. , #892 ) ;
#3995 = CARTESIAN_POINT ( 'NONE',  ( 0.7500000000000000000, 0.03224000000000000477, -1.517759999999999998 ) ) ;
#3996 = APPLICATION_PROTOCOL_DEFINITION ( 'draft international standard', 'automotive_design', 1998, #3852 ) ;
#3997 = FACE_OUTER_BOUND ( 'NONE', #16, .T. ) ;
#3998 = EDGE_CURVE ( 'NONE', #2482, #4039, #3989, .T. ) ;
#3999 = FILL_AREA_STYLE ('',( #2227 ) ) ;
#4000 = EDGE_CURVE ( 'NONE', #3384, #2672, #2562, .T. ) ;
#4001 = CYLINDRICAL_SURFACE ( 'NONE', #2770, 0.03224000000000000477 ) ;
#4002 = FACE_OUTER_BOUND ( 'NONE', #627, .T. ) ;
#4003 = ORIENTED_EDGE ( 'NONE', *, *, #466, .F. ) ;
#4004 = SURFACE_STYLE_USAGE ( .BOTH. , #878 ) ;
#4005 = VERTEX_POINT ( 'NONE', #2197 ) ;
#4006 = DIRECTION ( 'NONE',  ( 0.000000000000000000, 1.000000000000000000, 0.000000000000000000 ) ) ;
#4007 = VECTOR ( 'NONE', #2205, 1000.000000000000114 ) ;
#4008 = ORIENTED_EDGE ( 'NONE', *, *, #2399, .T. ) ;
#4009 = PLANE ( 'NONE',  #1608 ) ;
#4010 = LINE ( 'NONE', #3738, #2866 ) ;
#4011 = AXIS2_PLACEMENT_3D ( 'NONE', #974, #3377, #2383 ) ;
#4012 =( GEOMETRIC_REPRESENTATION_CONTEXT ( 3 ) GLOBAL_UNCERTAINTY_ASSIGNED_CONTEXT ( ( #1741 ) ) GLOBAL_UNIT_ASSIGNED_CONTEXT ( ( #1105, #3929, #2921 ) ) REPRESENTATION_CONTEXT ( 'NONE', 'WORKASPACE' ) );
#4013 = CARTESIAN_POINT ( 'NONE',  ( 0.7499911306446018777, 0.05611838437865329654, -0.03316123822313014197 ) ) ;
#4014 = ORIENTED_EDGE ( 'NONE', *, *, #2880, .F. ) ;
#4015 = CARTESIAN_POINT ( 'NONE',  ( 1.057513899447020567, 1.472760000000000069, -1.043649490149650694 ) ) ;
#4016 = FILL_AREA_STYLE_COLOUR ( '', #4025 ) ;
#4017 = CIRCLE ( 'NONE', #3351, 0.03223999999999978272 ) ;
#4018 = CARTESIAN_POINT ( 'NONE',  ( 1.014132956314515166, 1.472760000000000069, -0.9640226091935145680 ) ) ;
#4019 = PLANE ( 'NONE',  #38 ) ;
#4020 = CARTESIAN_POINT ( 'NONE',  ( 0.7177600000000000646, 0.03223999999999999783, 0.000000000000000000 ) ) ;
#4021 = LINE ( 'NONE', #1529, #1002 ) ;
#4022 = EDGE_CURVE ( 'NONE', #3697, #3685, #2583, .T. ) ;
#4023 = EDGE_CURVE ( 'NONE', #2701, #3666, #3824, .T. ) ;
#4024 = CARTESIAN_POINT ( 'NONE',  ( 0.7177600000000000646, 0.03223999999999999783, 0.000000000000000000 ) ) ;
#4025 = COLOUR_RGB ( '',0.7686274509803920907, 0.7686274509803920907, 0.7686274509803920907 ) ;
#4026 = ORIENTED_EDGE ( 'NONE', *, *, #2398, .T. ) ;
#4027 = EDGE_CURVE ( 'NONE', #4111, #3766, #830, .T. ) ;
#4028 = VECTOR ( 'NONE', #3216, 1000.000000000000000 ) ;
#4029 = CARTESIAN_POINT ( 'NONE',  ( 2.267759999999999998, 0.000000000000000000, 0.000000000000000000 ) ) ;
#4030 = ORIENTED_EDGE ( 'NONE', *, *, #1905, .T. ) ;
#4031 = PRESENTATION_LAYER_ASSIGNMENT (  '', '', ( #2273 ) ) ;
#4032 = DIRECTION ( 'NONE',  ( -0.000000000000000000, -1.000000000000000000, 0.000000000000000000 ) ) ;
#4033 = ORIENTED_EDGE ( 'NONE', *, *, #2453, .F. ) ;
#4034 = CARTESIAN_POINT ( 'NONE',  ( 1.582239999999999869, 0.03223999999999999783, -1.517759999999999998 ) ) ;
#4035 = CIRCLE ( 'NONE', #1530, 0.03223999999999999783 ) ;
#4036 = CARTESIAN_POINT ( 'NONE',  ( 2.299999999999999822, 0.03223999999999999783, -1.517759999999999998 ) ) ;
#4037 = CARTESIAN_POINT ( 'NONE',  ( 1.550361312350153398, 0.03729484245918513602, -0.04682218933668137045 ) ) ;
#4038 = VECTOR ( 'NONE', #3317, 1000.000000000000000 ) ;
#4039 = VERTEX_POINT ( 'NONE', #87 ) ;
#4040 = VERTEX_POINT ( 'NONE', #1909 ) ;
#4041 = PLANE ( 'NONE',  #1945 ) ;
#4042 = STYLED_ITEM ( 'NONE', ( #3773 ), #2713 ) ;
#4043 = DIRECTION ( 'NONE',  ( 0.000000000000000000, 0.000000000000000000, -1.000000000000000000 ) ) ;
#4044 = LINE ( 'NONE', #3724, #1069 ) ;
#4045 = B_SPLINE_CURVE_WITH_KNOTS ( 'NONE', 3,
 ( #468, #2576, #3932, #1082, #81, #732, #1486, #751, #1872, #2899 ),
 .UNSPECIFIED., .F., .F.,
 ( 4, 3, 3, 4 ),
 ( 0.000000000000000000, 1.014775933115342353E-05, 2.024199515298724878E-05, 2.523223766968290651E-05 ),
 .UNSPECIFIED. ) ;
#4046 = PLANE ( 'NONE',  #1732 ) ;
#4047 = PRESENTATION_LAYER_ASSIGNMENT (  '', '', ( #4494 ) ) ;
#4048 = PLANE ( 'NONE',  #1309 ) ;
#4049 = DIRECTION ( 'NONE',  ( 0.000000000000000000, 0.000000000000000000, 1.000000000000000000 ) ) ;
#4050 =( LENGTH_UNIT ( ) NAMED_UNIT ( * ) SI_UNIT ( .MILLI., .METRE. ) );
#4051 = PRESENTATION_LAYER_ASSIGNMENT (  '', '', ( #3452 ) ) ;
#4052 = FACE_OUTER_BOUND ( 'NONE', #2554, .T. ) ;
#4053 = ORIENTED_EDGE ( 'NONE', *, *, #1153, .T. ) ;
#4054 = CARTESIAN_POINT ( 'NONE',  ( 1.014132956314515166, 1.467759999999999954, -0.7921057084777192170 ) ) ;
#4055 = ADVANCED_FACE ( 'NONE', ( #3642 ), #907, .T. ) ;
#4056 = ORIENTED_EDGE ( 'NONE', *, *, #3225, .F. ) ;
#4057 = EDGE_CURVE ( 'NONE', #2282, #3217, #4158, .T. ) ;
#4058 = DIRECTION ( 'NONE',  ( 1.000000000000000000, -0.000000000000000000, -0.000000000000000000 ) ) ;
#4059 = DIRECTION ( 'NONE',  ( 0.000000000000000000, 0.000000000000000000, 1.000000000000000000 ) ) ;
#4060 = CARTESIAN_POINT ( 'NONE',  ( 0.7488563999109630887, 0.04256520214486426978, -1.509199447395922933 ) ) ;
#4061 = DIRECTION ( 'NONE',  ( 0.7059037656364455238, 0.000000000000000000, -0.7083077534944017817 ) ) ;
#4062 = UNCERTAINTY_MEASURE_WITH_UNIT (LENGTH_MEASURE( 1.000000000000000082E-05 ), #2852, 'distance_accuracy_value', 'NONE');
#4063 = ORIENTED_EDGE ( 'NONE', *, *, #3373, .T. ) ;
#4064 = ORIENTED_EDGE ( 'NONE', *, *, #24, .T. ) ;
#4065 = CARTESIAN_POINT ( 'NONE',  ( 1.142014311898065015, 1.467759999999999954, -0.6296376548220525837 ) ) ;
#4066 =( LENGTH_UNIT ( ) NAMED_UNIT ( * ) SI_UNIT ( .MILLI., .METRE. ) );
#4067 = DIRECTION ( 'NONE',  ( -0.9615454294334447871, 0.000000000000000000, -0.2746459304917006072 ) ) ;
#4068 = CARTESIAN_POINT ( 'NONE',  ( 1.549999999999999822, 0.03544627859055465152, -1.514553721409445330 ) ) ;
#4069 =( NAMED_UNIT ( * ) SI_UNIT ( $, .STERADIAN. ) SOLID_ANGLE_UNIT ( ) );
#4070 = SURFACE_STYLE_FILL_AREA ( #2225 ) ;
#4071 = PLANE ( 'NONE',  #2266 ) ;
#4072 = CARTESIAN_POINT ( 'NONE',  ( 1.111304273511819707, 1.472760000000000069, -0.2962625248033944891 ) ) ;
#4073 = DIRECTION ( 'NONE',  ( 1.000000000000000000, 0.000000000000000000, 0.000000000000000000 ) ) ;
#4074 = DIRECTION ( 'NONE',  ( 1.000000000000000000, 0.000000000000000000, 0.000000000000000000 ) ) ;
#4075 = DIRECTION ( 'NONE',  ( -0.9610876102172832836, 0.000000000000000000, -0.2762437428917279836 ) ) ;
#4076 = LINE ( 'NONE', #1975, #1445 ) ;
#4077 = DIRECTION ( 'NONE',  ( 0.000000000000000000, 0.000000000000000000, -1.000000000000000000 ) ) ;
#4078 =( NAMED_UNIT ( * ) PLANE_ANGLE_UNIT ( ) SI_UNIT ( $, .RADIAN. ) );
#4079 = ORIENTED_EDGE ( 'NONE', *, *, #1049, .F. ) ;
#4080 = CARTESIAN_POINT ( 'NONE',  ( 1.014132956314515166, 1.467759999999999954, -0.8640816736198583259 ) ) ;
#4081 = VERTEX_POINT ( 'NONE', #4409 ) ;
#4082 = PLANE ( 'NONE',  #2503 ) ;
#4083 = ORIENTED_EDGE ( 'NONE', *, *, #900, .T. ) ;
#4084 = LINE ( 'NONE', #3694, #1088 ) ;
#4085 = EDGE_CURVE ( 'NONE', #2701, #3856, #1301, .T. ) ;
#4086 = CARTESIAN_POINT ( 'NONE',  ( 1.111304273511819707, 1.472760000000000069, -0.2962625248033944891 ) ) ;
#4087 = ADVANCED_FACE ( 'NONE', ( #1251 ), #1614, .F. ) ;
#4088 = CIRCLE ( 'NONE', #1213, 0.03224000000000000477 ) ;
#4089 = VERTEX_POINT ( 'NONE', #1685 ) ;
#4090 = DIRECTION ( 'NONE',  ( -0.000000000000000000, -1.000000000000000000, 0.000000000000000000 ) ) ;
#4091 = FILL_AREA_STYLE ('',( #2755 ) ) ;
#4092 = DIRECTION ( 'NONE',  ( -1.000000000000000000, 0.000000000000000000, 0.000000000000000000 ) ) ;
#4093 = CARTESIAN_POINT ( 'NONE',  ( 1.099897133544127215, 1.467759999999999954, -1.129104654719558010 ) ) ;
#4094 = STYLED_ITEM ( 'NONE', ( #4230 ), #4506 ) ;
#4095 = CARTESIAN_POINT ( 'NONE',  ( 1.242000000000003990, 1.472760000000000069, -1.164480368551513267 ) ) ;
#4096 = EDGE_CURVE ( 'NONE', #3281, #1303, #2056, .T. ) ;
#4097 =( GEOMETRIC_REPRESENTATION_CONTEXT ( 3 ) GLOBAL_UNCERTAINTY_ASSIGNED_CONTEXT ( ( #4526 ) ) GLOBAL_UNIT_ASSIGNED_CONTEXT ( ( #1460, #1757, #1068 ) ) REPRESENTATION_CONTEXT ( 'NONE', 'WORKASPACE' ) );
#4098 = AXIS2_PLACEMENT_3D ( 'NONE', #4207, #3194, #718 ) ;
#4099 = PRODUCT_DEFINITION ( 'UNKNOWN', '', #1004, #4219 ) ;
#4100 = CARTESIAN_POINT ( 'NONE',  ( 0.7500000000000000000, 0.000000000000000000, -0.03223999999999956761 ) ) ;
#4101 = CARTESIAN_POINT ( 'NONE',  ( 1.550114596703271452, 0.03519972033164065622, -1.499480509739623102 ) ) ;
#4102 = CARTESIAN_POINT ( 'NONE',  ( 0.7500000000000000000, 1.467759999999999954, -0.06448000000000000953 ) ) ;
#4103 = CARTESIAN_POINT ( 'NONE',  ( 0.7177600000000000646, 1.500000000000000000, 0.000000000000000000 ) ) ;
#4104 = DIRECTION ( 'NONE',  ( -1.000000000000000000, -0.000000000000000000, 0.000000000000000000 ) ) ;
#4105 = COLOUR_RGB ( '',0.7686274509803920907, 0.7686274509803920907, 0.7686274509803920907 ) ;
#4106 = LINE ( 'NONE', #4422, #3639 ) ;
#4107 = PRESENTATION_LAYER_ASSIGNMENT (  '', '', ( #1510 ) ) ;
#4108 = CARTESIAN_POINT ( 'NONE',  ( 0.7177600000000000646, 1.500000000000000000, -0.03224000000000000477 ) ) ;
#4109 = VERTEX_POINT ( 'NONE', #1636 ) ;
#4110 = PLANE ( 'NONE',  #1585 ) ;
#4111 = VERTEX_POINT ( 'NONE', #253 ) ;
#4112 = CARTESIAN_POINT ( 'NONE',  ( 1.242000000000003990, 1.472760000000000069, -1.229391041238737214 ) ) ;
#4113 = UNCERTAINTY_MEASURE_WITH_UNIT (LENGTH_MEASURE( 1.000000000000000082E-05 ), #308, 'distance_accuracy_value', 'NONE');
#4114 = LINE ( 'NONE', #2366, #3526 ) ;
#4115 = EDGE_LOOP ( 'NONE', ( #4345, #879, #831, #1366 ) ) ;
#4116 = VECTOR ( 'NONE', #1060, 1000.000000000000000 ) ;
#4117 = CARTESIAN_POINT ( 'NONE',  ( 0.7492451559485321377, 0.04450238832750074564, -1.510824399456671907 ) ) ;
#4118 = DIRECTION ( 'NONE',  ( 0.000000000000000000, 0.000000000000000000, -1.000000000000000000 ) ) ;
#4119 = ORIENTED_EDGE ( 'NONE', *, *, #1243, .F. ) ;
#4120 = SURFACE_SIDE_STYLE ('',( #4458 ) ) ;
#4121 = VECTOR ( 'NONE', #135, 1000.000000000000114 ) ;
#4122 = EDGE_CURVE ( 'NONE', #1834, #1158, #3453, .T. ) ;
#4123 = EDGE_CURVE ( 'NONE', #130, #180, #2681, .T. ) ;
#4124 = VECTOR ( 'NONE', #1344, 1000.000000000000000 ) ;
#4125 = PRESENTATION_STYLE_ASSIGNMENT (( #2063 ) ) ;
#4126 = SURFACE_STYLE_USAGE ( .BOTH. , #4165 ) ;
#4127 = AXIS2_PLACEMENT_3D ( 'NONE', #2850, #4249, #329 ) ;
#4128 = FILL_AREA_STYLE_COLOUR ( '', #3121 ) ;
#4129 = ADVANCED_FACE ( 'NONE', ( #232 ), #2800, .T. ) ;
#4130 = CARTESIAN_POINT ( 'NONE',  ( 1.550000000000000044, 1.435520000000000129, -0.03223999999999956761 ) ) ;
#4131 = EDGE_CURVE ( 'NONE', #1878, #2448, #3790, .T. ) ;
#4132 = CARTESIAN_POINT ( 'NONE',  ( 1.242000000000003990, 1.467759999999999954, -1.229391041238737214 ) ) ;
#4133 = VECTOR ( 'NONE', #1294, 1000.000000000000000 ) ;
#4134 = CARTESIAN_POINT ( 'NONE',  ( 1.057807669329675626, 1.472760000000000069, -1.148070826337084016 ) ) ;
#4135 = VECTOR ( 'NONE', #4058, 1000.000000000000000 ) ;
#4136 = EDGE_LOOP ( 'NONE', ( #3468, #1044, #3472, #146 ) ) ;
#4137 = CARTESIAN_POINT ( 'NONE',  ( 1.550000000000000044, 1.439096284275171111, -1.517759999999999998 ) ) ;
#4138 = ORIENTED_EDGE ( 'NONE', *, *, #3890, .T. ) ;
#4139 = CARTESIAN_POINT ( 'NONE',  ( 1.058134799085710620, 1.467759999999999954, -1.344628413949363610 ) ) ;
#4140 = PRESENTATION_STYLE_ASSIGNMENT (( #1322 ) ) ;
#4141 =( NAMED_UNIT ( * ) PLANE_ANGLE_UNIT ( ) SI_UNIT ( $, .RADIAN. ) );
#4142 = PLANE ( 'NONE',  #276 ) ;
#4143 = CYLINDRICAL_SURFACE ( 'NONE', #1230, 0.03224000000000000477 ) ;
#4144 = FILL_AREA_STYLE_COLOUR ( '', #2558 ) ;
#4145 = FILL_AREA_STYLE_COLOUR ( '', #1219 ) ;
#4146 =( LENGTH_UNIT ( ) NAMED_UNIT ( * ) SI_UNIT ( .MILLI., .METRE. ) );
#4147 = DIRECTION ( 'NONE',  ( 0.000000000000000000, 0.000000000000000000, 1.000000000000000000 ) ) ;
#4148 = DIRECTION ( 'NONE',  ( -0.000000000000000000, 0.000000000000000000, 1.000000000000000000 ) ) ;
#4149 = CARTESIAN_POINT ( 'NONE',  ( 1.582239999999999869, 1.467759999999999954, -1.517759999999999998 ) ) ;
#4150 = EDGE_CURVE ( 'NONE', #84, #981, #737, .T. ) ;
#4151 = EDGE_CURVE ( 'NONE', #1303, #2096, #2145, .T. ) ;
#4152 = LINE ( 'NONE', #3466, #2611 ) ;
#4153 = ORIENTED_EDGE ( 'NONE', *, *, #4455, .F. ) ;
#4154 = CARTESIAN_POINT ( 'NONE',  ( 1.551413880119462130, 1.458317122625454321, -1.508317122625454143 ) ) ;
#4155 = VERTEX_POINT ( 'NONE', #2074 ) ;
#4156 = DIRECTION ( 'NONE',  ( -1.000000000000000000, 0.000000000000000000, 0.000000000000000000 ) ) ;
#4157 = ORIENTED_EDGE ( 'NONE', *, *, #2355, .T. ) ;
#4158 = LINE ( 'NONE', #652, #3366 ) ;
#4159 = ORIENTED_EDGE ( 'NONE', *, *, #3845, .F. ) ;
#4160 = DIRECTION ( 'NONE',  ( 0.000000000000000000, -0.000000000000000000, -1.000000000000000000 ) ) ;
#4161 = CARTESIAN_POINT ( 'NONE',  ( 1.550008869355398167, 1.466838761776869449, -1.493881615621346137 ) ) ;
#4162 = FILL_AREA_STYLE ('',( #4144 ) ) ;
#4163 = FACE_OUTER_BOUND ( 'NONE', #2986, .T. ) ;
#4164 = VECTOR ( 'NONE', #3909, 1000.000000000000000 ) ;
#4165 = SURFACE_SIDE_STYLE ('',( #3778 ) ) ;
#4166 = AXIS2_PLACEMENT_3D ( 'NONE', #1103, #3509, #2156 ) ;
#4167 = FILL_AREA_STYLE ('',( #4128 ) ) ;
#4168 = UNCERTAINTY_MEASURE_WITH_UNIT (LENGTH_MEASURE( 1.000000000000000082E-05 ), #4438, 'distance_accuracy_value', 'NONE');
#4169 = CARTESIAN_POINT ( 'NONE',  ( 1.242000000000003990, 1.472760000000000069, -0.2585449659703213943 ) ) ;
#4170 = VECTOR ( 'NONE', #632, 1000.000000000000000 ) ;
#4171 = VECTOR ( 'NONE', #1067, 1000.000000000000000 ) ;
#4172 = ADVANCED_FACE ( 'NONE', ( #322 ), #1725, .F. ) ;
#4173 = EDGE_CURVE ( 'NONE', #3697, #3901, #4539, .T. ) ;
#4174 = ORIENTED_EDGE ( 'NONE', *, *, #3864, .T. ) ;
#4175 = PRESENTATION_LAYER_ASSIGNMENT (  '', '', ( #2410 ) ) ;
#4176 = LINE ( 'NONE', #3871, #1079 ) ;
#4177 = VERTEX_POINT ( 'NONE', #43 ) ;
#4178 = DIRECTION ( 'NONE',  ( 0.000000000000000000, 1.000000000000000000, 0.000000000000000000 ) ) ;
#4179 = EDGE_CURVE ( 'NONE', #2951, #4513, #2430, .T. ) ;
#4180 = UNCERTAINTY_MEASURE_WITH_UNIT (LENGTH_MEASURE( 1.000000000000000082E-05 ), #3095, 'distance_accuracy_value', 'NONE');
#4181 = ORIENTED_EDGE ( 'NONE', *, *, #3688, .T. ) ;
#4182 = LINE ( 'NONE', #3919, #496 ) ;
#4183 = CARTESIAN_POINT ( 'NONE',  ( 1.099889512155283189, 1.472760000000000069, -0.5438665490579562833 ) ) ;
#4184 = CARTESIAN_POINT ( 'NONE',  ( 1.242000000000003990, 1.472760000000000069, -0.3436703322758215551 ) ) ;
#4185 = PLANE ( 'NONE',  #717 ) ;
#4186 = PRESENTATION_LAYER_ASSIGNMENT (  '', '', ( #4401 ) ) ;
#4187 = SURFACE_STYLE_FILL_AREA ( #1668 ) ;
#4188 = CARTESIAN_POINT ( 'NONE',  ( 1.058129846205634106, 1.467759999999999954, -1.217345090345971270 ) ) ;
#4189 = PLANE ( 'NONE',  #3605 ) ;
#4190 = COLOUR_RGB ( '',0.7686274509803920907, 0.7686274509803920907, 0.7686274509803920907 ) ;
#4191 = LINE ( 'NONE', #3826, #847 ) ;
#4192 = ORIENTED_EDGE ( 'NONE', *, *, #940, .F. ) ;
#4193 = CARTESIAN_POINT ( 'NONE',  ( 0.7500000000000000000, 1.435520000000000129, -0.03223999999999956761 ) ) ;
#4194 = CIRCLE ( 'NONE', #3525, 0.03223999999999978272 ) ;
#4195 = VERTEX_POINT ( 'NONE', #1086 ) ;
#4196 = PRESENTATION_STYLE_ASSIGNMENT (( #318 ) ) ;
#4197 = SURFACE_STYLE_FILL_AREA ( #2091 ) ;
#4198 = ORIENTED_EDGE ( 'NONE', *, *, #3838, .T. ) ;
#4199 = VECTOR ( 'NONE', #1714, 1000.000000000000114 ) ;
#4200 = CARTESIAN_POINT ( 'NONE',  ( 1.142014311898065015, 1.472760000000000069, -0.6296376548220525837 ) ) ;
#4201 = EDGE_CURVE ( 'NONE', #2833, #1269, #4182, .T. ) ;
#4202 = EDGE_CURVE ( 'NONE', #2954, #1362, #758, .T. ) ;
#4203 = ORIENTED_EDGE ( 'NONE', *, *, #97, .F. ) ;
#4204 =( NAMED_UNIT ( * ) PLANE_ANGLE_UNIT ( ) SI_UNIT ( $, .RADIAN. ) );
#4205 = CARTESIAN_POINT ( 'NONE',  ( 1.242000000000003990, 1.472760000000000069, -0.2585449659703213943 ) ) ;
#4206 = CARTESIAN_POINT ( 'NONE',  ( 1.099897133544127215, 1.472760000000000069, -1.031316697909258950 ) ) ;
#4207 = CARTESIAN_POINT ( 'NONE',  ( 0.7177600000000000646, 1.467759999999999954, -1.517759999999999998 ) ) ;
#4208 = LINE ( 'NONE', #1479, #2769 ) ;
#4209 = FACE_OUTER_BOUND ( 'NONE', #1195, .T. ) ;
#4210 = CYLINDRICAL_SURFACE ( 'NONE', #700, 0.03224000000000000477 ) ;
#4211 = CARTESIAN_POINT ( 'NONE',  ( 1.198639842472818851, 1.472760000000000069, -1.003132803372474902 ) ) ;
#4212 = LINE ( 'NONE', #1120, #692 ) ;
#4213 = FACE_OUTER_BOUND ( 'NONE', #2138, .T. ) ;
#4214 = ORIENTED_EDGE ( 'NONE', *, *, #1361, .F. ) ;
#4215 = ORIENTED_EDGE ( 'NONE', *, *, #1692, .T. ) ;
#4216 = CARTESIAN_POINT ( 'NONE',  ( 1.550049459857656409, 1.465974859853070855, -0.05390081707645496406 ) ) ;
#4217 = CARTESIAN_POINT ( 'NONE',  ( 1.058134799085710620, 1.472760000000000069, -1.344628413949363610 ) ) ;
#4218 = LINE ( 'NONE', #3519, #578 ) ;
#4219 = PRODUCT_DEFINITION_CONTEXT ( 'detailed design', #2494, 'design' ) ;
#4220 =( BOUNDED_CURVE ( )  B_SPLINE_CURVE ( 3, ( #1064, #2821, #2450, #3523 ),
 .UNSPECIFIED., .F., .F. ) 
 B_SPLINE_CURVE_WITH_KNOTS ( ( 4, 4 ),
 ( 1.570796326794896558, 1.868047688116105221 ),
 .UNSPECIFIED. ) 
 CURVE ( )  GEOMETRIC_REPRESENTATION_ITEM ( )  RATIONAL_B_SPLINE_CURVE ( ( 1.000000000000000000, 0.9926503465430337458, 0.9926503465430337458, 1.000000000000000000 ) ) 
 REPRESENTATION_ITEM ( '' )  );
#4221 = DIRECTION ( 'NONE',  ( 0.000000000000000000, 1.000000000000000000, 0.000000000000000000 ) ) ;
#4222 =( NAMED_UNIT ( * ) PLANE_ANGLE_UNIT ( ) SI_UNIT ( $, .RADIAN. ) );
#4223 = EDGE_CURVE ( 'NONE', #2601, #1901, #3165, .T. ) ;
#4224 = ADVANCED_FACE ( 'NONE', ( #2490 ), #3152, .T. ) ;
#4225 = FACE_OUTER_BOUND ( 'NONE', #3232, .T. ) ;
#4226 =( NAMED_UNIT ( * ) SI_UNIT ( $, .STERADIAN. ) SOLID_ANGLE_UNIT ( ) );
#4227 = CARTESIAN_POINT ( 'NONE',  ( 0.7500000000000000000, 1.435520000000000129, -1.517759999999999998 ) ) ;
#4228 =( NAMED_UNIT ( * ) PLANE_ANGLE_UNIT ( ) SI_UNIT ( $, .RADIAN. ) );
#4229 = EDGE_CURVE ( 'NONE', #3490, #2161, #4218, .T. ) ;
#4230 = PRESENTATION_STYLE_ASSIGNMENT (( #2476 ) ) ;
#4231 = CYLINDRICAL_SURFACE ( 'NONE', #3048, 0.03224000000000000477 ) ;
#4232 = STYLED_ITEM ( 'NONE', ( #4352 ), #2287 ) ;
#4233 =( GEOMETRIC_REPRESENTATION_CONTEXT ( 3 ) GLOBAL_UNCERTAINTY_ASSIGNED_CONTEXT ( ( #1295 ) ) GLOBAL_UNIT_ASSIGNED_CONTEXT ( ( #1924, #3080, #1978 ) ) REPRESENTATION_CONTEXT ( 'NONE', 'WORKASPACE' ) );
#4234 = MECHANICAL_DESIGN_GEOMETRIC_PRESENTATION_REPRESENTATION (  '', ( #176 ), #4462 ) ;
#4235 = ORIENTED_EDGE ( 'NONE', *, *, #4455, .T. ) ;
#4236 = CARTESIAN_POINT ( 'NONE',  ( 0.7485861198805380257, 1.458317122625454543, -0.04168287737454549891 ) ) ;
#4237 =( GEOMETRIC_REPRESENTATION_CONTEXT ( 3 ) GLOBAL_UNCERTAINTY_ASSIGNED_CONTEXT ( ( #4180 ) ) GLOBAL_UNIT_ASSIGNED_CONTEXT ( ( #3095, #3439, #2738 ) ) REPRESENTATION_CONTEXT ( 'NONE', 'WORKASPACE' ) );
#4238 = DIRECTION ( 'NONE',  ( -0.000000000000000000, 1.000000000000000000, -0.000000000000000000 ) ) ;
#4239 = ORIENTED_EDGE ( 'NONE', *, *, #967, .T. ) ;
#4240 = CARTESIAN_POINT ( 'NONE',  ( 1.550270654266054926, 1.463022448610047377, -0.04728652062090009378 ) ) ;
#4241 = ORIENTED_EDGE ( 'NONE', *, *, #1742, .T. ) ;
#4242 = ORIENTED_EDGE ( 'NONE', *, *, #3372, .T. ) ;
#4243 = VECTOR ( 'NONE', #3207, 1000.000000000000000 ) ;
#4244 = AXIS2_PLACEMENT_3D ( 'NONE', #4020, #839, #2641 ) ;
#4245 = DIRECTION ( 'NONE',  ( -0.8958676361826827250, 0.000000000000000000, -0.4443210308329466618 ) ) ;
#4246 = COLOUR_RGB ( '',0.7686274509803920907, 0.7686274509803920907, 0.7686274509803920907 ) ;
#4247 = SURFACE_SIDE_STYLE ('',( #3241 ) ) ;
#4248 = EDGE_CURVE ( 'NONE', #2360, #3610, #3003, .T. ) ;
#4249 = DIRECTION ( 'NONE',  ( -0.2729786930695082825, 0.000000000000000000, 0.9620200793798762140 ) ) ;
#4250 = PRESENTATION_STYLE_ASSIGNMENT (( #2878 ) ) ;
#4251 = VECTOR ( 'NONE', #938, 1000.000000000000000 ) ;
#4252 = VECTOR ( 'NONE', #476, 1000.000000000000000 ) ;
#4253 = CARTESIAN_POINT ( 'NONE',  ( 2.299999999999999822, 0.000000000000000000, -0.03223999999999999783 ) ) ;
#4254 = EDGE_CURVE ( 'NONE', #1836, #1616, #3211, .T. ) ;
#4255 = SURFACE_STYLE_FILL_AREA ( #1503 ) ;
#4256 = EDGE_CURVE ( 'NONE', #1473, #1911, #3686, .T. ) ;
#4257 = VECTOR ( 'NONE', #1308, 1000.000000000000000 ) ;
#4258 = AXIS2_PLACEMENT_3D ( 'NONE', #2008, #4449, #979 ) ;
#4259 = AXIS2_PLACEMENT_3D ( 'NONE', #19, #2162, #1426 ) ;
#4260 = ORIENTED_EDGE ( 'NONE', *, *, #3756, .F. ) ;
#4261 =( NAMED_UNIT ( * ) SI_UNIT ( $, .STERADIAN. ) SOLID_ANGLE_UNIT ( ) );
#4262 = PLANE ( 'NONE',  #714 ) ;
#4263 = VERTEX_POINT ( 'NONE', #1900 ) ;
#4264 = VECTOR ( 'NONE', #3218, 1000.000000000000000 ) ;
#4265 = VERTEX_POINT ( 'NONE', #2904 ) ;
#4266 = CARTESIAN_POINT ( 'NONE',  ( 1.099897133544127215, 1.467759999999999954, -1.031316697909258950 ) ) ;
#4267 = B_SPLINE_CURVE_WITH_KNOTS ( 'NONE', 3,
 ( #4283, #1828, #3558, #2510, #402, #451, #1123, #1852, #3896, #4236 ),
 .UNSPECIFIED., .F., .F.,
 ( 4, 3, 3, 4 ),
 ( 0.000000000000000000, 1.072885282551946262E-05, 2.147986152936620416E-05, 2.526070755706047690E-05 ),
 .UNSPECIFIED. ) ;
#4268 = AXIS2_PLACEMENT_3D ( 'NONE', #2803, #3878, #3169 ) ;
#4269 = ORIENTED_EDGE ( 'NONE', *, *, #1268, .F. ) ;
#4270 = LINE ( 'NONE', #3454, #2801 ) ;
#4271 = FILL_AREA_STYLE_COLOUR ( '', #1238 ) ;
#4272 = CARTESIAN_POINT ( 'NONE',  ( 2.299999999999999822, 0.03223999999999999783, -1.517759999999999998 ) ) ;
#4273 = EDGE_LOOP ( 'NONE', ( #4515, #977, #3740, #803 ) ) ;
#4274 = DIRECTION ( 'NONE',  ( 1.000000000000000000, 0.000000000000000000, -0.000000000000000000 ) ) ;
#4275 = SPHERICAL_SURFACE ( 'NONE', #4306, 0.03223999999999999783 ) ;
#4276 = SURFACE_STYLE_FILL_AREA ( #1402 ) ;
#4277 = CARTESIAN_POINT ( 'NONE',  ( 0.7500000000000000000, 0.000000000000000000, -1.517759999999999998 ) ) ;
#4278 = CARTESIAN_POINT ( 'NONE',  ( 1.198639842472818851, 1.467759999999999954, -1.110396224602928417 ) ) ;
#4279 = DIRECTION ( 'NONE',  ( 0.000000000000000000, 0.000000000000000000, -1.000000000000000000 ) ) ;
#4280 = EDGE_CURVE ( 'NONE', #3611, #1323, #92, .T. ) ;
#4281 = EDGE_CURVE ( 'NONE', #1616, #2514, #1556, .T. ) ;
#4282 = VERTEX_POINT ( 'NONE', #2530 ) ;
#4283 = CARTESIAN_POINT ( 'NONE',  ( 0.7500000000000000000, 1.435520000000000129, -0.03223999999999956761 ) ) ;
#4284 = DIRECTION ( 'NONE',  ( 0.000000000000000000, 0.000000000000000000, 1.000000000000000000 ) ) ;
#4285 = ORIENTED_EDGE ( 'NONE', *, *, #3193, .F. ) ;
#4286 = ORIENTED_EDGE ( 'NONE', *, *, #3840, .T. ) ;
#4287 = DIRECTION ( 'NONE',  ( -1.000000000000000000, 0.000000000000000000, 0.000000000000000000 ) ) ;
#4288 = ORIENTED_EDGE ( 'NONE', *, *, #1046, .F. ) ;
#4289 = ORIENTED_EDGE ( 'NONE', *, *, #501, .F. ) ;
#4290 = SPHERICAL_SURFACE ( 'NONE', #3969, 0.03223999999999999783 ) ;
#4291 = CARTESIAN_POINT ( 'NONE',  ( 0.7177600000000000646, 1.467759999999999954, -1.550000000000000044 ) ) ;
#4292 = UNCERTAINTY_MEASURE_WITH_UNIT (LENGTH_MEASURE( 1.000000000000000082E-05 ), #3528, 'distance_accuracy_value', 'NONE');
#4293 = CARTESIAN_POINT ( 'NONE',  ( 1.198639842472818851, 1.472760000000000069, -1.110396224602928417 ) ) ;
#4294 = ORIENTED_EDGE ( 'NONE', *, *, #1938, .T. ) ;
#4295 = PRESENTATION_STYLE_ASSIGNMENT (( #2271 ) ) ;
#4296 = DIRECTION ( 'NONE',  ( 0.000000000000000000, 0.000000000000000000, -1.000000000000000000 ) ) ;
#4297 = CARTESIAN_POINT ( 'NONE',  ( 1.014132956314515166, 1.472760000000000069, -0.3931040437378230390 ) ) ;
#4298 = LINE ( 'NONE', #3950, #1867 ) ;
#4299 = FACE_OUTER_BOUND ( 'NONE', #2170, .T. ) ;
#4300 = PRESENTATION_STYLE_ASSIGNMENT (( #1167 ) ) ;
#4301 = CIRCLE ( 'NONE', #2327, 0.03224000000000000477 ) ;
#4302 = CARTESIAN_POINT ( 'NONE',  ( 0.03223999999999978272, 0.03223999999999999783, -1.550000000000000044 ) ) ;
#4303 = EDGE_CURVE ( 'NONE', #2954, #175, #804, .T. ) ;
#4304 = MECHANICAL_DESIGN_GEOMETRIC_PRESENTATION_REPRESENTATION (  '', ( #1429 ), #4461 ) ;
#4305 = EDGE_CURVE ( 'NONE', #40, #84, #3252, .T. ) ;
#4306 = AXIS2_PLACEMENT_3D ( 'NONE', #11, #766, #1421 ) ;
#4307 = ORIENTED_EDGE ( 'NONE', *, *, #80, .F. ) ;
#4308 = ORIENTED_EDGE ( 'NONE', *, *, #4512, .F. ) ;
#4309 = DIRECTION ( 'NONE',  ( -1.000000000000000000, -0.000000000000000000, -0.000000000000000000 ) ) ;
#4310 = PRESENTATION_LAYER_ASSIGNMENT (  '', '', ( #1871 ) ) ;
#4311 = VECTOR ( 'NONE', #838, 1000.000000000000000 ) ;
#4312 = ORIENTED_EDGE ( 'NONE', *, *, #4151, .F. ) ;
#4313 = ORIENTED_EDGE ( 'NONE', *, *, #3658, .T. ) ;
#4314 = FILL_AREA_STYLE_COLOUR ( '', #3010 ) ;
#4315 = CARTESIAN_POINT ( 'NONE',  ( 1.242000000000003990, 1.472760000000000069, -0.8406046158351553332 ) ) ;
#4316 = VECTOR ( 'NONE', #3765, 1000.000000000000000 ) ;
#4317 = CARTESIAN_POINT ( 'NONE',  ( 0.7493022023245742291, 0.04402051688723414291, -0.03934523786185680633 ) ) ;
#4318 = ORIENTED_EDGE ( 'NONE', *, *, #2453, .T. ) ;
#4319 = PRESENTATION_LAYER_ASSIGNMENT (  '', '', ( #3131 ) ) ;
#4320 = CARTESIAN_POINT ( 'NONE',  ( 0.7488563999109631997, 0.04080055260407685486, -0.04256520214486395060 ) ) ;
#4321 = SURFACE_SIDE_STYLE ('',( #2915 ) ) ;
#4322 = CARTESIAN_POINT ( 'NONE',  ( 1.242000000000003990, 1.472760000000000069, -1.229391041238737214 ) ) ;
#4323 = CARTESIAN_POINT ( 'NONE',  ( 2.299999999999999822, 0.000000000000000000, -0.03223999999999999783 ) ) ;
#4324 = LINE ( 'NONE', #3622, #269 ) ;
#4325 = LINE ( 'NONE', #2897, #4007 ) ;
#4326 =( NAMED_UNIT ( * ) PLANE_ANGLE_UNIT ( ) SI_UNIT ( $, .RADIAN. ) );
#4327 = CARTESIAN_POINT ( 'NONE',  ( 2.267759999999999998, 0.03223999999999999783, 0.000000000000000000 ) ) ;
#4328 = VECTOR ( 'NONE', #1205, 1000.000000000000000 ) ;
#4329 = PRESENTATION_LAYER_ASSIGNMENT (  '', '', ( #1523 ) ) ;
#4330 = VECTOR ( 'NONE', #535, 1000.000000000000000 ) ;
#4331 = VECTOR ( 'NONE', #235, 1000.000000000000000 ) ;
#4332 = ORIENTED_EDGE ( 'NONE', *, *, #220, .T. ) ;
#4333 = VECTOR ( 'NONE', #4309, 1000.000000000000000 ) ;
#4334 = ORIENTED_EDGE ( 'NONE', *, *, #4531, .F. ) ;
#4335 = ORIENTED_EDGE ( 'NONE', *, *, #1075, .T. ) ;
#4336 = DIRECTION ( 'NONE',  ( -1.000000000000000000, -0.000000000000000000, -0.000000000000000000 ) ) ;
#4337 = MECHANICAL_DESIGN_GEOMETRIC_PRESENTATION_REPRESENTATION (  '', ( #583 ), #2569 ) ;
#4338 = ORIENTED_EDGE ( 'NONE', *, *, #2930, .F. ) ;
#4339 = EDGE_LOOP ( 'NONE', ( #519, #2059, #3562 ) ) ;
#4340 = CARTESIAN_POINT ( 'NONE',  ( 0.7177600000000000646, 0.03223999999999999783, -0.03224000000000000477 ) ) ;
#4341 = AXIS2_PLACEMENT_3D ( 'NONE', #4448, #228, #4428 ) ;
#4342 = EDGE_CURVE ( 'NONE', #321, #599, #3662, .T. ) ;
#4343 = CARTESIAN_POINT ( 'NONE',  ( 1.242000000000003990, 1.467759999999999954, -0.3436703322758215551 ) ) ;
#4344 = ADVANCED_FACE ( 'NONE', ( #3304 ), #2926, .T. ) ;
#4345 = ORIENTED_EDGE ( 'NONE', *, *, #3193, .T. ) ;
#4346 = CARTESIAN_POINT ( 'NONE',  ( 2.299999999999999822, 1.500000000000000000, -0.03223999999999999783 ) ) ;
#4347 =( GEOMETRIC_REPRESENTATION_CONTEXT ( 3 ) GLOBAL_UNCERTAINTY_ASSIGNED_CONTEXT ( ( #1931 ) ) GLOBAL_UNIT_ASSIGNED_CONTEXT ( ( #3148, #2424, #3810 ) ) REPRESENTATION_CONTEXT ( 'NONE', 'WORKASPACE' ) );
#4348 = CARTESIAN_POINT ( 'NONE',  ( 2.299999999999999822, 0.03223999999999999783, -1.517759999999999998 ) ) ;
#4349 = CARTESIAN_POINT ( 'NONE',  ( 1.551413880119462130, 0.04168287737454571401, -1.508317122625454143 ) ) ;
#4350 = DIRECTION ( 'NONE',  ( 0.000000000000000000, 0.000000000000000000, -1.000000000000000000 ) ) ;
#4351 = FILL_AREA_STYLE ('',( #514 ) ) ;
#4352 = PRESENTATION_STYLE_ASSIGNMENT (( #116 ) ) ;
#4353 =( NAMED_UNIT ( * ) PLANE_ANGLE_UNIT ( ) SI_UNIT ( $, .RADIAN. ) );
#4354 = EDGE_LOOP ( 'NONE', ( #920, #2889, #1448, #3168, #3263, #1176, #2121, #2265 ) ) ;
#4355 = DIRECTION ( 'NONE',  ( -0.000000000000000000, -0.000000000000000000, 1.000000000000000000 ) ) ;
#4356 = ORIENTED_EDGE ( 'NONE', *, *, #1356, .F. ) ;
#4357 = LINE ( 'NONE', #826, #3054 ) ;
#4358 = ORIENTED_EDGE ( 'NONE', *, *, #80, .T. ) ;
#4359 = CARTESIAN_POINT ( 'NONE',  ( 0.7177600000000000646, 1.500000000000000000, -1.517759999999999998 ) ) ;
#4360 = SURFACE_SIDE_STYLE ('',( #1955 ) ) ;
#4361 = ORIENTED_EDGE ( 'NONE', *, *, #2480, .F. ) ;
#4362 = CARTESIAN_POINT ( 'NONE',  ( 0.7496386876498465357, 0.04682218933668124555, -0.03729484245918505275 ) ) ;
#4363 = EDGE_LOOP ( 'NONE', ( #884, #63, #434, #4403 ) ) ;
#4364 = DIRECTION ( 'NONE',  ( 0.000000000000000000, 0.000000000000000000, 1.000000000000000000 ) ) ;
#4365 = FILL_AREA_STYLE ('',( #1546 ) ) ;
#4366 =( LENGTH_UNIT ( ) NAMED_UNIT ( * ) SI_UNIT ( .MILLI., .METRE. ) );
#4367 = ADVANCED_FACE ( 'NONE', ( #1126 ), #3591, .F. ) ;
#4368 = FACE_OUTER_BOUND ( 'NONE', #2552, .T. ) ;
#4369 = ADVANCED_FACE ( 'NONE', ( #3734 ), #3400, .T. ) ;
#4370 =( NAMED_UNIT ( * ) SI_UNIT ( $, .STERADIAN. ) SOLID_ANGLE_UNIT ( ) );
#4371 = DIRECTION ( 'NONE',  ( 0.9610348236706638403, 0.000000000000000000, 0.2764273280489756290 ) ) ;
#4372 = SURFACE_STYLE_FILL_AREA ( #490 ) ;
#4373 = CARTESIAN_POINT ( 'NONE',  ( 1.582239999999999869, 1.467759999999999954, 0.000000000000000000 ) ) ;
#4374 = FILL_AREA_STYLE ('',( #4395 ) ) ;
#4375 = EDGE_CURVE ( 'NONE', #88, #3178, #1605, .T. ) ;
#4376 = CARTESIAN_POINT ( 'NONE',  ( 1.014132956314515166, 1.467759999999999954, -0.2592350482359317976 ) ) ;
#4377 = ORIENTED_EDGE ( 'NONE', *, *, #20, .T. ) ;
#4378 = DIRECTION ( 'NONE',  ( 0.000000000000000000, 0.000000000000000000, -1.000000000000000000 ) ) ;
#4379 = ORIENTED_EDGE ( 'NONE', *, *, #2817, .T. ) ;
#4380 = SPHERICAL_SURFACE ( 'NONE', #337, 0.03223999999999999783 ) ;
#4381 = COLOUR_RGB ( '',0.7686274509803920907, 0.7686274509803920907, 0.7686274509803920907 ) ;
#4382 = ORIENTED_EDGE ( 'NONE', *, *, #4150, .F. ) ;
#4383 = SURFACE_STYLE_USAGE ( .BOTH. , #3236 ) ;
#4384 = PRESENTATION_LAYER_ASSIGNMENT (  '', '', ( #3644 ) ) ;
#4385 = ORIENTED_EDGE ( 'NONE', *, *, #2673, .T. ) ;
#4386 = ORIENTED_EDGE ( 'NONE', *, *, #2676, .F. ) ;
#4387 = ORIENTED_EDGE ( 'NONE', *, *, #4557, .F. ) ;
#4388 = CARTESIAN_POINT ( 'NONE',  ( 1.014132956314515166, 1.467759999999999954, -0.9640226091935145680 ) ) ;
#4389 = MECHANICAL_DESIGN_GEOMETRIC_PRESENTATION_REPRESENTATION (  '', ( #183 ), #1580 ) ;
#4390 = MECHANICAL_DESIGN_GEOMETRIC_PRESENTATION_REPRESENTATION (  '', ( #1946 ), #2916 ) ;
#4391 = FACE_OUTER_BOUND ( 'NONE', #4136, .T. ) ;
#4392 = DIRECTION ( 'NONE',  ( 0.000000000000000000, 0.000000000000000000, 1.000000000000000000 ) ) ;
#4393 = SURFACE_SIDE_STYLE ('',( #1191 ) ) ;
#4394 =( NAMED_UNIT ( * ) SI_UNIT ( $, .STERADIAN. ) SOLID_ANGLE_UNIT ( ) );
#4395 = FILL_AREA_STYLE_COLOUR ( '', #2064 ) ;
#4396 = VECTOR ( 'NONE', #3383, 1000.000000000000000 ) ;
#4397 = ADVANCED_FACE ( 'NONE', ( #4471 ), #2697, .T. ) ;
#4398 = EDGE_CURVE ( 'NONE', #1382, #3766, #3424, .T. ) ;
#4399 = DIRECTION ( 'NONE',  ( 0.000000000000000000, 0.000000000000000000, 1.000000000000000000 ) ) ;
#4400 = CIRCLE ( 'NONE', #1450, 0.03223999999999999783 ) ;
#4401 = STYLED_ITEM ( 'NONE', ( #2935 ), #3954 ) ;
#4402 = CARTESIAN_POINT ( 'NONE',  ( 2.267759999999999998, 1.467759999999999954, -0.03223999999999999783 ) ) ;
#4403 = ORIENTED_EDGE ( 'NONE', *, *, #2285, .F. ) ;
#4404 = AXIS2_PLACEMENT_3D ( 'NONE', #4291, #1048, #1130 ) ;
#4405 = CARTESIAN_POINT ( 'NONE',  ( 1.058134799085710620, 1.472760000000000069, -1.344628413949363610 ) ) ;
#4406 = ORIENTED_EDGE ( 'NONE', *, *, #4375, .T. ) ;
#4407 = CARTESIAN_POINT ( 'NONE',  ( 1.242000000000003990, 1.472760000000000069, -1.164480368551513267 ) ) ;
#4408 = VECTOR ( 'NONE', #3970, 1000.000000000000000 ) ;
#4409 = CARTESIAN_POINT ( 'NONE',  ( 2.267759999999999998, 0.03223999999999999783, -1.550000000000000044 ) ) ;
#4410 = COLOUR_RGB ( '',0.6470588235294117974, 0.5176470588235293491, 0.000000000000000000 ) ;
#4411 = VERTEX_POINT ( 'NONE', #3579 ) ;
#4412 = DIRECTION ( 'NONE',  ( 1.000000000000000000, -0.000000000000000000, -0.000000000000000000 ) ) ;
#4413 = SURFACE_STYLE_USAGE ( .BOTH. , #3363 ) ;
#4414 = FILL_AREA_STYLE ('',( #1496 ) ) ;
#4415 = VECTOR ( 'NONE', #2035, 1000.000000000000000 ) ;
#4416 = CARTESIAN_POINT ( 'NONE',  ( 1.057807669329675626, 1.472760000000000069, -1.148070826337084016 ) ) ;
#4417 = AXIS2_PLACEMENT_3D ( 'NONE', #2834, #1084, #2487 ) ;
#4418 =( NAMED_UNIT ( * ) PLANE_ANGLE_UNIT ( ) SI_UNIT ( $, .RADIAN. ) );
#4419 = CARTESIAN_POINT ( 'NONE',  ( 1.014132956314515166, 1.472760000000000069, -1.357273782712564048 ) ) ;
#4420 = CARTESIAN_POINT ( 'NONE',  ( 0.7493022023245742291, 1.460654762138143159, -0.04402051688723419842 ) ) ;
#4421 = AXIS2_PLACEMENT_3D ( 'NONE', #4149, #1285, #265 ) ;
#4422 = CARTESIAN_POINT ( 'NONE',  ( 1.057807669329675626, 1.472760000000000069, -1.148070826337084016 ) ) ;
#4423 = EDGE_CURVE ( 'NONE', #39, #1637, #3606, .T. ) ;
#4424 = EDGE_CURVE ( 'NONE', #2384, #4177, #2132, .T. ) ;
#4425 = FILL_AREA_STYLE ('',( #3708 ) ) ;
#4426 = CARTESIAN_POINT ( 'NONE',  ( 0.7485861198805379146, 0.04168287737454571401, -1.508317122625454143 ) ) ;
#4427 = ORIENTED_EDGE ( 'NONE', *, *, #967, .F. ) ;
#4428 = DIRECTION ( 'NONE',  ( 1.000000000000000000, 0.000000000000000000, 0.000000000000000000 ) ) ;
#4429 = FACE_OUTER_BOUND ( 'NONE', #1857, .T. ) ;
#4430 = VERTEX_POINT ( 'NONE', #2048 ) ;
#4431 = DIRECTION ( 'NONE',  ( -0.2793947940878393488, 0.000000000000000000, 0.9601763114327566129 ) ) ;
#4432 = UNCERTAINTY_MEASURE_WITH_UNIT (LENGTH_MEASURE( 1.000000000000000082E-05 ), #3230, 'distance_accuracy_value', 'NONE');
#4433 = SURFACE_STYLE_USAGE ( .BOTH. , #2343 ) ;
#4434 = CARTESIAN_POINT ( 'NONE',  ( 1.058129846206199876, 1.472760000000000069, -1.282240520256154648 ) ) ;
#4435 = PRESENTATION_STYLE_ASSIGNMENT (( #3066 ) ) ;
#4436 = CYLINDRICAL_SURFACE ( 'NONE', #3585, 0.03224000000000000477 ) ;
#4437 =( LENGTH_UNIT ( ) NAMED_UNIT ( * ) SI_UNIT ( .MILLI., .METRE. ) );
#4438 =( LENGTH_UNIT ( ) NAMED_UNIT ( * ) SI_UNIT ( .MILLI., .METRE. ) );
#4439 = CARTESIAN_POINT ( 'NONE',  ( 0.7500000000000514033, 1.467760000000002840, -0.06279753865652884515 ) ) ;
#4440 = DIRECTION ( 'NONE',  ( 1.000000000000000000, 0.000000000000000000, 0.000000000000000000 ) ) ;
#4441 = CARTESIAN_POINT ( 'NONE',  ( 0.03223999999999978272, 0.000000000000000000, -1.517759999999999998 ) ) ;
#4442 = PRESENTATION_STYLE_ASSIGNMENT (( #2964 ) ) ;
#4443 = ORIENTED_EDGE ( 'NONE', *, *, #2204, .T. ) ;
#4444 = EDGE_CURVE ( 'NONE', #3636, #1834, #4325, .T. ) ;
#4445 = LINE ( 'NONE', #4080, #3268 ) ;
#4446 = EDGE_CURVE ( 'NONE', #3856, #4282, #3532, .T. ) ;
#4447 = ORIENTED_EDGE ( 'NONE', *, *, #3916, .F. ) ;
#4448 = CARTESIAN_POINT ( 'NONE',  ( 0.03223999999999978272, 1.467759999999999954, -0.03223999999999999783 ) ) ;
#4449 = DIRECTION ( 'NONE',  ( -0.000000000000000000, -1.000000000000000000, -0.000000000000000000 ) ) ;
#4450 = ORIENTED_EDGE ( 'NONE', *, *, #3457, .F. ) ;
#4451 = ORIENTED_EDGE ( 'NONE', *, *, #4179, .F. ) ;
#4452 = DIRECTION ( 'NONE',  ( -1.000000000000000000, 0.000000000000000000, 0.000000000000000000 ) ) ;
#4453 = VECTOR ( 'NONE', #2229, 1000.000000000000000 ) ;
#4454 = EDGE_CURVE ( 'NONE', #2672, #3922, #2504, .T. ) ;
#4455 = EDGE_CURVE ( 'NONE', #2533, #3666, #3927, .T. ) ;
#4456 = EDGE_LOOP ( 'NONE', ( #1883, #520, #2031, #675, #440, #4517, #736, #3918 ) ) ;
#4457 =( NAMED_UNIT ( * ) SI_UNIT ( $, .STERADIAN. ) SOLID_ANGLE_UNIT ( ) );
#4458 = SURFACE_STYLE_FILL_AREA ( #3042 ) ;
#4459 = CARTESIAN_POINT ( 'NONE',  ( 1.242000000000003990, 1.467759999999999954, -0.4130027959786720659 ) ) ;
#4460 = SURFACE_STYLE_FILL_AREA ( #2664 ) ;
#4461 =( GEOMETRIC_REPRESENTATION_CONTEXT ( 3 ) GLOBAL_UNCERTAINTY_ASSIGNED_CONTEXT ( ( #1452 ) ) GLOBAL_UNIT_ASSIGNED_CONTEXT ( ( #3353, #3763, #2725 ) ) REPRESENTATION_CONTEXT ( 'NONE', 'WORKASPACE' ) );
#4462 =( GEOMETRIC_REPRESENTATION_CONTEXT ( 3 ) GLOBAL_UNCERTAINTY_ASSIGNED_CONTEXT ( ( #3106 ) ) GLOBAL_UNIT_ASSIGNED_CONTEXT ( ( #1192, #3705, #2302 ) ) REPRESENTATION_CONTEXT ( 'NONE', 'WORKASPACE' ) );
#4463 = PRODUCT ( 'CCS_CCSTD_0805_L2.3W1.55T1.5S0.6B0.75', 'CCS_CCSTD_0805_L2.3W1.55T1.5S0.6B0.75', '', ( #3977 ) ) ;
#4464 = DIRECTION ( 'NONE',  ( -7.938847109757215918E-05, 0.000000000000000000, 0.9999999968487351953 ) ) ;
#4465 = CARTESIAN_POINT ( 'NONE',  ( 1.242000000000003990, 1.467759999999999954, -0.4130027959786720659 ) ) ;
#4466 = VECTOR ( 'NONE', #4371, 1000.000000000000114 ) ;
#4467 = SURFACE_SIDE_STYLE ('',( #2376 ) ) ;
#4468 = CARTESIAN_POINT ( 'NONE',  ( 1.058129846206199876, 1.472760000000000069, -1.282240520256154648 ) ) ;
#4469 = DIRECTION ( 'NONE',  ( -1.000000000000000000, 0.000000000000000000, -0.000000000000000000 ) ) ;
#4470 = VECTOR ( 'NONE', #3707, 1000.000000000000000 ) ;
#4471 = FACE_OUTER_BOUND ( 'NONE', #4456, .T. ) ;
#4472 = ORIENTED_EDGE ( 'NONE', *, *, #3340, .F. ) ;
#4473 = CARTESIAN_POINT ( 'NONE',  ( 0.7496386876498465357, 0.03729484245918527480, -1.503177810663318459 ) ) ;
#4474 = AXIS2_PLACEMENT_3D ( 'NONE', #3021, #4431, #581 ) ;
#4475 = ORIENTED_EDGE ( 'NONE', *, *, #2252, .T. ) ;
#4476 = LINE ( 'NONE', #2702, #2128 ) ;
#4477 = UNCERTAINTY_MEASURE_WITH_UNIT (LENGTH_MEASURE( 1.000000000000000082E-05 ), #161, 'distance_accuracy_value', 'NONE');
#4478 = SURFACE_SIDE_STYLE ('',( #3059 ) ) ;
#4479 = EDGE_LOOP ( 'NONE', ( #368, #208, #3087 ) ) ;
#4480 = ORIENTED_EDGE ( 'NONE', *, *, #2712, .T. ) ;
#4481 =( GEOMETRIC_REPRESENTATION_CONTEXT ( 3 ) GLOBAL_UNCERTAINTY_ASSIGNED_CONTEXT ( ( #2365 ) ) GLOBAL_UNIT_ASSIGNED_CONTEXT ( ( #2291, #151, #528 ) ) REPRESENTATION_CONTEXT ( 'NONE', 'WORKASPACE' ) );
#4482 = VERTEX_POINT ( 'NONE', #58 ) ;
#4483 = LINE ( 'NONE', #282, #776 ) ;
#4484 = CARTESIAN_POINT ( 'NONE',  ( 2.299999999999999822, 0.03223999999999999783, -0.03223999999999999783 ) ) ;
#4485 = MECHANICAL_DESIGN_GEOMETRIC_PRESENTATION_REPRESENTATION (  '', ( #285 ), #1096 ) ;
#4486 = EDGE_CURVE ( 'NONE', #2514, #4040, #1844, .T. ) ;
#4487 = EDGE_CURVE ( 'NONE', #713, #1910, #768, .T. ) ;
#4488 = VECTOR ( 'NONE', #1194, 1000.000000000000000 ) ;
#4489 = LINE ( 'NONE', #3794, #3286 ) ;
#4490 = PRESENTATION_STYLE_ASSIGNMENT (( #1233 ) ) ;
#4491 =( NAMED_UNIT ( * ) SI_UNIT ( $, .STERADIAN. ) SOLID_ANGLE_UNIT ( ) );
#4492 = SURFACE_SIDE_STYLE ('',( #2082 ) ) ;
#4493 = PLANE ( 'NONE',  #219 ) ;
#4494 = STYLED_ITEM ( 'NONE', ( #1907 ), #2825 ) ;
#4495 = LINE ( 'NONE', #2000, #2922 ) ;
#4496 = UNCERTAINTY_MEASURE_WITH_UNIT (LENGTH_MEASURE( 1.000000000000000082E-05 ), #2217, 'distance_accuracy_value', 'NONE');
#4497 = ORIENTED_EDGE ( 'NONE', *, *, #1999, .F. ) ;
#4498 = CARTESIAN_POINT ( 'NONE',  ( 1.550754844051468018, 1.455497611672499358, -1.510824399456671685 ) ) ;
#4499 = EDGE_LOOP ( 'NONE', ( #2658, #379, #1789 ) ) ;
#4500 = VERTEX_POINT ( 'NONE', #376 ) ;
#4501 = SURFACE_SIDE_STYLE ('',( #1957 ) ) ;
#4502 = LINE ( 'NONE', #3023, #427 ) ;
#4503 = DIRECTION ( 'NONE',  ( -0.7145695586381775044, 0.000000000000000000, 0.6995643972270459976 ) ) ;
#4504 = CARTESIAN_POINT ( 'NONE',  ( 1.242000000000003990, 1.472760000000000069, -0.4130027959786720659 ) ) ;
#4505 = CARTESIAN_POINT ( 'NONE',  ( 1.014132956314515166, 1.472760000000000069, -0.7921057084777192170 ) ) ;
#4506 = ADVANCED_FACE ( 'NONE', ( #1422 ), #2178, .F. ) ;
#4507 =( NAMED_UNIT ( * ) PLANE_ANGLE_UNIT ( ) SI_UNIT ( $, .RADIAN. ) );
#4508 = EDGE_CURVE ( 'NONE', #3856, #321, #3720, .T. ) ;
#4509 = CARTESIAN_POINT ( 'NONE',  ( 1.582239999999999869, 0.03223999999999999783, -1.550000000000000044 ) ) ;
#4510 = CARTESIAN_POINT ( 'NONE',  ( 1.242000000000003990, 1.467759999999999954, -0.7915325740813675681 ) ) ;
#4511 = DIRECTION ( 'NONE',  ( -0.000000000000000000, -0.000000000000000000, -1.000000000000000000 ) ) ;
#4512 = EDGE_CURVE ( 'NONE', #168, #3399, #29, .T. ) ;
#4513 = VERTEX_POINT ( 'NONE', #3555 ) ;
#4514 = SURFACE_STYLE_USAGE ( .BOTH. , #3105 ) ;
#4515 = ORIENTED_EDGE ( 'NONE', *, *, #3513, .T. ) ;
#4516 = SURFACE_STYLE_USAGE ( .BOTH. , #2751 ) ;
#4517 = ORIENTED_EDGE ( 'NONE', *, *, #159, .T. ) ;
#4518 = ORIENTED_EDGE ( 'NONE', *, *, #3247, .T. ) ;
#4519 = CARTESIAN_POINT ( 'NONE',  ( 0.7177600000000000646, 1.467759999999999954, -1.550000000000000044 ) ) ;
#4520 = AXIS2_PLACEMENT_3D ( 'NONE', #3556, #2109, #797 ) ;
#4521 = CARTESIAN_POINT ( 'NONE',  ( 1.014132956314515166, 1.467759999999999954, -0.9914748506207977652 ) ) ;
#4522 = DIRECTION ( 'NONE',  ( -0.3725077383644825324, 0.000000000000000000, -0.9280290862136694185 ) ) ;
#4523 = DIRECTION ( 'NONE',  ( 0.000000000000000000, 0.000000000000000000, -1.000000000000000000 ) ) ;
#4524 = STYLED_ITEM ( 'NONE', ( #1969 ), #695 ) ;
#4525 = CARTESIAN_POINT ( 'NONE',  ( 1.582239999999999869, 1.500000000000000000, -0.03224000000000000477 ) ) ;
#4526 = UNCERTAINTY_MEASURE_WITH_UNIT (LENGTH_MEASURE( 1.000000000000000082E-05 ), #1460, 'distance_accuracy_value', 'NONE');
#4527 = VECTOR ( 'NONE', #4412, 1000.000000000000000 ) ;
#4528 = CIRCLE ( 'NONE', #473, 0.03223999999999999783 ) ;
#4529 = DIRECTION ( 'NONE',  ( 0.9985542843760948362, 0.000000000000000000, 0.05375259206908061110 ) ) ;
#4530 = PRESENTATION_LAYER_ASSIGNMENT (  '', '', ( #1949 ) ) ;
#4531 = EDGE_CURVE ( 'NONE', #2384, #4265, #3488, .T. ) ;
#4532 = EDGE_CURVE ( 'NONE', #3402, #1269, #4298, .T. ) ;
#4533 = ORIENTED_EDGE ( 'NONE', *, *, #729, .T. ) ;
#4534 = AXIS2_PLACEMENT_3D ( 'NONE', #3202, #727, #4279 ) ;
#4535 = DIRECTION ( 'NONE',  ( -0.9601763114346048011, 0.000000000000000000, -0.2793947940814874298 ) ) ;
#4536 = ORIENTED_EDGE ( 'NONE', *, *, #2313, .T. ) ;
#4537 = DIRECTION ( 'NONE',  ( 0.000000000000000000, 0.000000000000000000, 1.000000000000000000 ) ) ;
#4538 = FACE_OUTER_BOUND ( 'NONE', #1193, .T. ) ;
#4539 = LINE ( 'NONE', #2093, #3751 ) ;
#4540 = DIRECTION ( 'NONE',  ( 0.000000000000000000, -0.000000000000000000, 1.000000000000000000 ) ) ;
#4541 = STYLED_ITEM ( 'NONE', ( #1204 ), #3458 ) ;
#4542 = FACE_OUTER_BOUND ( 'NONE', #3584, .T. ) ;
#4543 = VECTOR ( 'NONE', #863, 1000.000000000000114 ) ;
#4544 = CARTESIAN_POINT ( 'NONE',  ( 2.267759999999999998, 1.467759999999999954, -1.517759999999999998 ) ) ;
#4545 = DIRECTION ( 'NONE',  ( -0.9620200793798762140, 0.000000000000000000, -0.2729786930695082825 ) ) ;
#4546 = STYLED_ITEM ( 'NONE', ( #2994 ), #495 ) ;
#4547 = CARTESIAN_POINT ( 'NONE',  ( 1.142014311898542189, 1.472760000000000069, -1.019298461156342261 ) ) ;
#4548 = VECTOR ( 'NONE', #3473, 1000.000000000000114 ) ;
#4549 = MECHANICAL_DESIGN_GEOMETRIC_PRESENTATION_REPRESENTATION (  '', ( #2359 ), #726 ) ;
#4550 = DIRECTION ( 'NONE',  ( -1.000000000000000000, 0.000000000000000000, 0.000000000000000000 ) ) ;
#4551 = UNCERTAINTY_MEASURE_WITH_UNIT (LENGTH_MEASURE( 1.000000000000000082E-05 ), #1010, 'distance_accuracy_value', 'NONE');
#4552 = AXIS2_PLACEMENT_3D ( 'NONE', #624, #978, #1271 ) ;
#4553 = FILL_AREA_STYLE ('',( #3146 ) ) ;
#4554 = STYLED_ITEM ( 'NONE', ( #1409 ), #3013 ) ;
#4555 = ADVANCED_FACE ( 'NONE', ( #2298 ), #1595, .F. ) ;
#4556 = EDGE_LOOP ( 'NONE', ( #2292, #3913, #2234 ) ) ;
#4557 = EDGE_CURVE ( 'NONE', #713, #2531, #4044, .T. ) ;
#4558 = CARTESIAN_POINT ( 'NONE',  ( 0.03223999999999978272, 1.500000000000000000, 0.000000000000000000 ) ) ;
ENDSEC;
END-ISO-10303-21;
